timestamp,switch,port,rx_packets,tx_packets,rx_bytes,tx_bytes,sample,simulated_time,scenario,source_site,latency_ms,packet_loss_pct,delivered_rate_mbps,offered_load_mbps,active_flows,configured_core_bw_mbps,configured_branch_bw_mbps,configured_wan_delay_ms,configured_wan_loss_pct
2026-08-31 22:45:23.625398,s1,1:,36,2474,2784,3594617,0,Morning,baseline,matatiele,10.24,0.0,5.163124,5.0,1,100.0,100.0,1.0,0.0
2026-08-31 22:45:23.625398,s1,2:,2470,64,3598745,6386,0,Morning,baseline,matatiele,10.24,0.0,5.163124,5.0,1,100.0,100.0,1.0,0.0
2026-08-31 22:45:23.625398,s1,3:,48,54,5362,5614,0,Morning,baseline,matatiele,10.24,0.0,5.163124,5.0,1,100.0,100.0,1.0,0.0
2026-08-31 22:45:23.625398,s1,4:,48,53,5362,5544,0,Morning,baseline,matatiele,10.24,0.0,5.163124,5.0,1,100.0,100.0,1.0,0.0
2026-08-31 22:45:23.625398,s1,5:,48,53,5362,5544,0,Morning,baseline,matatiele,10.24,0.0,5.163124,5.0,1,100.0,100.0,1.0,0.0
2026-08-31 22:45:23.625398,s1,LOCAL:,0,0,0,0,0,Morning,baseline,matatiele,10.24,0.0,5.163124,5.0,1,100.0,100.0,1.0,0.0
2026-08-31 22:45:23.625398,s2,1:,2451,66,3598445,6566,0,Morning,baseline,matatiele,10.24,0.0,5.163124,5.0,1,100.0,100.0,1.0,0.0
2026-08-31 22:45:23.625398,s2,2:,64,2470,6386,3598745,0,Morning,baseline,matatiele,10.24,0.0,5.163124,5.0,1,100.0,100.0,1.0,0.0
2026-08-31 22:45:23.625398,s2,LOCAL:,0,0,0,0,0,Morning,baseline,matatiele,10.24,0.0,5.163124,5.0,1,100.0,100.0,1.0,0.0
2026-08-31 22:45:23.625398,s3,1:,25,54,1906,5634,0,Morning,baseline,matatiele,10.24,0.0,5.163124,5.0,1,100.0,100.0,1.0,0.0
2026-08-31 22:45:23.625398,s3,2:,54,48,5614,5362,0,Morning,baseline,matatiele,10.24,0.0,5.163124,5.0,1,100.0,100.0,1.0,0.0
2026-08-31 22:45:23.625398,s3,LOCAL:,0,0,0,0,0,Morning,baseline,matatiele,10.24,0.0,5.163124,5.0,1,100.0,100.0,1.0,0.0
2026-08-31 22:45:23.625398,s4,1:,24,54,1836,5634,0,Morning,baseline,matatiele,10.24,0.0,5.163124,5.0,1,100.0,100.0,1.0,0.0
2026-08-31 22:45:23.625398,s4,2:,53,48,5544,5362,0,Morning,baseline,matatiele,10.24,0.0,5.163124,5.0,1,100.0,100.0,1.0,0.0
2026-08-31 22:45:23.625398,s4,LOCAL:,0,0,0,0,0,Morning,baseline,matatiele,10.24,0.0,5.163124,5.0,1,100.0,100.0,1.0,0.0
2026-08-31 22:45:23.625398,s5,1:,25,55,1926,5704,0,Morning,baseline,matatiele,10.24,0.0,5.163124,5.0,1,100.0,100.0,1.0,0.0
2026-08-31 22:45:23.625398,s5,2:,53,48,5544,5362,0,Morning,baseline,matatiele,10.24,0.0,5.163124,5.0,1,100.0,100.0,1.0,0.0
2026-08-31 22:45:23.625398,s5,LOCAL:,0,0,0,0,0,Morning,baseline,matatiele,10.24,0.0,5.163124,5.0,1,100.0,100.0,1.0,0.0
2026-08-31 22:45:24.554318,s1,1:,36,2474,2784,3594617,1,Morning,baseline,umzimvubu,10.638,0.0,5.158601,5.0,1,100.0,100.0,1.0,0.0
2026-08-31 22:45:24.554318,s1,2:,2470,64,3598745,6386,1,Morning,baseline,umzimvubu,10.638,0.0,5.158601,5.0,1,100.0,100.0,1.0,0.0
2026-08-31 22:45:24.554318,s1,3:,48,54,5362,5614,1,Morning,baseline,umzimvubu,10.638,0.0,5.158601,5.0,1,100.0,100.0,1.0,0.0
2026-08-31 22:45:24.554318,s1,4:,48,53,5362,5544,1,Morning,baseline,umzimvubu,10.638,0.0,5.158601,5.0,1,100.0,100.0,1.0,0.0
2026-08-31 22:45:24.554318,s1,5:,48,53,5362,5544,1,Morning,baseline,umzimvubu,10.638,0.0,5.158601,5.0,1,100.0,100.0,1.0,0.0
2026-08-31 22:45:24.554318,s1,LOCAL:,0,0,0,0,1,Morning,baseline,umzimvubu,10.638,0.0,5.158601,5.0,1,100.0,100.0,1.0,0.0
2026-08-31 22:45:24.554318,s2,1:,2451,66,3598445,6566,1,Morning,baseline,umzimvubu,10.638,0.0,5.158601,5.0,1,100.0,100.0,1.0,0.0
2026-08-31 22:45:24.554318,s2,2:,64,2470,6386,3598745,1,Morning,baseline,umzimvubu,10.638,0.0,5.158601,5.0,1,100.0,100.0,1.0,0.0
2026-08-31 22:45:24.554318,s2,LOCAL:,0,0,0,0,1,Morning,baseline,umzimvubu,10.638,0.0,5.158601,5.0,1,100.0,100.0,1.0,0.0
2026-08-31 22:45:24.554318,s3,1:,25,54,1906,5634,1,Morning,baseline,umzimvubu,10.638,0.0,5.158601,5.0,1,100.0,100.0,1.0,0.0
2026-08-31 22:45:24.554318,s3,2:,54,48,5614,5362,1,Morning,baseline,umzimvubu,10.638,0.0,5.158601,5.0,1,100.0,100.0,1.0,0.0
2026-08-31 22:45:24.554318,s3,LOCAL:,0,0,0,0,1,Morning,baseline,umzimvubu,10.638,0.0,5.158601,5.0,1,100.0,100.0,1.0,0.0
2026-08-31 22:45:24.554318,s4,1:,24,54,1836,5634,1,Morning,baseline,umzimvubu,10.638,0.0,5.158601,5.0,1,100.0,100.0,1.0,0.0
2026-08-31 22:45:24.554318,s4,2:,53,48,5544,5362,1,Morning,baseline,umzimvubu,10.638,0.0,5.158601,5.0,1,100.0,100.0,1.0,0.0
2026-08-31 22:45:24.554318,s4,LOCAL:,0,0,0,0,1,Morning,baseline,umzimvubu,10.638,0.0,5.158601,5.0,1,100.0,100.0,1.0,0.0
2026-08-31 22:45:24.554318,s5,1:,25,55,1926,5704,1,Morning,baseline,umzimvubu,10.638,0.0,5.158601,5.0,1,100.0,100.0,1.0,0.0
2026-08-31 22:45:24.554318,s5,2:,53,48,5544,5362,1,Morning,baseline,umzimvubu,10.638,0.0,5.158601,5.0,1,100.0,100.0,1.0,0.0
2026-08-31 22:45:24.554318,s5,LOCAL:,0,0,0,0,1,Morning,baseline,umzimvubu,10.638,0.0,5.158601,5.0,1,100.0,100.0,1.0,0.0
2026-08-31 22:45:25.522867,s1,1:,36,2474,2784,3594617,2,Morning,baseline,ntabankulu,14.353,0.0,5.122113,5.0,1,100.0,100.0,1.0,0.0
2026-08-31 22:45:25.522867,s1,2:,2470,64,3598745,6386,2,Morning,baseline,ntabankulu,14.353,0.0,5.122113,5.0,1,100.0,100.0,1.0,0.0
2026-08-31 22:45:25.522867,s1,3:,48,54,5362,5614,2,Morning,baseline,ntabankulu,14.353,0.0,5.122113,5.0,1,100.0,100.0,1.0,0.0
2026-08-31 22:45:25.522867,s1,4:,48,53,5362,5544,2,Morning,baseline,ntabankulu,14.353,0.0,5.122113,5.0,1,100.0,100.0,1.0,0.0
2026-08-31 22:45:25.522867,s1,5:,48,53,5362,5544,2,Morning,baseline,ntabankulu,14.353,0.0,5.122113,5.0,1,100.0,100.0,1.0,0.0
2026-08-31 22:45:25.522867,s1,LOCAL:,0,0,0,0,2,Morning,baseline,ntabankulu,14.353,0.0,5.122113,5.0,1,100.0,100.0,1.0,0.0
2026-08-31 22:45:25.522867,s2,1:,2451,66,3598445,6566,2,Morning,baseline,ntabankulu,14.353,0.0,5.122113,5.0,1,100.0,100.0,1.0,0.0
2026-08-31 22:45:25.522867,s2,2:,64,2470,6386,3598745,2,Morning,baseline,ntabankulu,14.353,0.0,5.122113,5.0,1,100.0,100.0,1.0,0.0
2026-08-31 22:45:25.522867,s2,LOCAL:,0,0,0,0,2,Morning,baseline,ntabankulu,14.353,0.0,5.122113,5.0,1,100.0,100.0,1.0,0.0
2026-08-31 22:45:25.522867,s3,1:,25,54,1906,5634,2,Morning,baseline,ntabankulu,14.353,0.0,5.122113,5.0,1,100.0,100.0,1.0,0.0
2026-08-31 22:45:25.522867,s3,2:,54,48,5614,5362,2,Morning,baseline,ntabankulu,14.353,0.0,5.122113,5.0,1,100.0,100.0,1.0,0.0
2026-08-31 22:45:25.522867,s3,LOCAL:,0,0,0,0,2,Morning,baseline,ntabankulu,14.353,0.0,5.122113,5.0,1,100.0,100.0,1.0,0.0
2026-08-31 22:45:25.522867,s4,1:,24,54,1836,5634,2,Morning,baseline,ntabankulu,14.353,0.0,5.122113,5.0,1,100.0,100.0,1.0,0.0
2026-08-31 22:45:25.522867,s4,2:,53,48,5544,5362,2,Morning,baseline,ntabankulu,14.353,0.0,5.122113,5.0,1,100.0,100.0,1.0,0.0
2026-08-31 22:45:25.522867,s4,LOCAL:,0,0,0,0,2,Morning,baseline,ntabankulu,14.353,0.0,5.122113,5.0,1,100.0,100.0,1.0,0.0
2026-08-31 22:45:25.522867,s5,1:,25,55,1926,5704,2,Morning,baseline,ntabankulu,14.353,0.0,5.122113,5.0,1,100.0,100.0,1.0,0.0
2026-08-31 22:45:25.522867,s5,2:,53,48,5544,5362,2,Morning,baseline,ntabankulu,14.353,0.0,5.122113,5.0,1,100.0,100.0,1.0,0.0
2026-08-31 22:45:25.522867,s5,LOCAL:,0,0,0,0,2,Morning,baseline,ntabankulu,14.353,0.0,5.122113,5.0,1,100.0,100.0,1.0,0.0
2026-08-31 22:45:26.534503,s1,1:,36,2474,2784,3594617,3,Morning,baseline,winnie,23.448,0.0,5.182349,5.0,1,100.0,100.0,1.0,0.0
2026-08-31 22:45:26.534503,s1,2:,2470,64,3598745,6386,3,Morning,baseline,winnie,23.448,0.0,5.182349,5.0,1,100.0,100.0,1.0,0.0
2026-08-31 22:45:26.534503,s1,3:,48,54,5362,5614,3,Morning,baseline,winnie,23.448,0.0,5.182349,5.0,1,100.0,100.0,1.0,0.0
2026-08-31 22:45:26.534503,s1,4:,48,53,5362,5544,3,Morning,baseline,winnie,23.448,0.0,5.182349,5.0,1,100.0,100.0,1.0,0.0
2026-08-31 22:45:26.534503,s1,5:,48,53,5362,5544,3,Morning,baseline,winnie,23.448,0.0,5.182349,5.0,1,100.0,100.0,1.0,0.0
2026-08-31 22:45:26.534503,s1,LOCAL:,0,0,0,0,3,Morning,baseline,winnie,23.448,0.0,5.182349,5.0,1,100.0,100.0,1.0,0.0
2026-08-31 22:45:26.534503,s2,1:,2451,66,3598445,6566,3,Morning,baseline,winnie,23.448,0.0,5.182349,5.0,1,100.0,100.0,1.0,0.0
2026-08-31 22:45:26.534503,s2,2:,64,2470,6386,3598745,3,Morning,baseline,winnie,23.448,0.0,5.182349,5.0,1,100.0,100.0,1.0,0.0
2026-08-31 22:45:26.534503,s2,LOCAL:,0,0,0,0,3,Morning,baseline,winnie,23.448,0.0,5.182349,5.0,1,100.0,100.0,1.0,0.0
2026-08-31 22:45:26.534503,s3,1:,25,54,1906,5634,3,Morning,baseline,winnie,23.448,0.0,5.182349,5.0,1,100.0,100.0,1.0,0.0
2026-08-31 22:45:26.534503,s3,2:,54,48,5614,5362,3,Morning,baseline,winnie,23.448,0.0,5.182349,5.0,1,100.0,100.0,1.0,0.0
2026-08-31 22:45:26.534503,s3,LOCAL:,0,0,0,0,3,Morning,baseline,winnie,23.448,0.0,5.182349,5.0,1,100.0,100.0,1.0,0.0
2026-08-31 22:45:26.534503,s4,1:,24,54,1836,5634,3,Morning,baseline,winnie,23.448,0.0,5.182349,5.0,1,100.0,100.0,1.0,0.0
2026-08-31 22:45:26.534503,s4,2:,53,48,5544,5362,3,Morning,baseline,winnie,23.448,0.0,5.182349,5.0,1,100.0,100.0,1.0,0.0
2026-08-31 22:45:26.534503,s4,LOCAL:,0,0,0,0,3,Morning,baseline,winnie,23.448,0.0,5.182349,5.0,1,100.0,100.0,1.0,0.0
2026-08-31 22:45:26.534503,s5,1:,25,55,1926,5704,3,Morning,baseline,winnie,23.448,0.0,5.182349,5.0,1,100.0,100.0,1.0,0.0
2026-08-31 22:45:26.534503,s5,2:,53,48,5544,5362,3,Morning,baseline,winnie,23.448,0.0,5.182349,5.0,1,100.0,100.0,1.0,0.0
2026-08-31 22:45:26.534503,s5,LOCAL:,0,0,0,0,3,Morning,baseline,winnie,23.448,0.0,5.182349,5.0,1,100.0,100.0,1.0,0.0
2026-08-31 22:45:27.538051,s1,1:,36,2474,2784,3594617,4,Morning,baseline,matatiele,9.162,0.0,5.14808,5.0,1,100.0,100.0,1.0,0.0
2026-08-31 22:45:27.538051,s1,2:,2470,64,3598745,6386,4,Morning,baseline,matatiele,9.162,0.0,5.14808,5.0,1,100.0,100.0,1.0,0.0
2026-08-31 22:45:27.538051,s1,3:,48,54,5362,5614,4,Morning,baseline,matatiele,9.162,0.0,5.14808,5.0,1,100.0,100.0,1.0,0.0
2026-08-31 22:45:27.538051,s1,4:,48,53,5362,5544,4,Morning,baseline,matatiele,9.162,0.0,5.14808,5.0,1,100.0,100.0,1.0,0.0
2026-08-31 22:45:27.538051,s1,5:,48,53,5362,5544,4,Morning,baseline,matatiele,9.162,0.0,5.14808,5.0,1,100.0,100.0,1.0,0.0
2026-08-31 22:45:27.538051,s1,LOCAL:,0,0,0,0,4,Morning,baseline,matatiele,9.162,0.0,5.14808,5.0,1,100.0,100.0,1.0,0.0
2026-08-31 22:45:27.538051,s2,1:,2451,66,3598445,6566,4,Morning,baseline,matatiele,9.162,0.0,5.14808,5.0,1,100.0,100.0,1.0,0.0
2026-08-31 22:45:27.538051,s2,2:,64,2470,6386,3598745,4,Morning,baseline,matatiele,9.162,0.0,5.14808,5.0,1,100.0,100.0,1.0,0.0
2026-08-31 22:45:27.538051,s2,LOCAL:,0,0,0,0,4,Morning,baseline,matatiele,9.162,0.0,5.14808,5.0,1,100.0,100.0,1.0,0.0
2026-08-31 22:45:27.538051,s3,1:,25,54,1906,5634,4,Morning,baseline,matatiele,9.162,0.0,5.14808,5.0,1,100.0,100.0,1.0,0.0
2026-08-31 22:45:27.538051,s3,2:,54,48,5614,5362,4,Morning,baseline,matatiele,9.162,0.0,5.14808,5.0,1,100.0,100.0,1.0,0.0
2026-08-31 22:45:27.538051,s3,LOCAL:,0,0,0,0,4,Morning,baseline,matatiele,9.162,0.0,5.14808,5.0,1,100.0,100.0,1.0,0.0
2026-08-31 22:45:27.538051,s4,1:,24,54,1836,5634,4,Morning,baseline,matatiele,9.162,0.0,5.14808,5.0,1,100.0,100.0,1.0,0.0
2026-08-31 22:45:27.538051,s4,2:,53,48,5544,5362,4,Morning,baseline,matatiele,9.162,0.0,5.14808,5.0,1,100.0,100.0,1.0,0.0
2026-08-31 22:45:27.538051,s4,LOCAL:,0,0,0,0,4,Morning,baseline,matatiele,9.162,0.0,5.14808,5.0,1,100.0,100.0,1.0,0.0
2026-08-31 22:45:27.538051,s5,1:,25,55,1926,5704,4,Morning,baseline,matatiele,9.162,0.0,5.14808,5.0,1,100.0,100.0,1.0,0.0
2026-08-31 22:45:27.538051,s5,2:,53,48,5544,5362,4,Morning,baseline,matatiele,9.162,0.0,5.14808,5.0,1,100.0,100.0,1.0,0.0
2026-08-31 22:45:27.538051,s5,LOCAL:,0,0,0,0,4,Morning,baseline,matatiele,9.162,0.0,5.14808,5.0,1,100.0,100.0,1.0,0.0
2026-08-31 22:45:28.525042,s1,1:,52,4657,4324,6822322,5,Morning,baseline,umzimvubu,13.124,0.0,5.135271,5.0,1,100.0,100.0,1.0,0.0
2026-08-31 22:45:28.525042,s1,2:,4638,70,6820804,7065,5,Morning,baseline,umzimvubu,13.124,0.0,5.135271,5.0,1,100.0,100.0,1.0,0.0
2026-08-31 22:45:28.525042,s1,3:,57,63,6335,6587,5,Morning,baseline,umzimvubu,13.124,0.0,5.135271,5.0,1,100.0,100.0,1.0,0.0
2026-08-31 22:45:28.525042,s1,4:,54,60,6041,6293,5,Morning,baseline,umzimvubu,13.124,0.0,5.135271,5.0,1,100.0,100.0,1.0,0.0
2026-08-31 22:45:28.525042,s1,5:,54,60,6041,6293,5,Morning,baseline,umzimvubu,13.124,0.0,5.135271,5.0,1,100.0,100.0,1.0,0.0
2026-08-31 22:45:28.525042,s1,LOCAL:,0,0,0,0,5,Morning,baseline,umzimvubu,13.124,0.0,5.135271,5.0,1,100.0,100.0,1.0,0.0
2026-08-31 22:45:28.525042,s2,1:,4615,72,6818629,7245,5,Morning,baseline,umzimvubu,13.124,0.0,5.135271,5.0,1,100.0,100.0,1.0,0.0
2026-08-31 22:45:28.525042,s2,2:,70,4638,7065,6820804,5,Morning,baseline,umzimvubu,13.124,0.0,5.135271,5.0,1,100.0,100.0,1.0,0.0
2026-08-31 22:45:28.525042,s2,LOCAL:,0,0,0,0,5,Morning,baseline,umzimvubu,13.124,0.0,5.135271,5.0,1,100.0,100.0,1.0,0.0
2026-08-31 22:45:28.525042,s3,1:,31,64,2494,6677,5,Morning,baseline,umzimvubu,13.124,0.0,5.135271,5.0,1,100.0,100.0,1.0,0.0
2026-08-31 22:45:28.525042,s3,2:,63,57,6587,6335,5,Morning,baseline,umzimvubu,13.124,0.0,5.135271,5.0,1,100.0,100.0,1.0,0.0
2026-08-31 22:45:28.525042,s3,LOCAL:,0,0,0,0,5,Morning,baseline,umzimvubu,13.124,0.0,5.135271,5.0,1,100.0,100.0,1.0,0.0
2026-08-31 22:45:28.525042,s4,1:,28,60,2200,6313,5,Morning,baseline,umzimvubu,13.124,0.0,5.135271,5.0,1,100.0,100.0,1.0,0.0
2026-08-31 22:45:28.525042,s4,2:,60,54,6293,6041,5,Morning,baseline,umzimvubu,13.124,0.0,5.135271,5.0,1,100.0,100.0,1.0,0.0
2026-08-31 22:45:28.525042,s4,LOCAL:,0,0,0,0,5,Morning,baseline,umzimvubu,13.124,0.0,5.135271,5.0,1,100.0,100.0,1.0,0.0
2026-08-31 22:45:28.525042,s5,1:,29,61,2290,6383,5,Morning,baseline,umzimvubu,13.124,0.0,5.135271,5.0,1,100.0,100.0,1.0,0.0
2026-08-31 22:45:28.525042,s5,2:,60,54,6293,6041,5,Morning,baseline,umzimvubu,13.124,0.0,5.135271,5.0,1,100.0,100.0,1.0,0.0
2026-08-31 22:45:28.525042,s5,LOCAL:,0,0,0,0,5,Morning,baseline,umzimvubu,13.124,0.0,5.135271,5.0,1,100.0,100.0,1.0,0.0
2026-08-31 22:45:29.545198,s1,1:,52,4657,4324,6822322,6,Morning,baseline,ntabankulu,12.501,0.0,5.030939,5.0,1,100.0,100.0,1.0,0.0
2026-08-31 22:45:29.545198,s1,2:,4638,70,6820804,7065,6,Morning,baseline,ntabankulu,12.501,0.0,5.030939,5.0,1,100.0,100.0,1.0,0.0
2026-08-31 22:45:29.545198,s1,3:,57,63,6335,6587,6,Morning,baseline,ntabankulu,12.501,0.0,5.030939,5.0,1,100.0,100.0,1.0,0.0
2026-08-31 22:45:29.545198,s1,4:,54,60,6041,6293,6,Morning,baseline,ntabankulu,12.501,0.0,5.030939,5.0,1,100.0,100.0,1.0,0.0
2026-08-31 22:45:29.545198,s1,5:,54,60,6041,6293,6,Morning,baseline,ntabankulu,12.501,0.0,5.030939,5.0,1,100.0,100.0,1.0,0.0
2026-08-31 22:45:29.545198,s1,LOCAL:,0,0,0,0,6,Morning,baseline,ntabankulu,12.501,0.0,5.030939,5.0,1,100.0,100.0,1.0,0.0
2026-08-31 22:45:29.545198,s2,1:,4615,72,6818629,7245,6,Morning,baseline,ntabankulu,12.501,0.0,5.030939,5.0,1,100.0,100.0,1.0,0.0
2026-08-31 22:45:29.545198,s2,2:,70,4638,7065,6820804,6,Morning,baseline,ntabankulu,12.501,0.0,5.030939,5.0,1,100.0,100.0,1.0,0.0
2026-08-31 22:45:29.545198,s2,LOCAL:,0,0,0,0,6,Morning,baseline,ntabankulu,12.501,0.0,5.030939,5.0,1,100.0,100.0,1.0,0.0
2026-08-31 22:45:29.545198,s3,1:,31,64,2494,6677,6,Morning,baseline,ntabankulu,12.501,0.0,5.030939,5.0,1,100.0,100.0,1.0,0.0
2026-08-31 22:45:29.545198,s3,2:,63,57,6587,6335,6,Morning,baseline,ntabankulu,12.501,0.0,5.030939,5.0,1,100.0,100.0,1.0,0.0
2026-08-31 22:45:29.545198,s3,LOCAL:,0,0,0,0,6,Morning,baseline,ntabankulu,12.501,0.0,5.030939,5.0,1,100.0,100.0,1.0,0.0
2026-08-31 22:45:29.545198,s4,1:,28,60,2200,6313,6,Morning,baseline,ntabankulu,12.501,0.0,5.030939,5.0,1,100.0,100.0,1.0,0.0
2026-08-31 22:45:29.545198,s4,2:,60,54,6293,6041,6,Morning,baseline,ntabankulu,12.501,0.0,5.030939,5.0,1,100.0,100.0,1.0,0.0
2026-08-31 22:45:29.545198,s4,LOCAL:,0,0,0,0,6,Morning,baseline,ntabankulu,12.501,0.0,5.030939,5.0,1,100.0,100.0,1.0,0.0
2026-08-31 22:45:29.545198,s5,1:,29,61,2290,6383,6,Morning,baseline,ntabankulu,12.501,0.0,5.030939,5.0,1,100.0,100.0,1.0,0.0
2026-08-31 22:45:29.545198,s5,2:,60,54,6293,6041,6,Morning,baseline,ntabankulu,12.501,0.0,5.030939,5.0,1,100.0,100.0,1.0,0.0
2026-08-31 22:45:29.545198,s5,LOCAL:,0,0,0,0,6,Morning,baseline,ntabankulu,12.501,0.0,5.030939,5.0,1,100.0,100.0,1.0,0.0
2026-08-31 22:45:30.533020,s1,1:,52,4657,4324,6822322,7,Morning,baseline,winnie,24.23,0.0,5.275665,5.0,1,100.0,100.0,1.0,0.0
2026-08-31 22:45:30.533020,s1,2:,4638,70,6820804,7065,7,Morning,baseline,winnie,24.23,0.0,5.275665,5.0,1,100.0,100.0,1.0,0.0
2026-08-31 22:45:30.533020,s1,3:,57,63,6335,6587,7,Morning,baseline,winnie,24.23,0.0,5.275665,5.0,1,100.0,100.0,1.0,0.0
2026-08-31 22:45:30.533020,s1,4:,54,60,6041,6293,7,Morning,baseline,winnie,24.23,0.0,5.275665,5.0,1,100.0,100.0,1.0,0.0
2026-08-31 22:45:30.533020,s1,5:,54,60,6041,6293,7,Morning,baseline,winnie,24.23,0.0,5.275665,5.0,1,100.0,100.0,1.0,0.0
2026-08-31 22:45:30.533020,s1,LOCAL:,0,0,0,0,7,Morning,baseline,winnie,24.23,0.0,5.275665,5.0,1,100.0,100.0,1.0,0.0
2026-08-31 22:45:30.533020,s2,1:,4615,72,6818629,7245,7,Morning,baseline,winnie,24.23,0.0,5.275665,5.0,1,100.0,100.0,1.0,0.0
2026-08-31 22:45:30.533020,s2,2:,70,4638,7065,6820804,7,Morning,baseline,winnie,24.23,0.0,5.275665,5.0,1,100.0,100.0,1.0,0.0
2026-08-31 22:45:30.533020,s2,LOCAL:,0,0,0,0,7,Morning,baseline,winnie,24.23,0.0,5.275665,5.0,1,100.0,100.0,1.0,0.0
2026-08-31 22:45:30.533020,s3,1:,31,64,2494,6677,7,Morning,baseline,winnie,24.23,0.0,5.275665,5.0,1,100.0,100.0,1.0,0.0
2026-08-31 22:45:30.533020,s3,2:,63,57,6587,6335,7,Morning,baseline,winnie,24.23,0.0,5.275665,5.0,1,100.0,100.0,1.0,0.0
2026-08-31 22:45:30.533020,s3,LOCAL:,0,0,0,0,7,Morning,baseline,winnie,24.23,0.0,5.275665,5.0,1,100.0,100.0,1.0,0.0
2026-08-31 22:45:30.533020,s4,1:,28,60,2200,6313,7,Morning,baseline,winnie,24.23,0.0,5.275665,5.0,1,100.0,100.0,1.0,0.0
2026-08-31 22:45:30.533020,s4,2:,60,54,6293,6041,7,Morning,baseline,winnie,24.23,0.0,5.275665,5.0,1,100.0,100.0,1.0,0.0
2026-08-31 22:45:30.533020,s4,LOCAL:,0,0,0,0,7,Morning,baseline,winnie,24.23,0.0,5.275665,5.0,1,100.0,100.0,1.0,0.0
2026-08-31 22:45:30.533020,s5,1:,29,61,2290,6383,7,Morning,baseline,winnie,24.23,0.0,5.275665,5.0,1,100.0,100.0,1.0,0.0
2026-08-31 22:45:30.533020,s5,2:,60,54,6293,6041,7,Morning,baseline,winnie,24.23,0.0,5.275665,5.0,1,100.0,100.0,1.0,0.0
2026-08-31 22:45:30.533020,s5,LOCAL:,0,0,0,0,7,Morning,baseline,winnie,24.23,0.0,5.275665,5.0,1,100.0,100.0,1.0,0.0
2026-08-31 22:45:31.529057,s1,1:,52,4657,4324,6822322,8,Morning,baseline,matatiele,15.032,0.0,5.157146,5.0,1,100.0,100.0,1.0,0.0
2026-08-31 22:45:31.529057,s1,2:,4638,70,6820804,7065,8,Morning,baseline,matatiele,15.032,0.0,5.157146,5.0,1,100.0,100.0,1.0,0.0
2026-08-31 22:45:31.529057,s1,3:,57,63,6335,6587,8,Morning,baseline,matatiele,15.032,0.0,5.157146,5.0,1,100.0,100.0,1.0,0.0
2026-08-31 22:45:31.529057,s1,4:,54,60,6041,6293,8,Morning,baseline,matatiele,15.032,0.0,5.157146,5.0,1,100.0,100.0,1.0,0.0
2026-08-31 22:45:31.529057,s1,5:,54,60,6041,6293,8,Morning,baseline,matatiele,15.032,0.0,5.157146,5.0,1,100.0,100.0,1.0,0.0
2026-08-31 22:45:31.529057,s1,LOCAL:,0,0,0,0,8,Morning,baseline,matatiele,15.032,0.0,5.157146,5.0,1,100.0,100.0,1.0,0.0
2026-08-31 22:45:31.529057,s2,1:,4615,72,6818629,7245,8,Morning,baseline,matatiele,15.032,0.0,5.157146,5.0,1,100.0,100.0,1.0,0.0
2026-08-31 22:45:31.529057,s2,2:,70,4638,7065,6820804,8,Morning,baseline,matatiele,15.032,0.0,5.157146,5.0,1,100.0,100.0,1.0,0.0
2026-08-31 22:45:31.529057,s2,LOCAL:,0,0,0,0,8,Morning,baseline,matatiele,15.032,0.0,5.157146,5.0,1,100.0,100.0,1.0,0.0
2026-08-31 22:45:31.529057,s3,1:,31,64,2494,6677,8,Morning,baseline,matatiele,15.032,0.0,5.157146,5.0,1,100.0,100.0,1.0,0.0
2026-08-31 22:45:31.529057,s3,2:,63,57,6587,6335,8,Morning,baseline,matatiele,15.032,0.0,5.157146,5.0,1,100.0,100.0,1.0,0.0
2026-08-31 22:45:31.529057,s3,LOCAL:,0,0,0,0,8,Morning,baseline,matatiele,15.032,0.0,5.157146,5.0,1,100.0,100.0,1.0,0.0
2026-08-31 22:45:31.529057,s4,1:,28,60,2200,6313,8,Morning,baseline,matatiele,15.032,0.0,5.157146,5.0,1,100.0,100.0,1.0,0.0
2026-08-31 22:45:31.529057,s4,2:,60,54,6293,6041,8,Morning,baseline,matatiele,15.032,0.0,5.157146,5.0,1,100.0,100.0,1.0,0.0
2026-08-31 22:45:31.529057,s4,LOCAL:,0,0,0,0,8,Morning,baseline,matatiele,15.032,0.0,5.157146,5.0,1,100.0,100.0,1.0,0.0
2026-08-31 22:45:31.529057,s5,1:,29,61,2290,6383,8,Morning,baseline,matatiele,15.032,0.0,5.157146,5.0,1,100.0,100.0,1.0,0.0
2026-08-31 22:45:31.529057,s5,2:,60,54,6293,6041,8,Morning,baseline,matatiele,15.032,0.0,5.157146,5.0,1,100.0,100.0,1.0,0.0
2026-08-31 22:45:31.529057,s5,LOCAL:,0,0,0,0,8,Morning,baseline,matatiele,15.032,0.0,5.157146,5.0,1,100.0,100.0,1.0,0.0
2026-08-31 22:45:32.527896,s1,1:,52,4657,4324,6822322,9,Morning,baseline,umzimvubu,16.989,0.0,5.125138,5.0,1,100.0,100.0,1.0,0.0
2026-08-31 22:45:32.527896,s1,2:,4638,70,6820804,7065,9,Morning,baseline,umzimvubu,16.989,0.0,5.125138,5.0,1,100.0,100.0,1.0,0.0
2026-08-31 22:45:32.527896,s1,3:,57,63,6335,6587,9,Morning,baseline,umzimvubu,16.989,0.0,5.125138,5.0,1,100.0,100.0,1.0,0.0
2026-08-31 22:45:32.527896,s1,4:,54,60,6041,6293,9,Morning,baseline,umzimvubu,16.989,0.0,5.125138,5.0,1,100.0,100.0,1.0,0.0
2026-08-31 22:45:32.527896,s1,5:,54,60,6041,6293,9,Morning,baseline,umzimvubu,16.989,0.0,5.125138,5.0,1,100.0,100.0,1.0,0.0
2026-08-31 22:45:32.527896,s1,LOCAL:,0,0,0,0,9,Morning,baseline,umzimvubu,16.989,0.0,5.125138,5.0,1,100.0,100.0,1.0,0.0
2026-08-31 22:45:32.527896,s2,1:,4615,72,6818629,7245,9,Morning,baseline,umzimvubu,16.989,0.0,5.125138,5.0,1,100.0,100.0,1.0,0.0
2026-08-31 22:45:32.527896,s2,2:,70,4638,7065,6820804,9,Morning,baseline,umzimvubu,16.989,0.0,5.125138,5.0,1,100.0,100.0,1.0,0.0
2026-08-31 22:45:32.527896,s2,LOCAL:,0,0,0,0,9,Morning,baseline,umzimvubu,16.989,0.0,5.125138,5.0,1,100.0,100.0,1.0,0.0
2026-08-31 22:45:32.527896,s3,1:,31,64,2494,6677,9,Morning,baseline,umzimvubu,16.989,0.0,5.125138,5.0,1,100.0,100.0,1.0,0.0
2026-08-31 22:45:32.527896,s3,2:,63,57,6587,6335,9,Morning,baseline,umzimvubu,16.989,0.0,5.125138,5.0,1,100.0,100.0,1.0,0.0
2026-08-31 22:45:32.527896,s3,LOCAL:,0,0,0,0,9,Morning,baseline,umzimvubu,16.989,0.0,5.125138,5.0,1,100.0,100.0,1.0,0.0
2026-08-31 22:45:32.527896,s4,1:,28,60,2200,6313,9,Morning,baseline,umzimvubu,16.989,0.0,5.125138,5.0,1,100.0,100.0,1.0,0.0
2026-08-31 22:45:32.527896,s4,2:,60,54,6293,6041,9,Morning,baseline,umzimvubu,16.989,0.0,5.125138,5.0,1,100.0,100.0,1.0,0.0
2026-08-31 22:45:32.527896,s4,LOCAL:,0,0,0,0,9,Morning,baseline,umzimvubu,16.989,0.0,5.125138,5.0,1,100.0,100.0,1.0,0.0
2026-08-31 22:45:32.527896,s5,1:,29,61,2290,6383,9,Morning,baseline,umzimvubu,16.989,0.0,5.125138,5.0,1,100.0,100.0,1.0,0.0
2026-08-31 22:45:32.527896,s5,2:,60,54,6293,6041,9,Morning,baseline,umzimvubu,16.989,0.0,5.125138,5.0,1,100.0,100.0,1.0,0.0
2026-08-31 22:45:32.527896,s5,LOCAL:,0,0,0,0,9,Morning,baseline,umzimvubu,16.989,0.0,5.125138,5.0,1,100.0,100.0,1.0,0.0
2026-08-31 22:45:33.524285,s1,1:,67,6824,5794,10024868,10,Morning,baseline,ntabankulu,15.256,0.0,5.153781,5.0,1,100.0,100.0,1.0,0.0
2026-08-31 22:45:33.524285,s1,2:,6805,77,10040054,7915,10,Morning,baseline,ntabankulu,15.256,0.0,5.153781,5.0,1,100.0,100.0,1.0,0.0
2026-08-31 22:45:33.524285,s1,3:,64,70,7185,7437,10,Morning,baseline,ntabankulu,15.256,0.0,5.153781,5.0,1,100.0,100.0,1.0,0.0
2026-08-31 22:45:33.524285,s1,4:,64,70,7185,7437,10,Morning,baseline,ntabankulu,15.256,0.0,5.153781,5.0,1,100.0,100.0,1.0,0.0
2026-08-31 22:45:33.524285,s1,5:,61,67,6891,7143,10,Morning,baseline,ntabankulu,15.256,0.0,5.153781,5.0,1,100.0,100.0,1.0,0.0
2026-08-31 22:45:33.524285,s1,LOCAL:,0,0,0,0,10,Morning,baseline,ntabankulu,15.256,0.0,5.153781,5.0,1,100.0,100.0,1.0,0.0
2026-08-31 22:45:33.524285,s2,1:,6777,79,10035833,8095,10,Morning,baseline,ntabankulu,15.256,0.0,5.153781,5.0,1,100.0,100.0,1.0,0.0
2026-08-31 22:45:33.524285,s2,2:,77,6805,7915,10040054,10,Morning,baseline,ntabankulu,15.256,0.0,5.153781,5.0,1,100.0,100.0,1.0,0.0
2026-08-31 22:45:33.524285,s2,LOCAL:,0,0,0,0,10,Morning,baseline,ntabankulu,15.256,0.0,5.153781,5.0,1,100.0,100.0,1.0,0.0
2026-08-31 22:45:33.524285,s3,1:,34,71,2788,7527,10,Morning,baseline,ntabankulu,15.256,0.0,5.153781,5.0,1,100.0,100.0,1.0,0.0
2026-08-31 22:45:33.524285,s3,2:,70,64,7437,7185,10,Morning,baseline,ntabankulu,15.256,0.0,5.153781,5.0,1,100.0,100.0,1.0,0.0
2026-08-31 22:45:33.524285,s3,LOCAL:,0,0,0,0,10,Morning,baseline,ntabankulu,15.256,0.0,5.153781,5.0,1,100.0,100.0,1.0,0.0
2026-08-31 22:45:33.524285,s4,1:,34,70,2788,7457,10,Morning,baseline,ntabankulu,15.256,0.0,5.153781,5.0,1,100.0,100.0,1.0,0.0
2026-08-31 22:45:33.524285,s4,2:,70,64,7437,7185,10,Morning,baseline,ntabankulu,15.256,0.0,5.153781,5.0,1,100.0,100.0,1.0,0.0
2026-08-31 22:45:33.524285,s4,LOCAL:,0,0,0,0,10,Morning,baseline,ntabankulu,15.256,0.0,5.153781,5.0,1,100.0,100.0,1.0,0.0
2026-08-31 22:45:33.524285,s5,1:,32,68,2584,7233,10,Morning,baseline,ntabankulu,15.256,0.0,5.153781,5.0,1,100.0,100.0,1.0,0.0
2026-08-31 22:45:33.524285,s5,2:,67,61,7143,6891,10,Morning,baseline,ntabankulu,15.256,0.0,5.153781,5.0,1,100.0,100.0,1.0,0.0
2026-08-31 22:45:33.524285,s5,LOCAL:,0,0,0,0,10,Morning,baseline,ntabankulu,15.256,0.0,5.153781,5.0,1,100.0,100.0,1.0,0.0
2026-08-31 22:45:34.524112,s1,1:,67,6824,5794,10024868,11,Morning,baseline,winnie,12.828,0.0,5.139223,5.0,1,100.0,100.0,1.0,0.0
2026-08-31 22:45:34.524112,s1,2:,6805,77,10040054,7915,11,Morning,baseline,winnie,12.828,0.0,5.139223,5.0,1,100.0,100.0,1.0,0.0
2026-08-31 22:45:34.524112,s1,3:,64,70,7185,7437,11,Morning,baseline,winnie,12.828,0.0,5.139223,5.0,1,100.0,100.0,1.0,0.0
2026-08-31 22:45:34.524112,s1,4:,64,70,7185,7437,11,Morning,baseline,winnie,12.828,0.0,5.139223,5.0,1,100.0,100.0,1.0,0.0
2026-08-31 22:45:34.524112,s1,5:,61,67,6891,7143,11,Morning,baseline,winnie,12.828,0.0,5.139223,5.0,1,100.0,100.0,1.0,0.0
2026-08-31 22:45:34.524112,s1,LOCAL:,0,0,0,0,11,Morning,baseline,winnie,12.828,0.0,5.139223,5.0,1,100.0,100.0,1.0,0.0
2026-08-31 22:45:34.524112,s2,1:,6777,79,10035833,8095,11,Morning,baseline,winnie,12.828,0.0,5.139223,5.0,1,100.0,100.0,1.0,0.0
2026-08-31 22:45:34.524112,s2,2:,77,6805,7915,10040054,11,Morning,baseline,winnie,12.828,0.0,5.139223,5.0,1,100.0,100.0,1.0,0.0
2026-08-31 22:45:34.524112,s2,LOCAL:,0,0,0,0,11,Morning,baseline,winnie,12.828,0.0,5.139223,5.0,1,100.0,100.0,1.0,0.0
2026-08-31 22:45:34.524112,s3,1:,34,71,2788,7527,11,Morning,baseline,winnie,12.828,0.0,5.139223,5.0,1,100.0,100.0,1.0,0.0
2026-08-31 22:45:34.524112,s3,2:,70,64,7437,7185,11,Morning,baseline,winnie,12.828,0.0,5.139223,5.0,1,100.0,100.0,1.0,0.0
2026-08-31 22:45:34.524112,s3,LOCAL:,0,0,0,0,11,Morning,baseline,winnie,12.828,0.0,5.139223,5.0,1,100.0,100.0,1.0,0.0
2026-08-31 22:45:34.524112,s4,1:,34,70,2788,7457,11,Morning,baseline,winnie,12.828,0.0,5.139223,5.0,1,100.0,100.0,1.0,0.0
2026-08-31 22:45:34.524112,s4,2:,70,64,7437,7185,11,Morning,baseline,winnie,12.828,0.0,5.139223,5.0,1,100.0,100.0,1.0,0.0
2026-08-31 22:45:34.524112,s4,LOCAL:,0,0,0,0,11,Morning,baseline,winnie,12.828,0.0,5.139223,5.0,1,100.0,100.0,1.0,0.0
2026-08-31 22:45:34.524112,s5,1:,32,68,2584,7233,11,Morning,baseline,winnie,12.828,0.0,5.139223,5.0,1,100.0,100.0,1.0,0.0
2026-08-31 22:45:34.524112,s5,2:,67,61,7143,6891,11,Morning,baseline,winnie,12.828,0.0,5.139223,5.0,1,100.0,100.0,1.0,0.0
2026-08-31 22:45:34.524112,s5,LOCAL:,0,0,0,0,11,Morning,baseline,winnie,12.828,0.0,5.139223,5.0,1,100.0,100.0,1.0,0.0
2026-08-31 22:45:35.524390,s1,1:,67,6824,5794,10024868,12,Morning,baseline,matatiele,10.893,0.0,5.156915,5.0,1,100.0,100.0,1.0,0.0
2026-08-31 22:45:35.524390,s1,2:,6805,77,10040054,7915,12,Morning,baseline,matatiele,10.893,0.0,5.156915,5.0,1,100.0,100.0,1.0,0.0
2026-08-31 22:45:35.524390,s1,3:,64,70,7185,7437,12,Morning,baseline,matatiele,10.893,0.0,5.156915,5.0,1,100.0,100.0,1.0,0.0
2026-08-31 22:45:35.524390,s1,4:,64,70,7185,7437,12,Morning,baseline,matatiele,10.893,0.0,5.156915,5.0,1,100.0,100.0,1.0,0.0
2026-08-31 22:45:35.524390,s1,5:,61,67,6891,7143,12,Morning,baseline,matatiele,10.893,0.0,5.156915,5.0,1,100.0,100.0,1.0,0.0
2026-08-31 22:45:35.524390,s1,LOCAL:,0,0,0,0,12,Morning,baseline,matatiele,10.893,0.0,5.156915,5.0,1,100.0,100.0,1.0,0.0
2026-08-31 22:45:35.524390,s2,1:,6777,79,10035833,8095,12,Morning,baseline,matatiele,10.893,0.0,5.156915,5.0,1,100.0,100.0,1.0,0.0
2026-08-31 22:45:35.524390,s2,2:,77,6805,7915,10040054,12,Morning,baseline,matatiele,10.893,0.0,5.156915,5.0,1,100.0,100.0,1.0,0.0
2026-08-31 22:45:35.524390,s2,LOCAL:,0,0,0,0,12,Morning,baseline,matatiele,10.893,0.0,5.156915,5.0,1,100.0,100.0,1.0,0.0
2026-08-31 22:45:35.524390,s3,1:,34,71,2788,7527,12,Morning,baseline,matatiele,10.893,0.0,5.156915,5.0,1,100.0,100.0,1.0,0.0
2026-08-31 22:45:35.524390,s3,2:,70,64,7437,7185,12,Morning,baseline,matatiele,10.893,0.0,5.156915,5.0,1,100.0,100.0,1.0,0.0
2026-08-31 22:45:35.524390,s3,LOCAL:,0,0,0,0,12,Morning,baseline,matatiele,10.893,0.0,5.156915,5.0,1,100.0,100.0,1.0,0.0
2026-08-31 22:45:35.524390,s4,1:,34,70,2788,7457,12,Morning,baseline,matatiele,10.893,0.0,5.156915,5.0,1,100.0,100.0,1.0,0.0
2026-08-31 22:45:35.524390,s4,2:,70,64,7437,7185,12,Morning,baseline,matatiele,10.893,0.0,5.156915,5.0,1,100.0,100.0,1.0,0.0
2026-08-31 22:45:35.524390,s4,LOCAL:,0,0,0,0,12,Morning,baseline,matatiele,10.893,0.0,5.156915,5.0,1,100.0,100.0,1.0,0.0
2026-08-31 22:45:35.524390,s5,1:,32,68,2584,7233,12,Morning,baseline,matatiele,10.893,0.0,5.156915,5.0,1,100.0,100.0,1.0,0.0
2026-08-31 22:45:35.524390,s5,2:,67,61,7143,6891,12,Morning,baseline,matatiele,10.893,0.0,5.156915,5.0,1,100.0,100.0,1.0,0.0
2026-08-31 22:45:35.524390,s5,LOCAL:,0,0,0,0,12,Morning,baseline,matatiele,10.893,0.0,5.156915,5.0,1,100.0,100.0,1.0,0.0
2026-08-31 22:45:36.547656,s1,1:,67,6824,5794,10024868,13,Morning,baseline,umzimvubu,10.498,0.0,5.004315,5.0,1,100.0,100.0,1.0,0.0
2026-08-31 22:45:36.547656,s1,2:,6805,77,10040054,7915,13,Morning,baseline,umzimvubu,10.498,0.0,5.004315,5.0,1,100.0,100.0,1.0,0.0
2026-08-31 22:45:36.547656,s1,3:,64,70,7185,7437,13,Morning,baseline,umzimvubu,10.498,0.0,5.004315,5.0,1,100.0,100.0,1.0,0.0
2026-08-31 22:45:36.547656,s1,4:,64,70,7185,7437,13,Morning,baseline,umzimvubu,10.498,0.0,5.004315,5.0,1,100.0,100.0,1.0,0.0
2026-08-31 22:45:36.547656,s1,5:,61,67,6891,7143,13,Morning,baseline,umzimvubu,10.498,0.0,5.004315,5.0,1,100.0,100.0,1.0,0.0
2026-08-31 22:45:36.547656,s1,LOCAL:,0,0,0,0,13,Morning,baseline,umzimvubu,10.498,0.0,5.004315,5.0,1,100.0,100.0,1.0,0.0
2026-08-31 22:45:36.547656,s2,1:,6777,79,10035833,8095,13,Morning,baseline,umzimvubu,10.498,0.0,5.004315,5.0,1,100.0,100.0,1.0,0.0
2026-08-31 22:45:36.547656,s2,2:,77,6805,7915,10040054,13,Morning,baseline,umzimvubu,10.498,0.0,5.004315,5.0,1,100.0,100.0,1.0,0.0
2026-08-31 22:45:36.547656,s2,LOCAL:,0,0,0,0,13,Morning,baseline,umzimvubu,10.498,0.0,5.004315,5.0,1,100.0,100.0,1.0,0.0
2026-08-31 22:45:36.547656,s3,1:,34,71,2788,7527,13,Morning,baseline,umzimvubu,10.498,0.0,5.004315,5.0,1,100.0,100.0,1.0,0.0
2026-08-31 22:45:36.547656,s3,2:,70,64,7437,7185,13,Morning,baseline,umzimvubu,10.498,0.0,5.004315,5.0,1,100.0,100.0,1.0,0.0
2026-08-31 22:45:36.547656,s3,LOCAL:,0,0,0,0,13,Morning,baseline,umzimvubu,10.498,0.0,5.004315,5.0,1,100.0,100.0,1.0,0.0
2026-08-31 22:45:36.547656,s4,1:,34,70,2788,7457,13,Morning,baseline,umzimvubu,10.498,0.0,5.004315,5.0,1,100.0,100.0,1.0,0.0
2026-08-31 22:45:36.547656,s4,2:,70,64,7437,7185,13,Morning,baseline,umzimvubu,10.498,0.0,5.004315,5.0,1,100.0,100.0,1.0,0.0
2026-08-31 22:45:36.547656,s4,LOCAL:,0,0,0,0,13,Morning,baseline,umzimvubu,10.498,0.0,5.004315,5.0,1,100.0,100.0,1.0,0.0
2026-08-31 22:45:36.547656,s5,1:,32,68,2584,7233,13,Morning,baseline,umzimvubu,10.498,0.0,5.004315,5.0,1,100.0,100.0,1.0,0.0
2026-08-31 22:45:36.547656,s5,2:,67,61,7143,6891,13,Morning,baseline,umzimvubu,10.498,0.0,5.004315,5.0,1,100.0,100.0,1.0,0.0
2026-08-31 22:45:36.547656,s5,LOCAL:,0,0,0,0,13,Morning,baseline,umzimvubu,10.498,0.0,5.004315,5.0,1,100.0,100.0,1.0,0.0
2026-08-31 22:45:37.545220,s1,1:,67,6824,5794,10024868,14,Morning,baseline,ntabankulu,12.265,0.0,5.295377,5.0,1,100.0,100.0,1.0,0.0
2026-08-31 22:45:37.545220,s1,2:,6805,77,10040054,7915,14,Morning,baseline,ntabankulu,12.265,0.0,5.295377,5.0,1,100.0,100.0,1.0,0.0
2026-08-31 22:45:37.545220,s1,3:,64,70,7185,7437,14,Morning,baseline,ntabankulu,12.265,0.0,5.295377,5.0,1,100.0,100.0,1.0,0.0
2026-08-31 22:45:37.545220,s1,4:,64,70,7185,7437,14,Morning,baseline,ntabankulu,12.265,0.0,5.295377,5.0,1,100.0,100.0,1.0,0.0
2026-08-31 22:45:37.545220,s1,5:,61,67,6891,7143,14,Morning,baseline,ntabankulu,12.265,0.0,5.295377,5.0,1,100.0,100.0,1.0,0.0
2026-08-31 22:45:37.545220,s1,LOCAL:,0,0,0,0,14,Morning,baseline,ntabankulu,12.265,0.0,5.295377,5.0,1,100.0,100.0,1.0,0.0
2026-08-31 22:45:37.545220,s2,1:,6777,79,10035833,8095,14,Morning,baseline,ntabankulu,12.265,0.0,5.295377,5.0,1,100.0,100.0,1.0,0.0
2026-08-31 22:45:37.545220,s2,2:,77,6805,7915,10040054,14,Morning,baseline,ntabankulu,12.265,0.0,5.295377,5.0,1,100.0,100.0,1.0,0.0
2026-08-31 22:45:37.545220,s2,LOCAL:,0,0,0,0,14,Morning,baseline,ntabankulu,12.265,0.0,5.295377,5.0,1,100.0,100.0,1.0,0.0
2026-08-31 22:45:37.545220,s3,1:,34,71,2788,7527,14,Morning,baseline,ntabankulu,12.265,0.0,5.295377,5.0,1,100.0,100.0,1.0,0.0
2026-08-31 22:45:37.545220,s3,2:,70,64,7437,7185,14,Morning,baseline,ntabankulu,12.265,0.0,5.295377,5.0,1,100.0,100.0,1.0,0.0
2026-08-31 22:45:37.545220,s3,LOCAL:,0,0,0,0,14,Morning,baseline,ntabankulu,12.265,0.0,5.295377,5.0,1,100.0,100.0,1.0,0.0
2026-08-31 22:45:37.545220,s4,1:,34,70,2788,7457,14,Morning,baseline,ntabankulu,12.265,0.0,5.295377,5.0,1,100.0,100.0,1.0,0.0
2026-08-31 22:45:37.545220,s4,2:,70,64,7437,7185,14,Morning,baseline,ntabankulu,12.265,0.0,5.295377,5.0,1,100.0,100.0,1.0,0.0
2026-08-31 22:45:37.545220,s4,LOCAL:,0,0,0,0,14,Morning,baseline,ntabankulu,12.265,0.0,5.295377,5.0,1,100.0,100.0,1.0,0.0
2026-08-31 22:45:37.545220,s5,1:,32,68,2584,7233,14,Morning,baseline,ntabankulu,12.265,0.0,5.295377,5.0,1,100.0,100.0,1.0,0.0
2026-08-31 22:45:37.545220,s5,2:,67,61,7143,6891,14,Morning,baseline,ntabankulu,12.265,0.0,5.295377,5.0,1,100.0,100.0,1.0,0.0
2026-08-31 22:45:37.545220,s5,LOCAL:,0,0,0,0,14,Morning,baseline,ntabankulu,12.265,0.0,5.295377,5.0,1,100.0,100.0,1.0,0.0
2026-08-31 22:45:38.553508,s1,1:,82,9013,7264,13260194,15,Morning,baseline,winnie,10.324,0.0,5.140482,5.0,1,100.0,100.0,1.0,0.0
2026-08-31 22:45:38.553508,s1,2:,8972,85,13257884,8835,15,Morning,baseline,winnie,10.324,0.0,5.140482,5.0,1,100.0,100.0,1.0,0.0
2026-08-31 22:45:38.553508,s1,3:,72,77,8105,8287,15,Morning,baseline,winnie,10.324,0.0,5.140482,5.0,1,100.0,100.0,1.0,0.0
2026-08-31 22:45:38.553508,s1,4:,72,77,8105,8287,15,Morning,baseline,winnie,10.324,0.0,5.140482,5.0,1,100.0,100.0,1.0,0.0
2026-08-31 22:45:38.553508,s1,5:,71,77,8035,8287,15,Morning,baseline,winnie,10.324,0.0,5.140482,5.0,1,100.0,100.0,1.0,0.0
2026-08-31 22:45:38.553508,s1,LOCAL:,0,0,0,0,15,Morning,baseline,winnie,10.324,0.0,5.140482,5.0,1,100.0,100.0,1.0,0.0
2026-08-31 22:45:38.553508,s2,1:,8941,87,13254597,9015,15,Morning,baseline,winnie,10.324,0.0,5.140482,5.0,1,100.0,100.0,1.0,0.0
2026-08-31 22:45:38.553508,s2,2:,85,8972,8835,13257884,15,Morning,baseline,winnie,10.324,0.0,5.140482,5.0,1,100.0,100.0,1.0,0.0
2026-08-31 22:45:38.553508,s2,LOCAL:,0,0,0,0,15,Morning,baseline,winnie,10.324,0.0,5.140482,5.0,1,100.0,100.0,1.0,0.0
2026-08-31 22:45:38.553508,s3,1:,38,78,3152,8377,15,Morning,baseline,winnie,10.324,0.0,5.140482,5.0,1,100.0,100.0,1.0,0.0
2026-08-31 22:45:38.553508,s3,2:,77,72,8287,8105,15,Morning,baseline,winnie,10.324,0.0,5.140482,5.0,1,100.0,100.0,1.0,0.0
2026-08-31 22:45:38.553508,s3,LOCAL:,0,0,0,0,15,Morning,baseline,winnie,10.324,0.0,5.140482,5.0,1,100.0,100.0,1.0,0.0
2026-08-31 22:45:38.553508,s4,1:,37,77,3082,8307,15,Morning,baseline,winnie,10.324,0.0,5.140482,5.0,1,100.0,100.0,1.0,0.0
2026-08-31 22:45:38.553508,s4,2:,77,72,8287,8105,15,Morning,baseline,winnie,10.324,0.0,5.140482,5.0,1,100.0,100.0,1.0,0.0
2026-08-31 22:45:38.553508,s4,LOCAL:,0,0,0,0,15,Morning,baseline,winnie,10.324,0.0,5.140482,5.0,1,100.0,100.0,1.0,0.0
2026-08-31 22:45:38.553508,s5,1:,38,78,3172,8377,15,Morning,baseline,winnie,10.324,0.0,5.140482,5.0,1,100.0,100.0,1.0,0.0
2026-08-31 22:45:38.553508,s5,2:,77,71,8287,8035,15,Morning,baseline,winnie,10.324,0.0,5.140482,5.0,1,100.0,100.0,1.0,0.0
2026-08-31 22:45:38.553508,s5,LOCAL:,0,0,0,0,15,Morning,baseline,winnie,10.324,0.0,5.140482,5.0,1,100.0,100.0,1.0,0.0
2026-08-31 22:45:39.536927,s1,1:,82,9013,7264,13260194,16,Morning,baseline,matatiele,13.045,0.0,5.160825,5.0,1,100.0,100.0,1.0,0.0
2026-08-31 22:45:39.536927,s1,2:,8972,85,13257884,8835,16,Morning,baseline,matatiele,13.045,0.0,5.160825,5.0,1,100.0,100.0,1.0,0.0
2026-08-31 22:45:39.536927,s1,3:,72,77,8105,8287,16,Morning,baseline,matatiele,13.045,0.0,5.160825,5.0,1,100.0,100.0,1.0,0.0
2026-08-31 22:45:39.536927,s1,4:,72,77,8105,8287,16,Morning,baseline,matatiele,13.045,0.0,5.160825,5.0,1,100.0,100.0,1.0,0.0
2026-08-31 22:45:39.536927,s1,5:,71,77,8035,8287,16,Morning,baseline,matatiele,13.045,0.0,5.160825,5.0,1,100.0,100.0,1.0,0.0
2026-08-31 22:45:39.536927,s1,LOCAL:,0,0,0,0,16,Morning,baseline,matatiele,13.045,0.0,5.160825,5.0,1,100.0,100.0,1.0,0.0
2026-08-31 22:45:39.536927,s2,1:,8941,87,13254597,9015,16,Morning,baseline,matatiele,13.045,0.0,5.160825,5.0,1,100.0,100.0,1.0,0.0
2026-08-31 22:45:39.536927,s2,2:,85,8972,8835,13257884,16,Morning,baseline,matatiele,13.045,0.0,5.160825,5.0,1,100.0,100.0,1.0,0.0
2026-08-31 22:45:39.536927,s2,LOCAL:,0,0,0,0,16,Morning,baseline,matatiele,13.045,0.0,5.160825,5.0,1,100.0,100.0,1.0,0.0
2026-08-31 22:45:39.536927,s3,1:,38,78,3152,8377,16,Morning,baseline,matatiele,13.045,0.0,5.160825,5.0,1,100.0,100.0,1.0,0.0
2026-08-31 22:45:39.536927,s3,2:,77,72,8287,8105,16,Morning,baseline,matatiele,13.045,0.0,5.160825,5.0,1,100.0,100.0,1.0,0.0
2026-08-31 22:45:39.536927,s3,LOCAL:,0,0,0,0,16,Morning,baseline,matatiele,13.045,0.0,5.160825,5.0,1,100.0,100.0,1.0,0.0
2026-08-31 22:45:39.536927,s4,1:,37,77,3082,8307,16,Morning,baseline,matatiele,13.045,0.0,5.160825,5.0,1,100.0,100.0,1.0,0.0
2026-08-31 22:45:39.536927,s4,2:,77,72,8287,8105,16,Morning,baseline,matatiele,13.045,0.0,5.160825,5.0,1,100.0,100.0,1.0,0.0
2026-08-31 22:45:39.536927,s4,LOCAL:,0,0,0,0,16,Morning,baseline,matatiele,13.045,0.0,5.160825,5.0,1,100.0,100.0,1.0,0.0
2026-08-31 22:45:39.536927,s5,1:,38,78,3172,8377,16,Morning,baseline,matatiele,13.045,0.0,5.160825,5.0,1,100.0,100.0,1.0,0.0
2026-08-31 22:45:39.536927,s5,2:,77,71,8287,8035,16,Morning,baseline,matatiele,13.045,0.0,5.160825,5.0,1,100.0,100.0,1.0,0.0
2026-08-31 22:45:39.536927,s5,LOCAL:,0,0,0,0,16,Morning,baseline,matatiele,13.045,0.0,5.160825,5.0,1,100.0,100.0,1.0,0.0
2026-08-31 22:45:40.524234,s1,1:,82,9013,7264,13260194,17,Morning,baseline,umzimvubu,15.395,0.0,5.150326,5.0,1,100.0,100.0,1.0,0.0
2026-08-31 22:45:40.524234,s1,2:,8972,85,13257884,8835,17,Morning,baseline,umzimvubu,15.395,0.0,5.150326,5.0,1,100.0,100.0,1.0,0.0
2026-08-31 22:45:40.524234,s1,3:,72,77,8105,8287,17,Morning,baseline,umzimvubu,15.395,0.0,5.150326,5.0,1,100.0,100.0,1.0,0.0
2026-08-31 22:45:40.524234,s1,4:,72,77,8105,8287,17,Morning,baseline,umzimvubu,15.395,0.0,5.150326,5.0,1,100.0,100.0,1.0,0.0
2026-08-31 22:45:40.524234,s1,5:,71,77,8035,8287,17,Morning,baseline,umzimvubu,15.395,0.0,5.150326,5.0,1,100.0,100.0,1.0,0.0
2026-08-31 22:45:40.524234,s1,LOCAL:,0,0,0,0,17,Morning,baseline,umzimvubu,15.395,0.0,5.150326,5.0,1,100.0,100.0,1.0,0.0
2026-08-31 22:45:40.524234,s2,1:,8941,87,13254597,9015,17,Morning,baseline,umzimvubu,15.395,0.0,5.150326,5.0,1,100.0,100.0,1.0,0.0
2026-08-31 22:45:40.524234,s2,2:,85,8972,8835,13257884,17,Morning,baseline,umzimvubu,15.395,0.0,5.150326,5.0,1,100.0,100.0,1.0,0.0
2026-08-31 22:45:40.524234,s2,LOCAL:,0,0,0,0,17,Morning,baseline,umzimvubu,15.395,0.0,5.150326,5.0,1,100.0,100.0,1.0,0.0
2026-08-31 22:45:40.524234,s3,1:,38,78,3152,8377,17,Morning,baseline,umzimvubu,15.395,0.0,5.150326,5.0,1,100.0,100.0,1.0,0.0
2026-08-31 22:45:40.524234,s3,2:,77,72,8287,8105,17,Morning,baseline,umzimvubu,15.395,0.0,5.150326,5.0,1,100.0,100.0,1.0,0.0
2026-08-31 22:45:40.524234,s3,LOCAL:,0,0,0,0,17,Morning,baseline,umzimvubu,15.395,0.0,5.150326,5.0,1,100.0,100.0,1.0,0.0
2026-08-31 22:45:40.524234,s4,1:,37,77,3082,8307,17,Morning,baseline,umzimvubu,15.395,0.0,5.150326,5.0,1,100.0,100.0,1.0,0.0
2026-08-31 22:45:40.524234,s4,2:,77,72,8287,8105,17,Morning,baseline,umzimvubu,15.395,0.0,5.150326,5.0,1,100.0,100.0,1.0,0.0
2026-08-31 22:45:40.524234,s4,LOCAL:,0,0,0,0,17,Morning,baseline,umzimvubu,15.395,0.0,5.150326,5.0,1,100.0,100.0,1.0,0.0
2026-08-31 22:45:40.524234,s5,1:,38,78,3172,8377,17,Morning,baseline,umzimvubu,15.395,0.0,5.150326,5.0,1,100.0,100.0,1.0,0.0
2026-08-31 22:45:40.524234,s5,2:,77,71,8287,8035,17,Morning,baseline,umzimvubu,15.395,0.0,5.150326,5.0,1,100.0,100.0,1.0,0.0
2026-08-31 22:45:40.524234,s5,LOCAL:,0,0,0,0,17,Morning,baseline,umzimvubu,15.395,0.0,5.150326,5.0,1,100.0,100.0,1.0,0.0
2026-08-31 22:45:41.527169,s1,1:,82,9013,7264,13260194,18,Morning,baseline,ntabankulu,9.313,0.0,5.141428,5.0,1,100.0,100.0,1.0,0.0
2026-08-31 22:45:41.527169,s1,2:,8972,85,13257884,8835,18,Morning,baseline,ntabankulu,9.313,0.0,5.141428,5.0,1,100.0,100.0,1.0,0.0
2026-08-31 22:45:41.527169,s1,3:,72,77,8105,8287,18,Morning,baseline,ntabankulu,9.313,0.0,5.141428,5.0,1,100.0,100.0,1.0,0.0
2026-08-31 22:45:41.527169,s1,4:,72,77,8105,8287,18,Morning,baseline,ntabankulu,9.313,0.0,5.141428,5.0,1,100.0,100.0,1.0,0.0
2026-08-31 22:45:41.527169,s1,5:,71,77,8035,8287,18,Morning,baseline,ntabankulu,9.313,0.0,5.141428,5.0,1,100.0,100.0,1.0,0.0
2026-08-31 22:45:41.527169,s1,LOCAL:,0,0,0,0,18,Morning,baseline,ntabankulu,9.313,0.0,5.141428,5.0,1,100.0,100.0,1.0,0.0
2026-08-31 22:45:41.527169,s2,1:,8941,87,13254597,9015,18,Morning,baseline,ntabankulu,9.313,0.0,5.141428,5.0,1,100.0,100.0,1.0,0.0
2026-08-31 22:45:41.527169,s2,2:,85,8972,8835,13257884,18,Morning,baseline,ntabankulu,9.313,0.0,5.141428,5.0,1,100.0,100.0,1.0,0.0
2026-08-31 22:45:41.527169,s2,LOCAL:,0,0,0,0,18,Morning,baseline,ntabankulu,9.313,0.0,5.141428,5.0,1,100.0,100.0,1.0,0.0
2026-08-31 22:45:41.527169,s3,1:,38,78,3152,8377,18,Morning,baseline,ntabankulu,9.313,0.0,5.141428,5.0,1,100.0,100.0,1.0,0.0
2026-08-31 22:45:41.527169,s3,2:,77,72,8287,8105,18,Morning,baseline,ntabankulu,9.313,0.0,5.141428,5.0,1,100.0,100.0,1.0,0.0
2026-08-31 22:45:41.527169,s3,LOCAL:,0,0,0,0,18,Morning,baseline,ntabankulu,9.313,0.0,5.141428,5.0,1,100.0,100.0,1.0,0.0
2026-08-31 22:45:41.527169,s4,1:,37,77,3082,8307,18,Morning,baseline,ntabankulu,9.313,0.0,5.141428,5.0,1,100.0,100.0,1.0,0.0
2026-08-31 22:45:41.527169,s4,2:,77,72,8287,8105,18,Morning,baseline,ntabankulu,9.313,0.0,5.141428,5.0,1,100.0,100.0,1.0,0.0
2026-08-31 22:45:41.527169,s4,LOCAL:,0,0,0,0,18,Morning,baseline,ntabankulu,9.313,0.0,5.141428,5.0,1,100.0,100.0,1.0,0.0
2026-08-31 22:45:41.527169,s5,1:,38,78,3172,8377,18,Morning,baseline,ntabankulu,9.313,0.0,5.141428,5.0,1,100.0,100.0,1.0,0.0
2026-08-31 22:45:41.527169,s5,2:,77,71,8287,8035,18,Morning,baseline,ntabankulu,9.313,0.0,5.141428,5.0,1,100.0,100.0,1.0,0.0
2026-08-31 22:45:41.527169,s5,LOCAL:,0,0,0,0,18,Morning,baseline,ntabankulu,9.313,0.0,5.141428,5.0,1,100.0,100.0,1.0,0.0
2026-08-31 22:45:42.561889,s1,1:,82,9013,7264,13260194,19,Morning,baseline,winnie,10.126,0.0,5.139752,5.0,1,100.0,100.0,1.0,0.0
2026-08-31 22:45:42.561889,s1,2:,8972,85,13257884,8835,19,Morning,baseline,winnie,10.126,0.0,5.139752,5.0,1,100.0,100.0,1.0,0.0
2026-08-31 22:45:42.561889,s1,3:,72,77,8105,8287,19,Morning,baseline,winnie,10.126,0.0,5.139752,5.0,1,100.0,100.0,1.0,0.0
2026-08-31 22:45:42.561889,s1,4:,72,77,8105,8287,19,Morning,baseline,winnie,10.126,0.0,5.139752,5.0,1,100.0,100.0,1.0,0.0
2026-08-31 22:45:42.561889,s1,5:,71,77,8035,8287,19,Morning,baseline,winnie,10.126,0.0,5.139752,5.0,1,100.0,100.0,1.0,0.0
2026-08-31 22:45:42.561889,s1,LOCAL:,0,0,0,0,19,Morning,baseline,winnie,10.126,0.0,5.139752,5.0,1,100.0,100.0,1.0,0.0
2026-08-31 22:45:42.561889,s2,1:,8941,87,13254597,9015,19,Morning,baseline,winnie,10.126,0.0,5.139752,5.0,1,100.0,100.0,1.0,0.0
2026-08-31 22:45:42.561889,s2,2:,85,8972,8835,13257884,19,Morning,baseline,winnie,10.126,0.0,5.139752,5.0,1,100.0,100.0,1.0,0.0
2026-08-31 22:45:42.561889,s2,LOCAL:,0,0,0,0,19,Morning,baseline,winnie,10.126,0.0,5.139752,5.0,1,100.0,100.0,1.0,0.0
2026-08-31 22:45:42.561889,s3,1:,38,78,3152,8377,19,Morning,baseline,winnie,10.126,0.0,5.139752,5.0,1,100.0,100.0,1.0,0.0
2026-08-31 22:45:42.561889,s3,2:,77,72,8287,8105,19,Morning,baseline,winnie,10.126,0.0,5.139752,5.0,1,100.0,100.0,1.0,0.0
2026-08-31 22:45:42.561889,s3,LOCAL:,0,0,0,0,19,Morning,baseline,winnie,10.126,0.0,5.139752,5.0,1,100.0,100.0,1.0,0.0
2026-08-31 22:45:42.561889,s4,1:,37,77,3082,8307,19,Morning,baseline,winnie,10.126,0.0,5.139752,5.0,1,100.0,100.0,1.0,0.0
2026-08-31 22:45:42.561889,s4,2:,77,72,8287,8105,19,Morning,baseline,winnie,10.126,0.0,5.139752,5.0,1,100.0,100.0,1.0,0.0
2026-08-31 22:45:42.561889,s4,LOCAL:,0,0,0,0,19,Morning,baseline,winnie,10.126,0.0,5.139752,5.0,1,100.0,100.0,1.0,0.0
2026-08-31 22:45:42.561889,s5,1:,38,78,3172,8377,19,Morning,baseline,winnie,10.126,0.0,5.139752,5.0,1,100.0,100.0,1.0,0.0
2026-08-31 22:45:42.561889,s5,2:,77,71,8287,8035,19,Morning,baseline,winnie,10.126,0.0,5.139752,5.0,1,100.0,100.0,1.0,0.0
2026-08-31 22:45:42.561889,s5,LOCAL:,0,0,0,0,19,Morning,baseline,winnie,10.126,0.0,5.139752,5.0,1,100.0,100.0,1.0,0.0
2026-08-31 22:45:43.561339,s1,1:,99,11190,8846,16476091,20,Morning,baseline,matatiele,19.151,0.0,5.153676,5.0,1,100.0,100.0,1.0,0.0
2026-08-31 22:45:43.561339,s1,2:,11139,95,16472829,9850,20,Morning,baseline,matatiele,19.151,0.0,5.153676,5.0,1,100.0,100.0,1.0,0.0
2026-08-31 22:45:43.561339,s1,3:,78,84,8784,9036,20,Morning,baseline,matatiele,19.151,0.0,5.153676,5.0,1,100.0,100.0,1.0,0.0
2026-08-31 22:45:43.561339,s1,4:,78,84,8784,9036,20,Morning,baseline,matatiele,19.151,0.0,5.153676,5.0,1,100.0,100.0,1.0,0.0
2026-08-31 22:45:43.561339,s1,5:,78,84,8784,9036,20,Morning,baseline,matatiele,19.151,0.0,5.153676,5.0,1,100.0,100.0,1.0,0.0
2026-08-31 22:45:43.561339,s1,LOCAL:,0,0,0,0,20,Morning,baseline,matatiele,19.151,0.0,5.153676,5.0,1,100.0,100.0,1.0,0.0
2026-08-31 22:45:43.561339,s2,1:,11112,97,16479587,10030,20,Morning,baseline,matatiele,19.151,0.0,5.153676,5.0,1,100.0,100.0,1.0,0.0
2026-08-31 22:45:43.561339,s2,2:,95,11139,9850,16472829,20,Morning,baseline,matatiele,19.151,0.0,5.153676,5.0,1,100.0,100.0,1.0,0.0
2026-08-31 22:45:43.561339,s2,LOCAL:,0,0,0,0,20,Morning,baseline,matatiele,19.151,0.0,5.153676,5.0,1,100.0,100.0,1.0,0.0
2026-08-31 22:45:43.561339,s3,1:,41,85,3446,9126,20,Morning,baseline,matatiele,19.151,0.0,5.153676,5.0,1,100.0,100.0,1.0,0.0
2026-08-31 22:45:43.561339,s3,2:,84,78,9036,8784,20,Morning,baseline,matatiele,19.151,0.0,5.153676,5.0,1,100.0,100.0,1.0,0.0
2026-08-31 22:45:43.561339,s3,LOCAL:,0,0,0,0,20,Morning,baseline,matatiele,19.151,0.0,5.153676,5.0,1,100.0,100.0,1.0,0.0
2026-08-31 22:45:43.561339,s4,1:,41,84,3446,9056,20,Morning,baseline,matatiele,19.151,0.0,5.153676,5.0,1,100.0,100.0,1.0,0.0
2026-08-31 22:45:43.561339,s4,2:,84,78,9036,8784,20,Morning,baseline,matatiele,19.151,0.0,5.153676,5.0,1,100.0,100.0,1.0,0.0
2026-08-31 22:45:43.561339,s4,LOCAL:,0,0,0,0,20,Morning,baseline,matatiele,19.151,0.0,5.153676,5.0,1,100.0,100.0,1.0,0.0
2026-08-31 22:45:43.561339,s5,1:,42,85,3536,9126,20,Morning,baseline,matatiele,19.151,0.0,5.153676,5.0,1,100.0,100.0,1.0,0.0
2026-08-31 22:45:43.561339,s5,2:,84,78,9036,8784,20,Morning,baseline,matatiele,19.151,0.0,5.153676,5.0,1,100.0,100.0,1.0,0.0
2026-08-31 22:45:43.561339,s5,LOCAL:,0,0,0,0,20,Morning,baseline,matatiele,19.151,0.0,5.153676,5.0,1,100.0,100.0,1.0,0.0
2026-08-31 22:45:44.524680,s1,1:,99,11190,8846,16476091,21,Morning,baseline,umzimvubu,15.267,0.0,5.155561,5.0,1,100.0,100.0,1.0,0.0
2026-08-31 22:45:44.524680,s1,2:,11139,95,16472829,9850,21,Morning,baseline,umzimvubu,15.267,0.0,5.155561,5.0,1,100.0,100.0,1.0,0.0
2026-08-31 22:45:44.524680,s1,3:,78,84,8784,9036,21,Morning,baseline,umzimvubu,15.267,0.0,5.155561,5.0,1,100.0,100.0,1.0,0.0
2026-08-31 22:45:44.524680,s1,4:,78,84,8784,9036,21,Morning,baseline,umzimvubu,15.267,0.0,5.155561,5.0,1,100.0,100.0,1.0,0.0
2026-08-31 22:45:44.524680,s1,5:,78,84,8784,9036,21,Morning,baseline,umzimvubu,15.267,0.0,5.155561,5.0,1,100.0,100.0,1.0,0.0
2026-08-31 22:45:44.524680,s1,LOCAL:,0,0,0,0,21,Morning,baseline,umzimvubu,15.267,0.0,5.155561,5.0,1,100.0,100.0,1.0,0.0
2026-08-31 22:45:44.524680,s2,1:,11112,97,16479587,10030,21,Morning,baseline,umzimvubu,15.267,0.0,5.155561,5.0,1,100.0,100.0,1.0,0.0
2026-08-31 22:45:44.524680,s2,2:,95,11139,9850,16472829,21,Morning,baseline,umzimvubu,15.267,0.0,5.155561,5.0,1,100.0,100.0,1.0,0.0
2026-08-31 22:45:44.524680,s2,LOCAL:,0,0,0,0,21,Morning,baseline,umzimvubu,15.267,0.0,5.155561,5.0,1,100.0,100.0,1.0,0.0
2026-08-31 22:45:44.524680,s3,1:,41,85,3446,9126,21,Morning,baseline,umzimvubu,15.267,0.0,5.155561,5.0,1,100.0,100.0,1.0,0.0
2026-08-31 22:45:44.524680,s3,2:,84,78,9036,8784,21,Morning,baseline,umzimvubu,15.267,0.0,5.155561,5.0,1,100.0,100.0,1.0,0.0
2026-08-31 22:45:44.524680,s3,LOCAL:,0,0,0,0,21,Morning,baseline,umzimvubu,15.267,0.0,5.155561,5.0,1,100.0,100.0,1.0,0.0
2026-08-31 22:45:44.524680,s4,1:,41,84,3446,9056,21,Morning,baseline,umzimvubu,15.267,0.0,5.155561,5.0,1,100.0,100.0,1.0,0.0
2026-08-31 22:45:44.524680,s4,2:,84,78,9036,8784,21,Morning,baseline,umzimvubu,15.267,0.0,5.155561,5.0,1,100.0,100.0,1.0,0.0
2026-08-31 22:45:44.524680,s4,LOCAL:,0,0,0,0,21,Morning,baseline,umzimvubu,15.267,0.0,5.155561,5.0,1,100.0,100.0,1.0,0.0
2026-08-31 22:45:44.524680,s5,1:,42,85,3536,9126,21,Morning,baseline,umzimvubu,15.267,0.0,5.155561,5.0,1,100.0,100.0,1.0,0.0
2026-08-31 22:45:44.524680,s5,2:,84,78,9036,8784,21,Morning,baseline,umzimvubu,15.267,0.0,5.155561,5.0,1,100.0,100.0,1.0,0.0
2026-08-31 22:45:44.524680,s5,LOCAL:,0,0,0,0,21,Morning,baseline,umzimvubu,15.267,0.0,5.155561,5.0,1,100.0,100.0,1.0,0.0
2026-08-31 22:45:45.526795,s1,1:,99,11190,8846,16476091,22,Morning,baseline,ntabankulu,11.636,0.0,5.152027,5.0,1,100.0,100.0,1.0,0.0
2026-08-31 22:45:45.526795,s1,2:,11139,95,16472829,9850,22,Morning,baseline,ntabankulu,11.636,0.0,5.152027,5.0,1,100.0,100.0,1.0,0.0
2026-08-31 22:45:45.526795,s1,3:,78,84,8784,9036,22,Morning,baseline,ntabankulu,11.636,0.0,5.152027,5.0,1,100.0,100.0,1.0,0.0
2026-08-31 22:45:45.526795,s1,4:,78,84,8784,9036,22,Morning,baseline,ntabankulu,11.636,0.0,5.152027,5.0,1,100.0,100.0,1.0,0.0
2026-08-31 22:45:45.526795,s1,5:,78,84,8784,9036,22,Morning,baseline,ntabankulu,11.636,0.0,5.152027,5.0,1,100.0,100.0,1.0,0.0
2026-08-31 22:45:45.526795,s1,LOCAL:,0,0,0,0,22,Morning,baseline,ntabankulu,11.636,0.0,5.152027,5.0,1,100.0,100.0,1.0,0.0
2026-08-31 22:45:45.526795,s2,1:,11112,97,16479587,10030,22,Morning,baseline,ntabankulu,11.636,0.0,5.152027,5.0,1,100.0,100.0,1.0,0.0
2026-08-31 22:45:45.526795,s2,2:,95,11139,9850,16472829,22,Morning,baseline,ntabankulu,11.636,0.0,5.152027,5.0,1,100.0,100.0,1.0,0.0
2026-08-31 22:45:45.526795,s2,LOCAL:,0,0,0,0,22,Morning,baseline,ntabankulu,11.636,0.0,5.152027,5.0,1,100.0,100.0,1.0,0.0
2026-08-31 22:45:45.526795,s3,1:,41,85,3446,9126,22,Morning,baseline,ntabankulu,11.636,0.0,5.152027,5.0,1,100.0,100.0,1.0,0.0
2026-08-31 22:45:45.526795,s3,2:,84,78,9036,8784,22,Morning,baseline,ntabankulu,11.636,0.0,5.152027,5.0,1,100.0,100.0,1.0,0.0
2026-08-31 22:45:45.526795,s3,LOCAL:,0,0,0,0,22,Morning,baseline,ntabankulu,11.636,0.0,5.152027,5.0,1,100.0,100.0,1.0,0.0
2026-08-31 22:45:45.526795,s4,1:,41,84,3446,9056,22,Morning,baseline,ntabankulu,11.636,0.0,5.152027,5.0,1,100.0,100.0,1.0,0.0
2026-08-31 22:45:45.526795,s4,2:,84,78,9036,8784,22,Morning,baseline,ntabankulu,11.636,0.0,5.152027,5.0,1,100.0,100.0,1.0,0.0
2026-08-31 22:45:45.526795,s4,LOCAL:,0,0,0,0,22,Morning,baseline,ntabankulu,11.636,0.0,5.152027,5.0,1,100.0,100.0,1.0,0.0
2026-08-31 22:45:45.526795,s5,1:,42,85,3536,9126,22,Morning,baseline,ntabankulu,11.636,0.0,5.152027,5.0,1,100.0,100.0,1.0,0.0
2026-08-31 22:45:45.526795,s5,2:,84,78,9036,8784,22,Morning,baseline,ntabankulu,11.636,0.0,5.152027,5.0,1,100.0,100.0,1.0,0.0
2026-08-31 22:45:45.526795,s5,LOCAL:,0,0,0,0,22,Morning,baseline,ntabankulu,11.636,0.0,5.152027,5.0,1,100.0,100.0,1.0,0.0
2026-08-31 22:45:46.548635,s1,1:,99,11190,8846,16476091,23,Morning,baseline,winnie,10.397,0.0,5.194904,5.0,1,100.0,100.0,1.0,0.0
2026-08-31 22:45:46.548635,s1,2:,11139,95,16472829,9850,23,Morning,baseline,winnie,10.397,0.0,5.194904,5.0,1,100.0,100.0,1.0,0.0
2026-08-31 22:45:46.548635,s1,3:,78,84,8784,9036,23,Morning,baseline,winnie,10.397,0.0,5.194904,5.0,1,100.0,100.0,1.0,0.0
2026-08-31 22:45:46.548635,s1,4:,78,84,8784,9036,23,Morning,baseline,winnie,10.397,0.0,5.194904,5.0,1,100.0,100.0,1.0,0.0
2026-08-31 22:45:46.548635,s1,5:,78,84,8784,9036,23,Morning,baseline,winnie,10.397,0.0,5.194904,5.0,1,100.0,100.0,1.0,0.0
2026-08-31 22:45:46.548635,s1,LOCAL:,0,0,0,0,23,Morning,baseline,winnie,10.397,0.0,5.194904,5.0,1,100.0,100.0,1.0,0.0
2026-08-31 22:45:46.548635,s2,1:,11112,97,16479587,10030,23,Morning,baseline,winnie,10.397,0.0,5.194904,5.0,1,100.0,100.0,1.0,0.0
2026-08-31 22:45:46.548635,s2,2:,95,11139,9850,16472829,23,Morning,baseline,winnie,10.397,0.0,5.194904,5.0,1,100.0,100.0,1.0,0.0
2026-08-31 22:45:46.548635,s2,LOCAL:,0,0,0,0,23,Morning,baseline,winnie,10.397,0.0,5.194904,5.0,1,100.0,100.0,1.0,0.0
2026-08-31 22:45:46.548635,s3,1:,41,85,3446,9126,23,Morning,baseline,winnie,10.397,0.0,5.194904,5.0,1,100.0,100.0,1.0,0.0
2026-08-31 22:45:46.548635,s3,2:,84,78,9036,8784,23,Morning,baseline,winnie,10.397,0.0,5.194904,5.0,1,100.0,100.0,1.0,0.0
2026-08-31 22:45:46.548635,s3,LOCAL:,0,0,0,0,23,Morning,baseline,winnie,10.397,0.0,5.194904,5.0,1,100.0,100.0,1.0,0.0
2026-08-31 22:45:46.548635,s4,1:,41,84,3446,9056,23,Morning,baseline,winnie,10.397,0.0,5.194904,5.0,1,100.0,100.0,1.0,0.0
2026-08-31 22:45:46.548635,s4,2:,84,78,9036,8784,23,Morning,baseline,winnie,10.397,0.0,5.194904,5.0,1,100.0,100.0,1.0,0.0
2026-08-31 22:45:46.548635,s4,LOCAL:,0,0,0,0,23,Morning,baseline,winnie,10.397,0.0,5.194904,5.0,1,100.0,100.0,1.0,0.0
2026-08-31 22:45:46.548635,s5,1:,42,85,3536,9126,23,Morning,baseline,winnie,10.397,0.0,5.194904,5.0,1,100.0,100.0,1.0,0.0
2026-08-31 22:45:46.548635,s5,2:,84,78,9036,8784,23,Morning,baseline,winnie,10.397,0.0,5.194904,5.0,1,100.0,100.0,1.0,0.0
2026-08-31 22:45:46.548635,s5,LOCAL:,0,0,0,0,23,Morning,baseline,winnie,10.397,0.0,5.194904,5.0,1,100.0,100.0,1.0,0.0
2026-08-31 22:45:47.523930,s1,1:,99,11190,8846,16476091,24,Morning,baseline,matatiele,12.392,0.0,4.987791,5.0,1,100.0,100.0,1.0,0.0
2026-08-31 22:45:47.523930,s1,2:,11139,95,16472829,9850,24,Morning,baseline,matatiele,12.392,0.0,4.987791,5.0,1,100.0,100.0,1.0,0.0
2026-08-31 22:45:47.523930,s1,3:,78,84,8784,9036,24,Morning,baseline,matatiele,12.392,0.0,4.987791,5.0,1,100.0,100.0,1.0,0.0
2026-08-31 22:45:47.523930,s1,4:,78,84,8784,9036,24,Morning,baseline,matatiele,12.392,0.0,4.987791,5.0,1,100.0,100.0,1.0,0.0
2026-08-31 22:45:47.523930,s1,5:,78,84,8784,9036,24,Morning,baseline,matatiele,12.392,0.0,4.987791,5.0,1,100.0,100.0,1.0,0.0
2026-08-31 22:45:47.523930,s1,LOCAL:,0,0,0,0,24,Morning,baseline,matatiele,12.392,0.0,4.987791,5.0,1,100.0,100.0,1.0,0.0
2026-08-31 22:45:47.523930,s2,1:,11112,97,16479587,10030,24,Morning,baseline,matatiele,12.392,0.0,4.987791,5.0,1,100.0,100.0,1.0,0.0
2026-08-31 22:45:47.523930,s2,2:,95,11139,9850,16472829,24,Morning,baseline,matatiele,12.392,0.0,4.987791,5.0,1,100.0,100.0,1.0,0.0
2026-08-31 22:45:47.523930,s2,LOCAL:,0,0,0,0,24,Morning,baseline,matatiele,12.392,0.0,4.987791,5.0,1,100.0,100.0,1.0,0.0
2026-08-31 22:45:47.523930,s3,1:,41,85,3446,9126,24,Morning,baseline,matatiele,12.392,0.0,4.987791,5.0,1,100.0,100.0,1.0,0.0
2026-08-31 22:45:47.523930,s3,2:,84,78,9036,8784,24,Morning,baseline,matatiele,12.392,0.0,4.987791,5.0,1,100.0,100.0,1.0,0.0
2026-08-31 22:45:47.523930,s3,LOCAL:,0,0,0,0,24,Morning,baseline,matatiele,12.392,0.0,4.987791,5.0,1,100.0,100.0,1.0,0.0
2026-08-31 22:45:47.523930,s4,1:,41,84,3446,9056,24,Morning,baseline,matatiele,12.392,0.0,4.987791,5.0,1,100.0,100.0,1.0,0.0
2026-08-31 22:45:47.523930,s4,2:,84,78,9036,8784,24,Morning,baseline,matatiele,12.392,0.0,4.987791,5.0,1,100.0,100.0,1.0,0.0
2026-08-31 22:45:47.523930,s4,LOCAL:,0,0,0,0,24,Morning,baseline,matatiele,12.392,0.0,4.987791,5.0,1,100.0,100.0,1.0,0.0
2026-08-31 22:45:47.523930,s5,1:,42,85,3536,9126,24,Morning,baseline,matatiele,12.392,0.0,4.987791,5.0,1,100.0,100.0,1.0,0.0
2026-08-31 22:45:47.523930,s5,2:,84,78,9036,8784,24,Morning,baseline,matatiele,12.392,0.0,4.987791,5.0,1,100.0,100.0,1.0,0.0
2026-08-31 22:45:47.523930,s5,LOCAL:,0,0,0,0,24,Morning,baseline,matatiele,12.392,0.0,4.987791,5.0,1,100.0,100.0,1.0,0.0
2026-08-31 22:45:48.528404,s1,1:,114,13376,10316,19706947,25,Morning,baseline,umzimvubu,11.931,0.0,5.23947,5.0,1,100.0,100.0,1.0,0.0
2026-08-31 22:45:48.528404,s1,2:,13313,102,19702509,10700,25,Morning,baseline,umzimvubu,11.931,0.0,5.23947,5.0,1,100.0,100.0,1.0,0.0
2026-08-31 22:45:48.528404,s1,3:,88,94,9928,10180,25,Morning,baseline,umzimvubu,11.931,0.0,5.23947,5.0,1,100.0,100.0,1.0,0.0
2026-08-31 22:45:48.528404,s1,4:,85,91,9634,9886,25,Morning,baseline,umzimvubu,11.931,0.0,5.23947,5.0,1,100.0,100.0,1.0,0.0
2026-08-31 22:45:48.528404,s1,5:,85,91,9634,9886,25,Morning,baseline,umzimvubu,11.931,0.0,5.23947,5.0,1,100.0,100.0,1.0,0.0
2026-08-31 22:45:48.528404,s1,LOCAL:,0,0,0,0,25,Morning,baseline,umzimvubu,11.931,0.0,5.23947,5.0,1,100.0,100.0,1.0,0.0
2026-08-31 22:45:48.528404,s2,1:,13275,104,19698281,10880,25,Morning,baseline,umzimvubu,11.931,0.0,5.23947,5.0,1,100.0,100.0,1.0,0.0
2026-08-31 22:45:48.528404,s2,2:,102,13313,10700,19702509,25,Morning,baseline,umzimvubu,11.931,0.0,5.23947,5.0,1,100.0,100.0,1.0,0.0
2026-08-31 22:45:48.528404,s2,LOCAL:,0,0,0,0,25,Morning,baseline,umzimvubu,11.931,0.0,5.23947,5.0,1,100.0,100.0,1.0,0.0
2026-08-31 22:45:48.528404,s3,1:,47,95,4034,10270,25,Morning,baseline,umzimvubu,11.931,0.0,5.23947,5.0,1,100.0,100.0,1.0,0.0
2026-08-31 22:45:48.528404,s3,2:,94,88,10180,9928,25,Morning,baseline,umzimvubu,11.931,0.0,5.23947,5.0,1,100.0,100.0,1.0,0.0
2026-08-31 22:45:48.528404,s3,LOCAL:,0,0,0,0,25,Morning,baseline,umzimvubu,11.931,0.0,5.23947,5.0,1,100.0,100.0,1.0,0.0
2026-08-31 22:45:48.528404,s4,1:,44,91,3740,9906,25,Morning,baseline,umzimvubu,11.931,0.0,5.23947,5.0,1,100.0,100.0,1.0,0.0
2026-08-31 22:45:48.528404,s4,2:,91,85,9886,9634,25,Morning,baseline,umzimvubu,11.931,0.0,5.23947,5.0,1,100.0,100.0,1.0,0.0
2026-08-31 22:45:48.528404,s4,LOCAL:,0,0,0,0,25,Morning,baseline,umzimvubu,11.931,0.0,5.23947,5.0,1,100.0,100.0,1.0,0.0
2026-08-31 22:45:48.528404,s5,1:,45,92,3830,9976,25,Morning,baseline,umzimvubu,11.931,0.0,5.23947,5.0,1,100.0,100.0,1.0,0.0
2026-08-31 22:45:48.528404,s5,2:,91,85,9886,9634,25,Morning,baseline,umzimvubu,11.931,0.0,5.23947,5.0,1,100.0,100.0,1.0,0.0
2026-08-31 22:45:48.528404,s5,LOCAL:,0,0,0,0,25,Morning,baseline,umzimvubu,11.931,0.0,5.23947,5.0,1,100.0,100.0,1.0,0.0
2026-08-31 22:45:49.527176,s1,1:,114,13376,10316,19706947,26,Morning,baseline,ntabankulu,9.362,0.0,5.169157,5.0,1,100.0,100.0,1.0,0.0
2026-08-31 22:45:49.527176,s1,2:,13313,102,19702509,10700,26,Morning,baseline,ntabankulu,9.362,0.0,5.169157,5.0,1,100.0,100.0,1.0,0.0
2026-08-31 22:45:49.527176,s1,3:,88,94,9928,10180,26,Morning,baseline,ntabankulu,9.362,0.0,5.169157,5.0,1,100.0,100.0,1.0,0.0
2026-08-31 22:45:49.527176,s1,4:,85,91,9634,9886,26,Morning,baseline,ntabankulu,9.362,0.0,5.169157,5.0,1,100.0,100.0,1.0,0.0
2026-08-31 22:45:49.527176,s1,5:,85,91,9634,9886,26,Morning,baseline,ntabankulu,9.362,0.0,5.169157,5.0,1,100.0,100.0,1.0,0.0
2026-08-31 22:45:49.527176,s1,LOCAL:,0,0,0,0,26,Morning,baseline,ntabankulu,9.362,0.0,5.169157,5.0,1,100.0,100.0,1.0,0.0
2026-08-31 22:45:49.527176,s2,1:,13275,104,19698281,10880,26,Morning,baseline,ntabankulu,9.362,0.0,5.169157,5.0,1,100.0,100.0,1.0,0.0
2026-08-31 22:45:49.527176,s2,2:,102,13313,10700,19702509,26,Morning,baseline,ntabankulu,9.362,0.0,5.169157,5.0,1,100.0,100.0,1.0,0.0
2026-08-31 22:45:49.527176,s2,LOCAL:,0,0,0,0,26,Morning,baseline,ntabankulu,9.362,0.0,5.169157,5.0,1,100.0,100.0,1.0,0.0
2026-08-31 22:45:49.527176,s3,1:,47,95,4034,10270,26,Morning,baseline,ntabankulu,9.362,0.0,5.169157,5.0,1,100.0,100.0,1.0,0.0
2026-08-31 22:45:49.527176,s3,2:,94,88,10180,9928,26,Morning,baseline,ntabankulu,9.362,0.0,5.169157,5.0,1,100.0,100.0,1.0,0.0
2026-08-31 22:45:49.527176,s3,LOCAL:,0,0,0,0,26,Morning,baseline,ntabankulu,9.362,0.0,5.169157,5.0,1,100.0,100.0,1.0,0.0
2026-08-31 22:45:49.527176,s4,1:,44,91,3740,9906,26,Morning,baseline,ntabankulu,9.362,0.0,5.169157,5.0,1,100.0,100.0,1.0,0.0
2026-08-31 22:45:49.527176,s4,2:,91,85,9886,9634,26,Morning,baseline,ntabankulu,9.362,0.0,5.169157,5.0,1,100.0,100.0,1.0,0.0
2026-08-31 22:45:49.527176,s4,LOCAL:,0,0,0,0,26,Morning,baseline,ntabankulu,9.362,0.0,5.169157,5.0,1,100.0,100.0,1.0,0.0
2026-08-31 22:45:49.527176,s5,1:,45,92,3830,9976,26,Morning,baseline,ntabankulu,9.362,0.0,5.169157,5.0,1,100.0,100.0,1.0,0.0
2026-08-31 22:45:49.527176,s5,2:,91,85,9886,9634,26,Morning,baseline,ntabankulu,9.362,0.0,5.169157,5.0,1,100.0,100.0,1.0,0.0
2026-08-31 22:45:49.527176,s5,LOCAL:,0,0,0,0,26,Morning,baseline,ntabankulu,9.362,0.0,5.169157,5.0,1,100.0,100.0,1.0,0.0
2026-08-31 22:45:50.533197,s1,1:,114,13376,10316,19706947,27,Morning,baseline,winnie,11.548,0.0,5.149134,5.0,1,100.0,100.0,1.0,0.0
2026-08-31 22:45:50.533197,s1,2:,13313,102,19702509,10700,27,Morning,baseline,winnie,11.548,0.0,5.149134,5.0,1,100.0,100.0,1.0,0.0
2026-08-31 22:45:50.533197,s1,3:,88,94,9928,10180,27,Morning,baseline,winnie,11.548,0.0,5.149134,5.0,1,100.0,100.0,1.0,0.0
2026-08-31 22:45:50.533197,s1,4:,85,91,9634,9886,27,Morning,baseline,winnie,11.548,0.0,5.149134,5.0,1,100.0,100.0,1.0,0.0
2026-08-31 22:45:50.533197,s1,5:,85,91,9634,9886,27,Morning,baseline,winnie,11.548,0.0,5.149134,5.0,1,100.0,100.0,1.0,0.0
2026-08-31 22:45:50.533197,s1,LOCAL:,0,0,0,0,27,Morning,baseline,winnie,11.548,0.0,5.149134,5.0,1,100.0,100.0,1.0,0.0
2026-08-31 22:45:50.533197,s2,1:,13275,104,19698281,10880,27,Morning,baseline,winnie,11.548,0.0,5.149134,5.0,1,100.0,100.0,1.0,0.0
2026-08-31 22:45:50.533197,s2,2:,102,13313,10700,19702509,27,Morning,baseline,winnie,11.548,0.0,5.149134,5.0,1,100.0,100.0,1.0,0.0
2026-08-31 22:45:50.533197,s2,LOCAL:,0,0,0,0,27,Morning,baseline,winnie,11.548,0.0,5.149134,5.0,1,100.0,100.0,1.0,0.0
2026-08-31 22:45:50.533197,s3,1:,47,95,4034,10270,27,Morning,baseline,winnie,11.548,0.0,5.149134,5.0,1,100.0,100.0,1.0,0.0
2026-08-31 22:45:50.533197,s3,2:,94,88,10180,9928,27,Morning,baseline,winnie,11.548,0.0,5.149134,5.0,1,100.0,100.0,1.0,0.0
2026-08-31 22:45:50.533197,s3,LOCAL:,0,0,0,0,27,Morning,baseline,winnie,11.548,0.0,5.149134,5.0,1,100.0,100.0,1.0,0.0
2026-08-31 22:45:50.533197,s4,1:,44,91,3740,9906,27,Morning,baseline,winnie,11.548,0.0,5.149134,5.0,1,100.0,100.0,1.0,0.0
2026-08-31 22:45:50.533197,s4,2:,91,85,9886,9634,27,Morning,baseline,winnie,11.548,0.0,5.149134,5.0,1,100.0,100.0,1.0,0.0
2026-08-31 22:45:50.533197,s4,LOCAL:,0,0,0,0,27,Morning,baseline,winnie,11.548,0.0,5.149134,5.0,1,100.0,100.0,1.0,0.0
2026-08-31 22:45:50.533197,s5,1:,45,92,3830,9976,27,Morning,baseline,winnie,11.548,0.0,5.149134,5.0,1,100.0,100.0,1.0,0.0
2026-08-31 22:45:50.533197,s5,2:,91,85,9886,9634,27,Morning,baseline,winnie,11.548,0.0,5.149134,5.0,1,100.0,100.0,1.0,0.0
2026-08-31 22:45:50.533197,s5,LOCAL:,0,0,0,0,27,Morning,baseline,winnie,11.548,0.0,5.149134,5.0,1,100.0,100.0,1.0,0.0
2026-08-31 22:45:51.526403,s1,1:,114,13376,10316,19706947,28,Morning,baseline,matatiele,13.633,0.0,5.141635,5.0,1,100.0,100.0,1.0,0.0
2026-08-31 22:45:51.526403,s1,2:,13313,102,19702509,10700,28,Morning,baseline,matatiele,13.633,0.0,5.141635,5.0,1,100.0,100.0,1.0,0.0
2026-08-31 22:45:51.526403,s1,3:,88,94,9928,10180,28,Morning,baseline,matatiele,13.633,0.0,5.141635,5.0,1,100.0,100.0,1.0,0.0
2026-08-31 22:45:51.526403,s1,4:,85,91,9634,9886,28,Morning,baseline,matatiele,13.633,0.0,5.141635,5.0,1,100.0,100.0,1.0,0.0
2026-08-31 22:45:51.526403,s1,5:,85,91,9634,9886,28,Morning,baseline,matatiele,13.633,0.0,5.141635,5.0,1,100.0,100.0,1.0,0.0
2026-08-31 22:45:51.526403,s1,LOCAL:,0,0,0,0,28,Morning,baseline,matatiele,13.633,0.0,5.141635,5.0,1,100.0,100.0,1.0,0.0
2026-08-31 22:45:51.526403,s2,1:,13275,104,19698281,10880,28,Morning,baseline,matatiele,13.633,0.0,5.141635,5.0,1,100.0,100.0,1.0,0.0
2026-08-31 22:45:51.526403,s2,2:,102,13313,10700,19702509,28,Morning,baseline,matatiele,13.633,0.0,5.141635,5.0,1,100.0,100.0,1.0,0.0
2026-08-31 22:45:51.526403,s2,LOCAL:,0,0,0,0,28,Morning,baseline,matatiele,13.633,0.0,5.141635,5.0,1,100.0,100.0,1.0,0.0
2026-08-31 22:45:51.526403,s3,1:,47,95,4034,10270,28,Morning,baseline,matatiele,13.633,0.0,5.141635,5.0,1,100.0,100.0,1.0,0.0
2026-08-31 22:45:51.526403,s3,2:,94,88,10180,9928,28,Morning,baseline,matatiele,13.633,0.0,5.141635,5.0,1,100.0,100.0,1.0,0.0
2026-08-31 22:45:51.526403,s3,LOCAL:,0,0,0,0,28,Morning,baseline,matatiele,13.633,0.0,5.141635,5.0,1,100.0,100.0,1.0,0.0
2026-08-31 22:45:51.526403,s4,1:,44,91,3740,9906,28,Morning,baseline,matatiele,13.633,0.0,5.141635,5.0,1,100.0,100.0,1.0,0.0
2026-08-31 22:45:51.526403,s4,2:,91,85,9886,9634,28,Morning,baseline,matatiele,13.633,0.0,5.141635,5.0,1,100.0,100.0,1.0,0.0
2026-08-31 22:45:51.526403,s4,LOCAL:,0,0,0,0,28,Morning,baseline,matatiele,13.633,0.0,5.141635,5.0,1,100.0,100.0,1.0,0.0
2026-08-31 22:45:51.526403,s5,1:,45,92,3830,9976,28,Morning,baseline,matatiele,13.633,0.0,5.141635,5.0,1,100.0,100.0,1.0,0.0
2026-08-31 22:45:51.526403,s5,2:,91,85,9886,9634,28,Morning,baseline,matatiele,13.633,0.0,5.141635,5.0,1,100.0,100.0,1.0,0.0
2026-08-31 22:45:51.526403,s5,LOCAL:,0,0,0,0,28,Morning,baseline,matatiele,13.633,0.0,5.141635,5.0,1,100.0,100.0,1.0,0.0
2026-08-31 22:45:52.529647,s1,1:,114,13376,10316,19706947,29,Morning,baseline,umzimvubu,10.889,0.0,5.156569,5.0,1,100.0,100.0,1.0,0.0
2026-08-31 22:45:52.529647,s1,2:,13313,102,19702509,10700,29,Morning,baseline,umzimvubu,10.889,0.0,5.156569,5.0,1,100.0,100.0,1.0,0.0
2026-08-31 22:45:52.529647,s1,3:,88,94,9928,10180,29,Morning,baseline,umzimvubu,10.889,0.0,5.156569,5.0,1,100.0,100.0,1.0,0.0
2026-08-31 22:45:52.529647,s1,4:,85,91,9634,9886,29,Morning,baseline,umzimvubu,10.889,0.0,5.156569,5.0,1,100.0,100.0,1.0,0.0
2026-08-31 22:45:52.529647,s1,5:,85,91,9634,9886,29,Morning,baseline,umzimvubu,10.889,0.0,5.156569,5.0,1,100.0,100.0,1.0,0.0
2026-08-31 22:45:52.529647,s1,LOCAL:,0,0,0,0,29,Morning,baseline,umzimvubu,10.889,0.0,5.156569,5.0,1,100.0,100.0,1.0,0.0
2026-08-31 22:45:52.529647,s2,1:,13275,104,19698281,10880,29,Morning,baseline,umzimvubu,10.889,0.0,5.156569,5.0,1,100.0,100.0,1.0,0.0
2026-08-31 22:45:52.529647,s2,2:,102,13313,10700,19702509,29,Morning,baseline,umzimvubu,10.889,0.0,5.156569,5.0,1,100.0,100.0,1.0,0.0
2026-08-31 22:45:52.529647,s2,LOCAL:,0,0,0,0,29,Morning,baseline,umzimvubu,10.889,0.0,5.156569,5.0,1,100.0,100.0,1.0,0.0
2026-08-31 22:45:52.529647,s3,1:,47,95,4034,10270,29,Morning,baseline,umzimvubu,10.889,0.0,5.156569,5.0,1,100.0,100.0,1.0,0.0
2026-08-31 22:45:52.529647,s3,2:,94,88,10180,9928,29,Morning,baseline,umzimvubu,10.889,0.0,5.156569,5.0,1,100.0,100.0,1.0,0.0
2026-08-31 22:45:52.529647,s3,LOCAL:,0,0,0,0,29,Morning,baseline,umzimvubu,10.889,0.0,5.156569,5.0,1,100.0,100.0,1.0,0.0
2026-08-31 22:45:52.529647,s4,1:,44,91,3740,9906,29,Morning,baseline,umzimvubu,10.889,0.0,5.156569,5.0,1,100.0,100.0,1.0,0.0
2026-08-31 22:45:52.529647,s4,2:,91,85,9886,9634,29,Morning,baseline,umzimvubu,10.889,0.0,5.156569,5.0,1,100.0,100.0,1.0,0.0
2026-08-31 22:45:52.529647,s4,LOCAL:,0,0,0,0,29,Morning,baseline,umzimvubu,10.889,0.0,5.156569,5.0,1,100.0,100.0,1.0,0.0
2026-08-31 22:45:52.529647,s5,1:,45,92,3830,9976,29,Morning,baseline,umzimvubu,10.889,0.0,5.156569,5.0,1,100.0,100.0,1.0,0.0
2026-08-31 22:45:52.529647,s5,2:,91,85,9886,9634,29,Morning,baseline,umzimvubu,10.889,0.0,5.156569,5.0,1,100.0,100.0,1.0,0.0
2026-08-31 22:45:52.529647,s5,LOCAL:,0,0,0,0,29,Morning,baseline,umzimvubu,10.889,0.0,5.156569,5.0,1,100.0,100.0,1.0,0.0
2026-08-31 22:45:53.529841,s1,1:,129,15563,11786,22939293,30,Morning,baseline,ntabankulu,24.727,0.0,5.13261,5.0,1,100.0,100.0,1.0,0.0
2026-08-31 22:45:53.529841,s1,2:,15488,109,22933679,11550,30,Morning,baseline,ntabankulu,24.727,0.0,5.13261,5.0,1,100.0,100.0,1.0,0.0
2026-08-31 22:45:53.529841,s1,3:,95,101,10778,11030,30,Morning,baseline,ntabankulu,24.727,0.0,5.13261,5.0,1,100.0,100.0,1.0,0.0
2026-08-31 22:45:53.529841,s1,4:,95,101,10778,11030,30,Morning,baseline,ntabankulu,24.727,0.0,5.13261,5.0,1,100.0,100.0,1.0,0.0
2026-08-31 22:45:53.529841,s1,5:,92,98,10484,10736,30,Morning,baseline,ntabankulu,24.727,0.0,5.13261,5.0,1,100.0,100.0,1.0,0.0
2026-08-31 22:45:53.529841,s1,LOCAL:,0,0,0,0,30,Morning,baseline,ntabankulu,24.727,0.0,5.13261,5.0,1,100.0,100.0,1.0,0.0
2026-08-31 22:45:53.529841,s2,1:,15446,111,22928895,11730,30,Morning,baseline,ntabankulu,24.727,0.0,5.13261,5.0,1,100.0,100.0,1.0,0.0
2026-08-31 22:45:53.529841,s2,2:,109,15488,11550,22933679,30,Morning,baseline,ntabankulu,24.727,0.0,5.13261,5.0,1,100.0,100.0,1.0,0.0
2026-08-31 22:45:53.529841,s2,LOCAL:,0,0,0,0,30,Morning,baseline,ntabankulu,24.727,0.0,5.13261,5.0,1,100.0,100.0,1.0,0.0
2026-08-31 22:45:53.529841,s3,1:,50,102,4328,11120,30,Morning,baseline,ntabankulu,24.727,0.0,5.13261,5.0,1,100.0,100.0,1.0,0.0
2026-08-31 22:45:53.529841,s3,2:,101,95,11030,10778,30,Morning,baseline,ntabankulu,24.727,0.0,5.13261,5.0,1,100.0,100.0,1.0,0.0
2026-08-31 22:45:53.529841,s3,LOCAL:,0,0,0,0,30,Morning,baseline,ntabankulu,24.727,0.0,5.13261,5.0,1,100.0,100.0,1.0,0.0
2026-08-31 22:45:53.529841,s4,1:,50,101,4328,11050,30,Morning,baseline,ntabankulu,24.727,0.0,5.13261,5.0,1,100.0,100.0,1.0,0.0
2026-08-31 22:45:53.529841,s4,2:,101,95,11030,10778,30,Morning,baseline,ntabankulu,24.727,0.0,5.13261,5.0,1,100.0,100.0,1.0,0.0
2026-08-31 22:45:53.529841,s4,LOCAL:,0,0,0,0,30,Morning,baseline,ntabankulu,24.727,0.0,5.13261,5.0,1,100.0,100.0,1.0,0.0
2026-08-31 22:45:53.529841,s5,1:,48,99,4124,10826,30,Morning,baseline,ntabankulu,24.727,0.0,5.13261,5.0,1,100.0,100.0,1.0,0.0
2026-08-31 22:45:53.529841,s5,2:,98,92,10736,10484,30,Morning,baseline,ntabankulu,24.727,0.0,5.13261,5.0,1,100.0,100.0,1.0,0.0
2026-08-31 22:45:53.529841,s5,LOCAL:,0,0,0,0,30,Morning,baseline,ntabankulu,24.727,0.0,5.13261,5.0,1,100.0,100.0,1.0,0.0
2026-08-31 22:45:54.529097,s1,1:,129,15563,11786,22939293,31,Morning,baseline,winnie,9.563,0.0,5.147319,5.0,1,100.0,100.0,1.0,0.0
2026-08-31 22:45:54.529097,s1,2:,15488,109,22933679,11550,31,Morning,baseline,winnie,9.563,0.0,5.147319,5.0,1,100.0,100.0,1.0,0.0
2026-08-31 22:45:54.529097,s1,3:,95,101,10778,11030,31,Morning,baseline,winnie,9.563,0.0,5.147319,5.0,1,100.0,100.0,1.0,0.0
2026-08-31 22:45:54.529097,s1,4:,95,101,10778,11030,31,Morning,baseline,winnie,9.563,0.0,5.147319,5.0,1,100.0,100.0,1.0,0.0
2026-08-31 22:45:54.529097,s1,5:,92,98,10484,10736,31,Morning,baseline,winnie,9.563,0.0,5.147319,5.0,1,100.0,100.0,1.0,0.0
2026-08-31 22:45:54.529097,s1,LOCAL:,0,0,0,0,31,Morning,baseline,winnie,9.563,0.0,5.147319,5.0,1,100.0,100.0,1.0,0.0
2026-08-31 22:45:54.529097,s2,1:,15446,111,22928895,11730,31,Morning,baseline,winnie,9.563,0.0,5.147319,5.0,1,100.0,100.0,1.0,0.0
2026-08-31 22:45:54.529097,s2,2:,109,15488,11550,22933679,31,Morning,baseline,winnie,9.563,0.0,5.147319,5.0,1,100.0,100.0,1.0,0.0
2026-08-31 22:45:54.529097,s2,LOCAL:,0,0,0,0,31,Morning,baseline,winnie,9.563,0.0,5.147319,5.0,1,100.0,100.0,1.0,0.0
2026-08-31 22:45:54.529097,s3,1:,50,102,4328,11120,31,Morning,baseline,winnie,9.563,0.0,5.147319,5.0,1,100.0,100.0,1.0,0.0
2026-08-31 22:45:54.529097,s3,2:,101,95,11030,10778,31,Morning,baseline,winnie,9.563,0.0,5.147319,5.0,1,100.0,100.0,1.0,0.0
2026-08-31 22:45:54.529097,s3,LOCAL:,0,0,0,0,31,Morning,baseline,winnie,9.563,0.0,5.147319,5.0,1,100.0,100.0,1.0,0.0
2026-08-31 22:45:54.529097,s4,1:,50,101,4328,11050,31,Morning,baseline,winnie,9.563,0.0,5.147319,5.0,1,100.0,100.0,1.0,0.0
2026-08-31 22:45:54.529097,s4,2:,101,95,11030,10778,31,Morning,baseline,winnie,9.563,0.0,5.147319,5.0,1,100.0,100.0,1.0,0.0
2026-08-31 22:45:54.529097,s4,LOCAL:,0,0,0,0,31,Morning,baseline,winnie,9.563,0.0,5.147319,5.0,1,100.0,100.0,1.0,0.0
2026-08-31 22:45:54.529097,s5,1:,48,99,4124,10826,31,Morning,baseline,winnie,9.563,0.0,5.147319,5.0,1,100.0,100.0,1.0,0.0
2026-08-31 22:45:54.529097,s5,2:,98,92,10736,10484,31,Morning,baseline,winnie,9.563,0.0,5.147319,5.0,1,100.0,100.0,1.0,0.0
2026-08-31 22:45:54.529097,s5,LOCAL:,0,0,0,0,31,Morning,baseline,winnie,9.563,0.0,5.147319,5.0,1,100.0,100.0,1.0,0.0
2026-08-31 22:45:55.529626,s1,1:,129,15563,11786,22939293,32,Morning,baseline,matatiele,9.301,0.0,5.1569,5.0,1,100.0,100.0,1.0,0.0
2026-08-31 22:45:55.529626,s1,2:,15488,109,22933679,11550,32,Morning,baseline,matatiele,9.301,0.0,5.1569,5.0,1,100.0,100.0,1.0,0.0
2026-08-31 22:45:55.529626,s1,3:,95,101,10778,11030,32,Morning,baseline,matatiele,9.301,0.0,5.1569,5.0,1,100.0,100.0,1.0,0.0
2026-08-31 22:45:55.529626,s1,4:,95,101,10778,11030,32,Morning,baseline,matatiele,9.301,0.0,5.1569,5.0,1,100.0,100.0,1.0,0.0
2026-08-31 22:45:55.529626,s1,5:,92,98,10484,10736,32,Morning,baseline,matatiele,9.301,0.0,5.1569,5.0,1,100.0,100.0,1.0,0.0
2026-08-31 22:45:55.529626,s1,LOCAL:,0,0,0,0,32,Morning,baseline,matatiele,9.301,0.0,5.1569,5.0,1,100.0,100.0,1.0,0.0
2026-08-31 22:45:55.529626,s2,1:,15446,111,22928895,11730,32,Morning,baseline,matatiele,9.301,0.0,5.1569,5.0,1,100.0,100.0,1.0,0.0
2026-08-31 22:45:55.529626,s2,2:,109,15488,11550,22933679,32,Morning,baseline,matatiele,9.301,0.0,5.1569,5.0,1,100.0,100.0,1.0,0.0
2026-08-31 22:45:55.529626,s2,LOCAL:,0,0,0,0,32,Morning,baseline,matatiele,9.301,0.0,5.1569,5.0,1,100.0,100.0,1.0,0.0
2026-08-31 22:45:55.529626,s3,1:,50,102,4328,11120,32,Morning,baseline,matatiele,9.301,0.0,5.1569,5.0,1,100.0,100.0,1.0,0.0
2026-08-31 22:45:55.529626,s3,2:,101,95,11030,10778,32,Morning,baseline,matatiele,9.301,0.0,5.1569,5.0,1,100.0,100.0,1.0,0.0
2026-08-31 22:45:55.529626,s3,LOCAL:,0,0,0,0,32,Morning,baseline,matatiele,9.301,0.0,5.1569,5.0,1,100.0,100.0,1.0,0.0
2026-08-31 22:45:55.529626,s4,1:,50,101,4328,11050,32,Morning,baseline,matatiele,9.301,0.0,5.1569,5.0,1,100.0,100.0,1.0,0.0
2026-08-31 22:45:55.529626,s4,2:,101,95,11030,10778,32,Morning,baseline,matatiele,9.301,0.0,5.1569,5.0,1,100.0,100.0,1.0,0.0
2026-08-31 22:45:55.529626,s4,LOCAL:,0,0,0,0,32,Morning,baseline,matatiele,9.301,0.0,5.1569,5.0,1,100.0,100.0,1.0,0.0
2026-08-31 22:45:55.529626,s5,1:,48,99,4124,10826,32,Morning,baseline,matatiele,9.301,0.0,5.1569,5.0,1,100.0,100.0,1.0,0.0
2026-08-31 22:45:55.529626,s5,2:,98,92,10736,10484,32,Morning,baseline,matatiele,9.301,0.0,5.1569,5.0,1,100.0,100.0,1.0,0.0
2026-08-31 22:45:55.529626,s5,LOCAL:,0,0,0,0,32,Morning,baseline,matatiele,9.301,0.0,5.1569,5.0,1,100.0,100.0,1.0,0.0
2026-08-31 22:45:56.527178,s1,1:,129,15563,11786,22939293,33,Morning,baseline,umzimvubu,12.123,0.0,5.152731,5.0,1,100.0,100.0,1.0,0.0
2026-08-31 22:45:56.527178,s1,2:,15488,109,22933679,11550,33,Morning,baseline,umzimvubu,12.123,0.0,5.152731,5.0,1,100.0,100.0,1.0,0.0
2026-08-31 22:45:56.527178,s1,3:,95,101,10778,11030,33,Morning,baseline,umzimvubu,12.123,0.0,5.152731,5.0,1,100.0,100.0,1.0,0.0
2026-08-31 22:45:56.527178,s1,4:,95,101,10778,11030,33,Morning,baseline,umzimvubu,12.123,0.0,5.152731,5.0,1,100.0,100.0,1.0,0.0
2026-08-31 22:45:56.527178,s1,5:,92,98,10484,10736,33,Morning,baseline,umzimvubu,12.123,0.0,5.152731,5.0,1,100.0,100.0,1.0,0.0
2026-08-31 22:45:56.527178,s1,LOCAL:,0,0,0,0,33,Morning,baseline,umzimvubu,12.123,0.0,5.152731,5.0,1,100.0,100.0,1.0,0.0
2026-08-31 22:45:56.527178,s2,1:,15446,111,22928895,11730,33,Morning,baseline,umzimvubu,12.123,0.0,5.152731,5.0,1,100.0,100.0,1.0,0.0
2026-08-31 22:45:56.527178,s2,2:,109,15488,11550,22933679,33,Morning,baseline,umzimvubu,12.123,0.0,5.152731,5.0,1,100.0,100.0,1.0,0.0
2026-08-31 22:45:56.527178,s2,LOCAL:,0,0,0,0,33,Morning,baseline,umzimvubu,12.123,0.0,5.152731,5.0,1,100.0,100.0,1.0,0.0
2026-08-31 22:45:56.527178,s3,1:,50,102,4328,11120,33,Morning,baseline,umzimvubu,12.123,0.0,5.152731,5.0,1,100.0,100.0,1.0,0.0
2026-08-31 22:45:56.527178,s3,2:,101,95,11030,10778,33,Morning,baseline,umzimvubu,12.123,0.0,5.152731,5.0,1,100.0,100.0,1.0,0.0
2026-08-31 22:45:56.527178,s3,LOCAL:,0,0,0,0,33,Morning,baseline,umzimvubu,12.123,0.0,5.152731,5.0,1,100.0,100.0,1.0,0.0
2026-08-31 22:45:56.527178,s4,1:,50,101,4328,11050,33,Morning,baseline,umzimvubu,12.123,0.0,5.152731,5.0,1,100.0,100.0,1.0,0.0
2026-08-31 22:45:56.527178,s4,2:,101,95,11030,10778,33,Morning,baseline,umzimvubu,12.123,0.0,5.152731,5.0,1,100.0,100.0,1.0,0.0
2026-08-31 22:45:56.527178,s4,LOCAL:,0,0,0,0,33,Morning,baseline,umzimvubu,12.123,0.0,5.152731,5.0,1,100.0,100.0,1.0,0.0
2026-08-31 22:45:56.527178,s5,1:,48,99,4124,10826,33,Morning,baseline,umzimvubu,12.123,0.0,5.152731,5.0,1,100.0,100.0,1.0,0.0
2026-08-31 22:45:56.527178,s5,2:,98,92,10736,10484,33,Morning,baseline,umzimvubu,12.123,0.0,5.152731,5.0,1,100.0,100.0,1.0,0.0
2026-08-31 22:45:56.527178,s5,LOCAL:,0,0,0,0,33,Morning,baseline,umzimvubu,12.123,0.0,5.152731,5.0,1,100.0,100.0,1.0,0.0
2026-08-31 22:45:57.530196,s1,1:,129,15563,11786,22939293,34,Morning,baseline,ntabankulu,10.215,0.0,5.135696,5.0,1,100.0,100.0,1.0,0.0
2026-08-31 22:45:57.530196,s1,2:,15488,109,22933679,11550,34,Morning,baseline,ntabankulu,10.215,0.0,5.135696,5.0,1,100.0,100.0,1.0,0.0
2026-08-31 22:45:57.530196,s1,3:,95,101,10778,11030,34,Morning,baseline,ntabankulu,10.215,0.0,5.135696,5.0,1,100.0,100.0,1.0,0.0
2026-08-31 22:45:57.530196,s1,4:,95,101,10778,11030,34,Morning,baseline,ntabankulu,10.215,0.0,5.135696,5.0,1,100.0,100.0,1.0,0.0
2026-08-31 22:45:57.530196,s1,5:,92,98,10484,10736,34,Morning,baseline,ntabankulu,10.215,0.0,5.135696,5.0,1,100.0,100.0,1.0,0.0
2026-08-31 22:45:57.530196,s1,LOCAL:,0,0,0,0,34,Morning,baseline,ntabankulu,10.215,0.0,5.135696,5.0,1,100.0,100.0,1.0,0.0
2026-08-31 22:45:57.530196,s2,1:,15446,111,22928895,11730,34,Morning,baseline,ntabankulu,10.215,0.0,5.135696,5.0,1,100.0,100.0,1.0,0.0
2026-08-31 22:45:57.530196,s2,2:,109,15488,11550,22933679,34,Morning,baseline,ntabankulu,10.215,0.0,5.135696,5.0,1,100.0,100.0,1.0,0.0
2026-08-31 22:45:57.530196,s2,LOCAL:,0,0,0,0,34,Morning,baseline,ntabankulu,10.215,0.0,5.135696,5.0,1,100.0,100.0,1.0,0.0
2026-08-31 22:45:57.530196,s3,1:,50,102,4328,11120,34,Morning,baseline,ntabankulu,10.215,0.0,5.135696,5.0,1,100.0,100.0,1.0,0.0
2026-08-31 22:45:57.530196,s3,2:,101,95,11030,10778,34,Morning,baseline,ntabankulu,10.215,0.0,5.135696,5.0,1,100.0,100.0,1.0,0.0
2026-08-31 22:45:57.530196,s3,LOCAL:,0,0,0,0,34,Morning,baseline,ntabankulu,10.215,0.0,5.135696,5.0,1,100.0,100.0,1.0,0.0
2026-08-31 22:45:57.530196,s4,1:,50,101,4328,11050,34,Morning,baseline,ntabankulu,10.215,0.0,5.135696,5.0,1,100.0,100.0,1.0,0.0
2026-08-31 22:45:57.530196,s4,2:,101,95,11030,10778,34,Morning,baseline,ntabankulu,10.215,0.0,5.135696,5.0,1,100.0,100.0,1.0,0.0
2026-08-31 22:45:57.530196,s4,LOCAL:,0,0,0,0,34,Morning,baseline,ntabankulu,10.215,0.0,5.135696,5.0,1,100.0,100.0,1.0,0.0
2026-08-31 22:45:57.530196,s5,1:,48,99,4124,10826,34,Morning,baseline,ntabankulu,10.215,0.0,5.135696,5.0,1,100.0,100.0,1.0,0.0
2026-08-31 22:45:57.530196,s5,2:,98,92,10736,10484,34,Morning,baseline,ntabankulu,10.215,0.0,5.135696,5.0,1,100.0,100.0,1.0,0.0
2026-08-31 22:45:57.530196,s5,LOCAL:,0,0,0,0,34,Morning,baseline,ntabankulu,10.215,0.0,5.135696,5.0,1,100.0,100.0,1.0,0.0
2026-08-31 22:45:58.526084,s1,1:,148,17744,13424,26159609,35,Morning,baseline,winnie,27.655,0.0,5.134911,5.0,1,100.0,100.0,1.0,0.0
2026-08-31 22:45:58.526084,s1,2:,17653,115,26151203,12164,35,Morning,baseline,winnie,27.655,0.0,5.134911,5.0,1,100.0,100.0,1.0,0.0
2026-08-31 22:45:58.526084,s1,3:,101,107,11392,11644,35,Morning,baseline,winnie,27.655,0.0,5.134911,5.0,1,100.0,100.0,1.0,0.0
2026-08-31 22:45:58.526084,s1,4:,101,107,11392,11644,35,Morning,baseline,winnie,27.655,0.0,5.134911,5.0,1,100.0,100.0,1.0,0.0
2026-08-31 22:45:58.526084,s1,5:,101,107,11392,11644,35,Morning,baseline,winnie,27.655,0.0,5.134911,5.0,1,100.0,100.0,1.0,0.0
2026-08-31 22:45:58.526084,s1,LOCAL:,0,0,0,0,35,Morning,baseline,winnie,27.655,0.0,5.134911,5.0,1,100.0,100.0,1.0,0.0
2026-08-31 22:45:58.526084,s2,1:,17609,117,26146141,12344,35,Morning,baseline,winnie,27.655,0.0,5.134911,5.0,1,100.0,100.0,1.0,0.0
2026-08-31 22:45:58.526084,s2,2:,115,17653,12164,26151203,35,Morning,baseline,winnie,27.655,0.0,5.134911,5.0,1,100.0,100.0,1.0,0.0
2026-08-31 22:45:58.526084,s2,LOCAL:,0,0,0,0,35,Morning,baseline,winnie,27.655,0.0,5.134911,5.0,1,100.0,100.0,1.0,0.0
2026-08-31 22:45:58.526084,s3,1:,54,108,4664,11734,35,Morning,baseline,winnie,27.655,0.0,5.134911,5.0,1,100.0,100.0,1.0,0.0
2026-08-31 22:45:58.526084,s3,2:,107,101,11644,11392,35,Morning,baseline,winnie,27.655,0.0,5.134911,5.0,1,100.0,100.0,1.0,0.0
2026-08-31 22:45:58.526084,s3,LOCAL:,0,0,0,0,35,Morning,baseline,winnie,27.655,0.0,5.134911,5.0,1,100.0,100.0,1.0,0.0
2026-08-31 22:45:58.526084,s4,1:,54,107,4664,11664,35,Morning,baseline,winnie,27.655,0.0,5.134911,5.0,1,100.0,100.0,1.0,0.0
2026-08-31 22:45:58.526084,s4,2:,107,101,11644,11392,35,Morning,baseline,winnie,27.655,0.0,5.134911,5.0,1,100.0,100.0,1.0,0.0
2026-08-31 22:45:58.526084,s4,LOCAL:,0,0,0,0,35,Morning,baseline,winnie,27.655,0.0,5.134911,5.0,1,100.0,100.0,1.0,0.0
2026-08-31 22:45:58.526084,s5,1:,55,108,4754,11734,35,Morning,baseline,winnie,27.655,0.0,5.134911,5.0,1,100.0,100.0,1.0,0.0
2026-08-31 22:45:58.526084,s5,2:,107,101,11644,11392,35,Morning,baseline,winnie,27.655,0.0,5.134911,5.0,1,100.0,100.0,1.0,0.0
2026-08-31 22:45:58.526084,s5,LOCAL:,0,0,0,0,35,Morning,baseline,winnie,27.655,0.0,5.134911,5.0,1,100.0,100.0,1.0,0.0
2026-08-31 22:45:59.559614,s1,1:,148,17744,13424,26159609,36,Morning,baseline,matatiele,10.208,0.0,5.181224,5.0,1,100.0,100.0,1.0,0.0
2026-08-31 22:45:59.559614,s1,2:,17653,115,26151203,12164,36,Morning,baseline,matatiele,10.208,0.0,5.181224,5.0,1,100.0,100.0,1.0,0.0
2026-08-31 22:45:59.559614,s1,3:,101,107,11392,11644,36,Morning,baseline,matatiele,10.208,0.0,5.181224,5.0,1,100.0,100.0,1.0,0.0
2026-08-31 22:45:59.559614,s1,4:,101,107,11392,11644,36,Morning,baseline,matatiele,10.208,0.0,5.181224,5.0,1,100.0,100.0,1.0,0.0
2026-08-31 22:45:59.559614,s1,5:,101,107,11392,11644,36,Morning,baseline,matatiele,10.208,0.0,5.181224,5.0,1,100.0,100.0,1.0,0.0
2026-08-31 22:45:59.559614,s1,LOCAL:,0,0,0,0,36,Morning,baseline,matatiele,10.208,0.0,5.181224,5.0,1,100.0,100.0,1.0,0.0
2026-08-31 22:45:59.559614,s2,1:,17609,117,26146141,12344,36,Morning,baseline,matatiele,10.208,0.0,5.181224,5.0,1,100.0,100.0,1.0,0.0
2026-08-31 22:45:59.559614,s2,2:,115,17653,12164,26151203,36,Morning,baseline,matatiele,10.208,0.0,5.181224,5.0,1,100.0,100.0,1.0,0.0
2026-08-31 22:45:59.559614,s2,LOCAL:,0,0,0,0,36,Morning,baseline,matatiele,10.208,0.0,5.181224,5.0,1,100.0,100.0,1.0,0.0
2026-08-31 22:45:59.559614,s3,1:,54,108,4664,11734,36,Morning,baseline,matatiele,10.208,0.0,5.181224,5.0,1,100.0,100.0,1.0,0.0
2026-08-31 22:45:59.559614,s3,2:,107,101,11644,11392,36,Morning,baseline,matatiele,10.208,0.0,5.181224,5.0,1,100.0,100.0,1.0,0.0
2026-08-31 22:45:59.559614,s3,LOCAL:,0,0,0,0,36,Morning,baseline,matatiele,10.208,0.0,5.181224,5.0,1,100.0,100.0,1.0,0.0
2026-08-31 22:45:59.559614,s4,1:,54,107,4664,11664,36,Morning,baseline,matatiele,10.208,0.0,5.181224,5.0,1,100.0,100.0,1.0,0.0
2026-08-31 22:45:59.559614,s4,2:,107,101,11644,11392,36,Morning,baseline,matatiele,10.208,0.0,5.181224,5.0,1,100.0,100.0,1.0,0.0
2026-08-31 22:45:59.559614,s4,LOCAL:,0,0,0,0,36,Morning,baseline,matatiele,10.208,0.0,5.181224,5.0,1,100.0,100.0,1.0,0.0
2026-08-31 22:45:59.559614,s5,1:,55,108,4754,11734,36,Morning,baseline,matatiele,10.208,0.0,5.181224,5.0,1,100.0,100.0,1.0,0.0
2026-08-31 22:45:59.559614,s5,2:,107,101,11644,11392,36,Morning,baseline,matatiele,10.208,0.0,5.181224,5.0,1,100.0,100.0,1.0,0.0
2026-08-31 22:45:59.559614,s5,LOCAL:,0,0,0,0,36,Morning,baseline,matatiele,10.208,0.0,5.181224,5.0,1,100.0,100.0,1.0,0.0
2026-08-31 22:46:00.523678,s1,1:,148,17744,13424,26159609,37,Morning,baseline,umzimvubu,15.052,0.0,5.118913,5.0,1,100.0,100.0,1.0,0.0
2026-08-31 22:46:00.523678,s1,2:,17653,115,26151203,12164,37,Morning,baseline,umzimvubu,15.052,0.0,5.118913,5.0,1,100.0,100.0,1.0,0.0
2026-08-31 22:46:00.523678,s1,3:,101,107,11392,11644,37,Morning,baseline,umzimvubu,15.052,0.0,5.118913,5.0,1,100.0,100.0,1.0,0.0
2026-08-31 22:46:00.523678,s1,4:,101,107,11392,11644,37,Morning,baseline,umzimvubu,15.052,0.0,5.118913,5.0,1,100.0,100.0,1.0,0.0
2026-08-31 22:46:00.523678,s1,5:,101,107,11392,11644,37,Morning,baseline,umzimvubu,15.052,0.0,5.118913,5.0,1,100.0,100.0,1.0,0.0
2026-08-31 22:46:00.523678,s1,LOCAL:,0,0,0,0,37,Morning,baseline,umzimvubu,15.052,0.0,5.118913,5.0,1,100.0,100.0,1.0,0.0
2026-08-31 22:46:00.523678,s2,1:,17609,117,26146141,12344,37,Morning,baseline,umzimvubu,15.052,0.0,5.118913,5.0,1,100.0,100.0,1.0,0.0
2026-08-31 22:46:00.523678,s2,2:,115,17653,12164,26151203,37,Morning,baseline,umzimvubu,15.052,0.0,5.118913,5.0,1,100.0,100.0,1.0,0.0
2026-08-31 22:46:00.523678,s2,LOCAL:,0,0,0,0,37,Morning,baseline,umzimvubu,15.052,0.0,5.118913,5.0,1,100.0,100.0,1.0,0.0
2026-08-31 22:46:00.523678,s3,1:,54,108,4664,11734,37,Morning,baseline,umzimvubu,15.052,0.0,5.118913,5.0,1,100.0,100.0,1.0,0.0
2026-08-31 22:46:00.523678,s3,2:,107,101,11644,11392,37,Morning,baseline,umzimvubu,15.052,0.0,5.118913,5.0,1,100.0,100.0,1.0,0.0
2026-08-31 22:46:00.523678,s3,LOCAL:,0,0,0,0,37,Morning,baseline,umzimvubu,15.052,0.0,5.118913,5.0,1,100.0,100.0,1.0,0.0
2026-08-31 22:46:00.523678,s4,1:,54,107,4664,11664,37,Morning,baseline,umzimvubu,15.052,0.0,5.118913,5.0,1,100.0,100.0,1.0,0.0
2026-08-31 22:46:00.523678,s4,2:,107,101,11644,11392,37,Morning,baseline,umzimvubu,15.052,0.0,5.118913,5.0,1,100.0,100.0,1.0,0.0
2026-08-31 22:46:00.523678,s4,LOCAL:,0,0,0,0,37,Morning,baseline,umzimvubu,15.052,0.0,5.118913,5.0,1,100.0,100.0,1.0,0.0
2026-08-31 22:46:00.523678,s5,1:,55,108,4754,11734,37,Morning,baseline,umzimvubu,15.052,0.0,5.118913,5.0,1,100.0,100.0,1.0,0.0
2026-08-31 22:46:00.523678,s5,2:,107,101,11644,11392,37,Morning,baseline,umzimvubu,15.052,0.0,5.118913,5.0,1,100.0,100.0,1.0,0.0
2026-08-31 22:46:00.523678,s5,LOCAL:,0,0,0,0,37,Morning,baseline,umzimvubu,15.052,0.0,5.118913,5.0,1,100.0,100.0,1.0,0.0
2026-08-31 22:46:01.526394,s1,1:,148,17744,13424,26159609,38,Morning,baseline,ntabankulu,10.198,0.0,5.170995,5.0,1,100.0,100.0,1.0,0.0
2026-08-31 22:46:01.526394,s1,2:,17653,115,26151203,12164,38,Morning,baseline,ntabankulu,10.198,0.0,5.170995,5.0,1,100.0,100.0,1.0,0.0
2026-08-31 22:46:01.526394,s1,3:,101,107,11392,11644,38,Morning,baseline,ntabankulu,10.198,0.0,5.170995,5.0,1,100.0,100.0,1.0,0.0
2026-08-31 22:46:01.526394,s1,4:,101,107,11392,11644,38,Morning,baseline,ntabankulu,10.198,0.0,5.170995,5.0,1,100.0,100.0,1.0,0.0
2026-08-31 22:46:01.526394,s1,5:,101,107,11392,11644,38,Morning,baseline,ntabankulu,10.198,0.0,5.170995,5.0,1,100.0,100.0,1.0,0.0
2026-08-31 22:46:01.526394,s1,LOCAL:,0,0,0,0,38,Morning,baseline,ntabankulu,10.198,0.0,5.170995,5.0,1,100.0,100.0,1.0,0.0
2026-08-31 22:46:01.526394,s2,1:,17609,117,26146141,12344,38,Morning,baseline,ntabankulu,10.198,0.0,5.170995,5.0,1,100.0,100.0,1.0,0.0
2026-08-31 22:46:01.526394,s2,2:,115,17653,12164,26151203,38,Morning,baseline,ntabankulu,10.198,0.0,5.170995,5.0,1,100.0,100.0,1.0,0.0
2026-08-31 22:46:01.526394,s2,LOCAL:,0,0,0,0,38,Morning,baseline,ntabankulu,10.198,0.0,5.170995,5.0,1,100.0,100.0,1.0,0.0
2026-08-31 22:46:01.526394,s3,1:,54,108,4664,11734,38,Morning,baseline,ntabankulu,10.198,0.0,5.170995,5.0,1,100.0,100.0,1.0,0.0
2026-08-31 22:46:01.526394,s3,2:,107,101,11644,11392,38,Morning,baseline,ntabankulu,10.198,0.0,5.170995,5.0,1,100.0,100.0,1.0,0.0
2026-08-31 22:46:01.526394,s3,LOCAL:,0,0,0,0,38,Morning,baseline,ntabankulu,10.198,0.0,5.170995,5.0,1,100.0,100.0,1.0,0.0
2026-08-31 22:46:01.526394,s4,1:,54,107,4664,11664,38,Morning,baseline,ntabankulu,10.198,0.0,5.170995,5.0,1,100.0,100.0,1.0,0.0
2026-08-31 22:46:01.526394,s4,2:,107,101,11644,11392,38,Morning,baseline,ntabankulu,10.198,0.0,5.170995,5.0,1,100.0,100.0,1.0,0.0
2026-08-31 22:46:01.526394,s4,LOCAL:,0,0,0,0,38,Morning,baseline,ntabankulu,10.198,0.0,5.170995,5.0,1,100.0,100.0,1.0,0.0
2026-08-31 22:46:01.526394,s5,1:,55,108,4754,11734,38,Morning,baseline,ntabankulu,10.198,0.0,5.170995,5.0,1,100.0,100.0,1.0,0.0
2026-08-31 22:46:01.526394,s5,2:,107,101,11644,11392,38,Morning,baseline,ntabankulu,10.198,0.0,5.170995,5.0,1,100.0,100.0,1.0,0.0
2026-08-31 22:46:01.526394,s5,LOCAL:,0,0,0,0,38,Morning,baseline,ntabankulu,10.198,0.0,5.170995,5.0,1,100.0,100.0,1.0,0.0
2026-08-31 22:46:02.526255,s1,1:,148,17744,13424,26159609,39,Morning,baseline,winnie,16.084,0.0,5.127552,5.0,1,100.0,100.0,1.0,0.0
2026-08-31 22:46:02.526255,s1,2:,17653,115,26151203,12164,39,Morning,baseline,winnie,16.084,0.0,5.127552,5.0,1,100.0,100.0,1.0,0.0
2026-08-31 22:46:02.526255,s1,3:,101,107,11392,11644,39,Morning,baseline,winnie,16.084,0.0,5.127552,5.0,1,100.0,100.0,1.0,0.0
2026-08-31 22:46:02.526255,s1,4:,101,107,11392,11644,39,Morning,baseline,winnie,16.084,0.0,5.127552,5.0,1,100.0,100.0,1.0,0.0
2026-08-31 22:46:02.526255,s1,5:,101,107,11392,11644,39,Morning,baseline,winnie,16.084,0.0,5.127552,5.0,1,100.0,100.0,1.0,0.0
2026-08-31 22:46:02.526255,s1,LOCAL:,0,0,0,0,39,Morning,baseline,winnie,16.084,0.0,5.127552,5.0,1,100.0,100.0,1.0,0.0
2026-08-31 22:46:02.526255,s2,1:,17609,117,26146141,12344,39,Morning,baseline,winnie,16.084,0.0,5.127552,5.0,1,100.0,100.0,1.0,0.0
2026-08-31 22:46:02.526255,s2,2:,115,17653,12164,26151203,39,Morning,baseline,winnie,16.084,0.0,5.127552,5.0,1,100.0,100.0,1.0,0.0
2026-08-31 22:46:02.526255,s2,LOCAL:,0,0,0,0,39,Morning,baseline,winnie,16.084,0.0,5.127552,5.0,1,100.0,100.0,1.0,0.0
2026-08-31 22:46:02.526255,s3,1:,54,108,4664,11734,39,Morning,baseline,winnie,16.084,0.0,5.127552,5.0,1,100.0,100.0,1.0,0.0
2026-08-31 22:46:02.526255,s3,2:,107,101,11644,11392,39,Morning,baseline,winnie,16.084,0.0,5.127552,5.0,1,100.0,100.0,1.0,0.0
2026-08-31 22:46:02.526255,s3,LOCAL:,0,0,0,0,39,Morning,baseline,winnie,16.084,0.0,5.127552,5.0,1,100.0,100.0,1.0,0.0
2026-08-31 22:46:02.526255,s4,1:,54,107,4664,11664,39,Morning,baseline,winnie,16.084,0.0,5.127552,5.0,1,100.0,100.0,1.0,0.0
2026-08-31 22:46:02.526255,s4,2:,107,101,11644,11392,39,Morning,baseline,winnie,16.084,0.0,5.127552,5.0,1,100.0,100.0,1.0,0.0
2026-08-31 22:46:02.526255,s4,LOCAL:,0,0,0,0,39,Morning,baseline,winnie,16.084,0.0,5.127552,5.0,1,100.0,100.0,1.0,0.0
2026-08-31 22:46:02.526255,s5,1:,55,108,4754,11734,39,Morning,baseline,winnie,16.084,0.0,5.127552,5.0,1,100.0,100.0,1.0,0.0
2026-08-31 22:46:02.526255,s5,2:,107,101,11644,11392,39,Morning,baseline,winnie,16.084,0.0,5.127552,5.0,1,100.0,100.0,1.0,0.0
2026-08-31 22:46:02.526255,s5,LOCAL:,0,0,0,0,39,Morning,baseline,winnie,16.084,0.0,5.127552,5.0,1,100.0,100.0,1.0,0.0
2026-08-31 22:46:03.710889,s1,1:,164,19923,14936,29378587,40,Morning,baseline,matatiele,13.607,0.0,5.158549,5.0,1,100.0,100.0,1.0,0.0
2026-08-31 22:46:03.710889,s1,2:,19823,125,29370747,13308,40,Morning,baseline,matatiele,13.607,0.0,5.158549,5.0,1,100.0,100.0,1.0,0.0
2026-08-31 22:46:03.710889,s1,3:,108,114,12242,12494,40,Morning,baseline,matatiele,13.607,0.0,5.158549,5.0,1,100.0,100.0,1.0,0.0
2026-08-31 22:46:03.710889,s1,4:,108,114,12242,12494,40,Morning,baseline,matatiele,13.607,0.0,5.158549,5.0,1,100.0,100.0,1.0,0.0
2026-08-31 22:46:03.710889,s1,5:,109,115,12284,12536,40,Morning,baseline,matatiele,13.607,0.0,5.158549,5.0,1,100.0,100.0,1.0,0.0
2026-08-31 22:46:03.710889,s1,LOCAL:,0,0,0,0,40,Morning,baseline,matatiele,13.607,0.0,5.158549,5.0,1,100.0,100.0,1.0,0.0
2026-08-31 22:46:03.710889,s2,1:,19778,127,29369599,13488,40,Morning,baseline,matatiele,13.607,0.0,5.158549,5.0,1,100.0,100.0,1.0,0.0
2026-08-31 22:46:03.710889,s2,2:,125,19823,13308,29370747,40,Morning,baseline,matatiele,13.607,0.0,5.158549,5.0,1,100.0,100.0,1.0,0.0
2026-08-31 22:46:03.710889,s2,LOCAL:,0,0,0,0,40,Morning,baseline,matatiele,13.607,0.0,5.158549,5.0,1,100.0,100.0,1.0,0.0
2026-08-31 22:46:03.710889,s3,1:,57,115,4958,12584,40,Morning,baseline,matatiele,13.607,0.0,5.158549,5.0,1,100.0,100.0,1.0,0.0
2026-08-31 22:46:03.710889,s3,2:,114,108,12494,12242,40,Morning,baseline,matatiele,13.607,0.0,5.158549,5.0,1,100.0,100.0,1.0,0.0
2026-08-31 22:46:03.710889,s3,LOCAL:,0,0,0,0,40,Morning,baseline,matatiele,13.607,0.0,5.158549,5.0,1,100.0,100.0,1.0,0.0
2026-08-31 22:46:03.710889,s4,1:,57,114,4958,12514,40,Morning,baseline,matatiele,13.607,0.0,5.158549,5.0,1,100.0,100.0,1.0,0.0
2026-08-31 22:46:03.710889,s4,2:,114,108,12494,12242,40,Morning,baseline,matatiele,13.607,0.0,5.158549,5.0,1,100.0,100.0,1.0,0.0
2026-08-31 22:46:03.710889,s4,LOCAL:,0,0,0,0,40,Morning,baseline,matatiele,13.607,0.0,5.158549,5.0,1,100.0,100.0,1.0,0.0
2026-08-31 22:46:03.710889,s5,1:,59,116,5090,12626,40,Morning,baseline,matatiele,13.607,0.0,5.158549,5.0,1,100.0,100.0,1.0,0.0
2026-08-31 22:46:03.710889,s5,2:,115,109,12536,12284,40,Morning,baseline,matatiele,13.607,0.0,5.158549,5.0,1,100.0,100.0,1.0,0.0
2026-08-31 22:46:03.710889,s5,LOCAL:,0,0,0,0,40,Morning,baseline,matatiele,13.607,0.0,5.158549,5.0,1,100.0,100.0,1.0,0.0
2026-08-31 22:46:04.555422,s1,1:,164,19923,14936,29378587,41,Morning,baseline,umzimvubu,17.905,0.0,5.159036,5.0,1,100.0,100.0,1.0,0.0
2026-08-31 22:46:04.555422,s1,2:,19823,125,29370747,13308,41,Morning,baseline,umzimvubu,17.905,0.0,5.159036,5.0,1,100.0,100.0,1.0,0.0
2026-08-31 22:46:04.555422,s1,3:,108,114,12242,12494,41,Morning,baseline,umzimvubu,17.905,0.0,5.159036,5.0,1,100.0,100.0,1.0,0.0
2026-08-31 22:46:04.555422,s1,4:,108,114,12242,12494,41,Morning,baseline,umzimvubu,17.905,0.0,5.159036,5.0,1,100.0,100.0,1.0,0.0
2026-08-31 22:46:04.555422,s1,5:,109,115,12284,12536,41,Morning,baseline,umzimvubu,17.905,0.0,5.159036,5.0,1,100.0,100.0,1.0,0.0
2026-08-31 22:46:04.555422,s1,LOCAL:,0,0,0,0,41,Morning,baseline,umzimvubu,17.905,0.0,5.159036,5.0,1,100.0,100.0,1.0,0.0
2026-08-31 22:46:04.555422,s2,1:,19778,127,29369599,13488,41,Morning,baseline,umzimvubu,17.905,0.0,5.159036,5.0,1,100.0,100.0,1.0,0.0
2026-08-31 22:46:04.555422,s2,2:,125,19823,13308,29370747,41,Morning,baseline,umzimvubu,17.905,0.0,5.159036,5.0,1,100.0,100.0,1.0,0.0
2026-08-31 22:46:04.555422,s2,LOCAL:,0,0,0,0,41,Morning,baseline,umzimvubu,17.905,0.0,5.159036,5.0,1,100.0,100.0,1.0,0.0
2026-08-31 22:46:04.555422,s3,1:,57,115,4958,12584,41,Morning,baseline,umzimvubu,17.905,0.0,5.159036,5.0,1,100.0,100.0,1.0,0.0
2026-08-31 22:46:04.555422,s3,2:,114,108,12494,12242,41,Morning,baseline,umzimvubu,17.905,0.0,5.159036,5.0,1,100.0,100.0,1.0,0.0
2026-08-31 22:46:04.555422,s3,LOCAL:,0,0,0,0,41,Morning,baseline,umzimvubu,17.905,0.0,5.159036,5.0,1,100.0,100.0,1.0,0.0
2026-08-31 22:46:04.555422,s4,1:,57,114,4958,12514,41,Morning,baseline,umzimvubu,17.905,0.0,5.159036,5.0,1,100.0,100.0,1.0,0.0
2026-08-31 22:46:04.555422,s4,2:,114,108,12494,12242,41,Morning,baseline,umzimvubu,17.905,0.0,5.159036,5.0,1,100.0,100.0,1.0,0.0
2026-08-31 22:46:04.555422,s4,LOCAL:,0,0,0,0,41,Morning,baseline,umzimvubu,17.905,0.0,5.159036,5.0,1,100.0,100.0,1.0,0.0
2026-08-31 22:46:04.555422,s5,1:,59,116,5090,12626,41,Morning,baseline,umzimvubu,17.905,0.0,5.159036,5.0,1,100.0,100.0,1.0,0.0
2026-08-31 22:46:04.555422,s5,2:,115,109,12536,12284,41,Morning,baseline,umzimvubu,17.905,0.0,5.159036,5.0,1,100.0,100.0,1.0,0.0
2026-08-31 22:46:04.555422,s5,LOCAL:,0,0,0,0,41,Morning,baseline,umzimvubu,17.905,0.0,5.159036,5.0,1,100.0,100.0,1.0,0.0
2026-08-31 22:46:05.524252,s1,1:,164,19923,14936,29378587,42,Morning,baseline,ntabankulu,13.797,0.0,5.115387,5.0,1,100.0,100.0,1.0,0.0
2026-08-31 22:46:05.524252,s1,2:,19823,125,29370747,13308,42,Morning,baseline,ntabankulu,13.797,0.0,5.115387,5.0,1,100.0,100.0,1.0,0.0
2026-08-31 22:46:05.524252,s1,3:,108,114,12242,12494,42,Morning,baseline,ntabankulu,13.797,0.0,5.115387,5.0,1,100.0,100.0,1.0,0.0
2026-08-31 22:46:05.524252,s1,4:,108,114,12242,12494,42,Morning,baseline,ntabankulu,13.797,0.0,5.115387,5.0,1,100.0,100.0,1.0,0.0
2026-08-31 22:46:05.524252,s1,5:,109,115,12284,12536,42,Morning,baseline,ntabankulu,13.797,0.0,5.115387,5.0,1,100.0,100.0,1.0,0.0
2026-08-31 22:46:05.524252,s1,LOCAL:,0,0,0,0,42,Morning,baseline,ntabankulu,13.797,0.0,5.115387,5.0,1,100.0,100.0,1.0,0.0
2026-08-31 22:46:05.524252,s2,1:,19778,127,29369599,13488,42,Morning,baseline,ntabankulu,13.797,0.0,5.115387,5.0,1,100.0,100.0,1.0,0.0
2026-08-31 22:46:05.524252,s2,2:,125,19823,13308,29370747,42,Morning,baseline,ntabankulu,13.797,0.0,5.115387,5.0,1,100.0,100.0,1.0,0.0
2026-08-31 22:46:05.524252,s2,LOCAL:,0,0,0,0,42,Morning,baseline,ntabankulu,13.797,0.0,5.115387,5.0,1,100.0,100.0,1.0,0.0
2026-08-31 22:46:05.524252,s3,1:,57,115,4958,12584,42,Morning,baseline,ntabankulu,13.797,0.0,5.115387,5.0,1,100.0,100.0,1.0,0.0
2026-08-31 22:46:05.524252,s3,2:,114,108,12494,12242,42,Morning,baseline,ntabankulu,13.797,0.0,5.115387,5.0,1,100.0,100.0,1.0,0.0
2026-08-31 22:46:05.524252,s3,LOCAL:,0,0,0,0,42,Morning,baseline,ntabankulu,13.797,0.0,5.115387,5.0,1,100.0,100.0,1.0,0.0
2026-08-31 22:46:05.524252,s4,1:,57,114,4958,12514,42,Morning,baseline,ntabankulu,13.797,0.0,5.115387,5.0,1,100.0,100.0,1.0,0.0
2026-08-31 22:46:05.524252,s4,2:,114,108,12494,12242,42,Morning,baseline,ntabankulu,13.797,0.0,5.115387,5.0,1,100.0,100.0,1.0,0.0
2026-08-31 22:46:05.524252,s4,LOCAL:,0,0,0,0,42,Morning,baseline,ntabankulu,13.797,0.0,5.115387,5.0,1,100.0,100.0,1.0,0.0
2026-08-31 22:46:05.524252,s5,1:,59,116,5090,12626,42,Morning,baseline,ntabankulu,13.797,0.0,5.115387,5.0,1,100.0,100.0,1.0,0.0
2026-08-31 22:46:05.524252,s5,2:,115,109,12536,12284,42,Morning,baseline,ntabankulu,13.797,0.0,5.115387,5.0,1,100.0,100.0,1.0,0.0
2026-08-31 22:46:05.524252,s5,LOCAL:,0,0,0,0,42,Morning,baseline,ntabankulu,13.797,0.0,5.115387,5.0,1,100.0,100.0,1.0,0.0
2026-08-31 22:46:06.525153,s1,1:,164,19923,14936,29378587,43,Morning,baseline,winnie,12.532,0.0,5.172043,5.0,1,100.0,100.0,1.0,0.0
2026-08-31 22:46:06.525153,s1,2:,19823,125,29370747,13308,43,Morning,baseline,winnie,12.532,0.0,5.172043,5.0,1,100.0,100.0,1.0,0.0
2026-08-31 22:46:06.525153,s1,3:,108,114,12242,12494,43,Morning,baseline,winnie,12.532,0.0,5.172043,5.0,1,100.0,100.0,1.0,0.0
2026-08-31 22:46:06.525153,s1,4:,108,114,12242,12494,43,Morning,baseline,winnie,12.532,0.0,5.172043,5.0,1,100.0,100.0,1.0,0.0
2026-08-31 22:46:06.525153,s1,5:,109,115,12284,12536,43,Morning,baseline,winnie,12.532,0.0,5.172043,5.0,1,100.0,100.0,1.0,0.0
2026-08-31 22:46:06.525153,s1,LOCAL:,0,0,0,0,43,Morning,baseline,winnie,12.532,0.0,5.172043,5.0,1,100.0,100.0,1.0,0.0
2026-08-31 22:46:06.525153,s2,1:,19778,127,29369599,13488,43,Morning,baseline,winnie,12.532,0.0,5.172043,5.0,1,100.0,100.0,1.0,0.0
2026-08-31 22:46:06.525153,s2,2:,125,19823,13308,29370747,43,Morning,baseline,winnie,12.532,0.0,5.172043,5.0,1,100.0,100.0,1.0,0.0
2026-08-31 22:46:06.525153,s2,LOCAL:,0,0,0,0,43,Morning,baseline,winnie,12.532,0.0,5.172043,5.0,1,100.0,100.0,1.0,0.0
2026-08-31 22:46:06.525153,s3,1:,57,115,4958,12584,43,Morning,baseline,winnie,12.532,0.0,5.172043,5.0,1,100.0,100.0,1.0,0.0
2026-08-31 22:46:06.525153,s3,2:,114,108,12494,12242,43,Morning,baseline,winnie,12.532,0.0,5.172043,5.0,1,100.0,100.0,1.0,0.0
2026-08-31 22:46:06.525153,s3,LOCAL:,0,0,0,0,43,Morning,baseline,winnie,12.532,0.0,5.172043,5.0,1,100.0,100.0,1.0,0.0
2026-08-31 22:46:06.525153,s4,1:,57,114,4958,12514,43,Morning,baseline,winnie,12.532,0.0,5.172043,5.0,1,100.0,100.0,1.0,0.0
2026-08-31 22:46:06.525153,s4,2:,114,108,12494,12242,43,Morning,baseline,winnie,12.532,0.0,5.172043,5.0,1,100.0,100.0,1.0,0.0
2026-08-31 22:46:06.525153,s4,LOCAL:,0,0,0,0,43,Morning,baseline,winnie,12.532,0.0,5.172043,5.0,1,100.0,100.0,1.0,0.0
2026-08-31 22:46:06.525153,s5,1:,59,116,5090,12626,43,Morning,baseline,winnie,12.532,0.0,5.172043,5.0,1,100.0,100.0,1.0,0.0
2026-08-31 22:46:06.525153,s5,2:,115,109,12536,12284,43,Morning,baseline,winnie,12.532,0.0,5.172043,5.0,1,100.0,100.0,1.0,0.0
2026-08-31 22:46:06.525153,s5,LOCAL:,0,0,0,0,43,Morning,baseline,winnie,12.532,0.0,5.172043,5.0,1,100.0,100.0,1.0,0.0
2026-08-31 22:46:07.753817,s1,1:,164,19923,14936,29378587,44,Morning,baseline,matatiele,24.133,0.0,4.613306,5.0,1,100.0,100.0,1.0,0.0
2026-08-31 22:46:07.753817,s1,2:,19823,125,29370747,13308,44,Morning,baseline,matatiele,24.133,0.0,4.613306,5.0,1,100.0,100.0,1.0,0.0
2026-08-31 22:46:07.753817,s1,3:,108,114,12242,12494,44,Morning,baseline,matatiele,24.133,0.0,4.613306,5.0,1,100.0,100.0,1.0,0.0
2026-08-31 22:46:07.753817,s1,4:,108,114,12242,12494,44,Morning,baseline,matatiele,24.133,0.0,4.613306,5.0,1,100.0,100.0,1.0,0.0
2026-08-31 22:46:07.753817,s1,5:,109,115,12284,12536,44,Morning,baseline,matatiele,24.133,0.0,4.613306,5.0,1,100.0,100.0,1.0,0.0
2026-08-31 22:46:07.753817,s1,LOCAL:,0,0,0,0,44,Morning,baseline,matatiele,24.133,0.0,4.613306,5.0,1,100.0,100.0,1.0,0.0
2026-08-31 22:46:07.753817,s2,1:,19778,127,29369599,13488,44,Morning,baseline,matatiele,24.133,0.0,4.613306,5.0,1,100.0,100.0,1.0,0.0
2026-08-31 22:46:07.753817,s2,2:,125,19823,13308,29370747,44,Morning,baseline,matatiele,24.133,0.0,4.613306,5.0,1,100.0,100.0,1.0,0.0
2026-08-31 22:46:07.753817,s2,LOCAL:,0,0,0,0,44,Morning,baseline,matatiele,24.133,0.0,4.613306,5.0,1,100.0,100.0,1.0,0.0
2026-08-31 22:46:07.753817,s3,1:,57,115,4958,12584,44,Morning,baseline,matatiele,24.133,0.0,4.613306,5.0,1,100.0,100.0,1.0,0.0
2026-08-31 22:46:07.753817,s3,2:,114,108,12494,12242,44,Morning,baseline,matatiele,24.133,0.0,4.613306,5.0,1,100.0,100.0,1.0,0.0
2026-08-31 22:46:07.753817,s3,LOCAL:,0,0,0,0,44,Morning,baseline,matatiele,24.133,0.0,4.613306,5.0,1,100.0,100.0,1.0,0.0
2026-08-31 22:46:07.753817,s4,1:,57,114,4958,12514,44,Morning,baseline,matatiele,24.133,0.0,4.613306,5.0,1,100.0,100.0,1.0,0.0
2026-08-31 22:46:07.753817,s4,2:,114,108,12494,12242,44,Morning,baseline,matatiele,24.133,0.0,4.613306,5.0,1,100.0,100.0,1.0,0.0
2026-08-31 22:46:07.753817,s4,LOCAL:,0,0,0,0,44,Morning,baseline,matatiele,24.133,0.0,4.613306,5.0,1,100.0,100.0,1.0,0.0
2026-08-31 22:46:07.753817,s5,1:,59,116,5090,12626,44,Morning,baseline,matatiele,24.133,0.0,4.613306,5.0,1,100.0,100.0,1.0,0.0
2026-08-31 22:46:07.753817,s5,2:,115,109,12536,12284,44,Morning,baseline,matatiele,24.133,0.0,4.613306,5.0,1,100.0,100.0,1.0,0.0
2026-08-31 22:46:07.753817,s5,LOCAL:,0,0,0,0,44,Morning,baseline,matatiele,24.133,0.0,4.613306,5.0,1,100.0,100.0,1.0,0.0
2026-08-31 22:46:08.529614,s1,1:,180,22103,16448,32601757,45,Morning,baseline,umzimvubu,10.277,0.0,5.97046,5.0,1,100.0,100.0,1.0,0.0
2026-08-31 22:46:08.529614,s1,2:,21992,131,32594259,13950,45,Morning,baseline,umzimvubu,10.277,0.0,5.97046,5.0,1,100.0,100.0,1.0,0.0
2026-08-31 22:46:08.529614,s1,3:,118,123,13220,13402,45,Morning,baseline,umzimvubu,10.277,0.0,5.97046,5.0,1,100.0,100.0,1.0,0.0
2026-08-31 22:46:08.529614,s1,4:,113,119,12814,13066,45,Morning,baseline,umzimvubu,10.277,0.0,5.97046,5.0,1,100.0,100.0,1.0,0.0
2026-08-31 22:46:08.529614,s1,5:,114,120,12856,13108,45,Morning,baseline,umzimvubu,10.277,0.0,5.97046,5.0,1,100.0,100.0,1.0,0.0
2026-08-31 22:46:08.529614,s1,LOCAL:,0,0,0,0,45,Morning,baseline,umzimvubu,10.277,0.0,5.97046,5.0,1,100.0,100.0,1.0,0.0
2026-08-31 22:46:08.529614,s2,1:,21941,132,32586873,14060,45,Morning,baseline,umzimvubu,10.277,0.0,5.97046,5.0,1,100.0,100.0,1.0,0.0
2026-08-31 22:46:08.529614,s2,2:,131,21992,13950,32594259,45,Morning,baseline,umzimvubu,10.277,0.0,5.97046,5.0,1,100.0,100.0,1.0,0.0
2026-08-31 22:46:08.529614,s2,LOCAL:,0,0,0,0,45,Morning,baseline,umzimvubu,10.277,0.0,5.97046,5.0,1,100.0,100.0,1.0,0.0
2026-08-31 22:46:08.529614,s3,1:,64,124,5588,13492,45,Morning,baseline,umzimvubu,10.277,0.0,5.97046,5.0,1,100.0,100.0,1.0,0.0
2026-08-31 22:46:08.529614,s3,2:,123,118,13402,13220,45,Morning,baseline,umzimvubu,10.277,0.0,5.97046,5.0,1,100.0,100.0,1.0,0.0
2026-08-31 22:46:08.529614,s3,LOCAL:,0,0,0,0,45,Morning,baseline,umzimvubu,10.277,0.0,5.97046,5.0,1,100.0,100.0,1.0,0.0
2026-08-31 22:46:08.529614,s4,1:,60,119,5252,13086,45,Morning,baseline,umzimvubu,10.277,0.0,5.97046,5.0,1,100.0,100.0,1.0,0.0
2026-08-31 22:46:08.529614,s4,2:,119,113,13066,12814,45,Morning,baseline,umzimvubu,10.277,0.0,5.97046,5.0,1,100.0,100.0,1.0,0.0
2026-08-31 22:46:08.529614,s4,LOCAL:,0,0,0,0,45,Morning,baseline,umzimvubu,10.277,0.0,5.97046,5.0,1,100.0,100.0,1.0,0.0
2026-08-31 22:46:08.529614,s5,1:,62,121,5384,13198,45,Morning,baseline,umzimvubu,10.277,0.0,5.97046,5.0,1,100.0,100.0,1.0,0.0
2026-08-31 22:46:08.529614,s5,2:,120,114,13108,12856,45,Morning,baseline,umzimvubu,10.277,0.0,5.97046,5.0,1,100.0,100.0,1.0,0.0
2026-08-31 22:46:08.529614,s5,LOCAL:,0,0,0,0,45,Morning,baseline,umzimvubu,10.277,0.0,5.97046,5.0,1,100.0,100.0,1.0,0.0
2026-08-31 22:46:09.523689,s1,1:,180,22103,16448,32601757,46,Morning,baseline,ntabankulu,10.122,0.0,5.13724,5.0,1,100.0,100.0,1.0,0.0
2026-08-31 22:46:09.523689,s1,2:,21992,131,32594259,13950,46,Morning,baseline,ntabankulu,10.122,0.0,5.13724,5.0,1,100.0,100.0,1.0,0.0
2026-08-31 22:46:09.523689,s1,3:,118,123,13220,13402,46,Morning,baseline,ntabankulu,10.122,0.0,5.13724,5.0,1,100.0,100.0,1.0,0.0
2026-08-31 22:46:09.523689,s1,4:,113,119,12814,13066,46,Morning,baseline,ntabankulu,10.122,0.0,5.13724,5.0,1,100.0,100.0,1.0,0.0
2026-08-31 22:46:09.523689,s1,5:,114,120,12856,13108,46,Morning,baseline,ntabankulu,10.122,0.0,5.13724,5.0,1,100.0,100.0,1.0,0.0
2026-08-31 22:46:09.523689,s1,LOCAL:,0,0,0,0,46,Morning,baseline,ntabankulu,10.122,0.0,5.13724,5.0,1,100.0,100.0,1.0,0.0
2026-08-31 22:46:09.523689,s2,1:,21941,132,32586873,14060,46,Morning,baseline,ntabankulu,10.122,0.0,5.13724,5.0,1,100.0,100.0,1.0,0.0
2026-08-31 22:46:09.523689,s2,2:,131,21992,13950,32594259,46,Morning,baseline,ntabankulu,10.122,0.0,5.13724,5.0,1,100.0,100.0,1.0,0.0
2026-08-31 22:46:09.523689,s2,LOCAL:,0,0,0,0,46,Morning,baseline,ntabankulu,10.122,0.0,5.13724,5.0,1,100.0,100.0,1.0,0.0
2026-08-31 22:46:09.523689,s3,1:,64,124,5588,13492,46,Morning,baseline,ntabankulu,10.122,0.0,5.13724,5.0,1,100.0,100.0,1.0,0.0
2026-08-31 22:46:09.523689,s3,2:,123,118,13402,13220,46,Morning,baseline,ntabankulu,10.122,0.0,5.13724,5.0,1,100.0,100.0,1.0,0.0
2026-08-31 22:46:09.523689,s3,LOCAL:,0,0,0,0,46,Morning,baseline,ntabankulu,10.122,0.0,5.13724,5.0,1,100.0,100.0,1.0,0.0
2026-08-31 22:46:09.523689,s4,1:,60,119,5252,13086,46,Morning,baseline,ntabankulu,10.122,0.0,5.13724,5.0,1,100.0,100.0,1.0,0.0
2026-08-31 22:46:09.523689,s4,2:,119,113,13066,12814,46,Morning,baseline,ntabankulu,10.122,0.0,5.13724,5.0,1,100.0,100.0,1.0,0.0
2026-08-31 22:46:09.523689,s4,LOCAL:,0,0,0,0,46,Morning,baseline,ntabankulu,10.122,0.0,5.13724,5.0,1,100.0,100.0,1.0,0.0
2026-08-31 22:46:09.523689,s5,1:,62,121,5384,13198,46,Morning,baseline,ntabankulu,10.122,0.0,5.13724,5.0,1,100.0,100.0,1.0,0.0
2026-08-31 22:46:09.523689,s5,2:,120,114,13108,12856,46,Morning,baseline,ntabankulu,10.122,0.0,5.13724,5.0,1,100.0,100.0,1.0,0.0
2026-08-31 22:46:09.523689,s5,LOCAL:,0,0,0,0,46,Morning,baseline,ntabankulu,10.122,0.0,5.13724,5.0,1,100.0,100.0,1.0,0.0
2026-08-31 22:46:10.566674,s1,1:,180,22103,16448,32601757,47,Morning,baseline,winnie,10.468,0.0,5.178396,5.0,1,100.0,100.0,1.0,0.0
2026-08-31 22:46:10.566674,s1,2:,21992,131,32594259,13950,47,Morning,baseline,winnie,10.468,0.0,5.178396,5.0,1,100.0,100.0,1.0,0.0
2026-08-31 22:46:10.566674,s1,3:,118,123,13220,13402,47,Morning,baseline,winnie,10.468,0.0,5.178396,5.0,1,100.0,100.0,1.0,0.0
2026-08-31 22:46:10.566674,s1,4:,113,119,12814,13066,47,Morning,baseline,winnie,10.468,0.0,5.178396,5.0,1,100.0,100.0,1.0,0.0
2026-08-31 22:46:10.566674,s1,5:,114,120,12856,13108,47,Morning,baseline,winnie,10.468,0.0,5.178396,5.0,1,100.0,100.0,1.0,0.0
2026-08-31 22:46:10.566674,s1,LOCAL:,0,0,0,0,47,Morning,baseline,winnie,10.468,0.0,5.178396,5.0,1,100.0,100.0,1.0,0.0
2026-08-31 22:46:10.566674,s2,1:,21941,132,32586873,14060,47,Morning,baseline,winnie,10.468,0.0,5.178396,5.0,1,100.0,100.0,1.0,0.0
2026-08-31 22:46:10.566674,s2,2:,131,21992,13950,32594259,47,Morning,baseline,winnie,10.468,0.0,5.178396,5.0,1,100.0,100.0,1.0,0.0
2026-08-31 22:46:10.566674,s2,LOCAL:,0,0,0,0,47,Morning,baseline,winnie,10.468,0.0,5.178396,5.0,1,100.0,100.0,1.0,0.0
2026-08-31 22:46:10.566674,s3,1:,64,124,5588,13492,47,Morning,baseline,winnie,10.468,0.0,5.178396,5.0,1,100.0,100.0,1.0,0.0
2026-08-31 22:46:10.566674,s3,2:,123,118,13402,13220,47,Morning,baseline,winnie,10.468,0.0,5.178396,5.0,1,100.0,100.0,1.0,0.0
2026-08-31 22:46:10.566674,s3,LOCAL:,0,0,0,0,47,Morning,baseline,winnie,10.468,0.0,5.178396,5.0,1,100.0,100.0,1.0,0.0
2026-08-31 22:46:10.566674,s4,1:,60,119,5252,13086,47,Morning,baseline,winnie,10.468,0.0,5.178396,5.0,1,100.0,100.0,1.0,0.0
2026-08-31 22:46:10.566674,s4,2:,119,113,13066,12814,47,Morning,baseline,winnie,10.468,0.0,5.178396,5.0,1,100.0,100.0,1.0,0.0
2026-08-31 22:46:10.566674,s4,LOCAL:,0,0,0,0,47,Morning,baseline,winnie,10.468,0.0,5.178396,5.0,1,100.0,100.0,1.0,0.0
2026-08-31 22:46:10.566674,s5,1:,62,121,5384,13198,47,Morning,baseline,winnie,10.468,0.0,5.178396,5.0,1,100.0,100.0,1.0,0.0
2026-08-31 22:46:10.566674,s5,2:,120,114,13108,12856,47,Morning,baseline,winnie,10.468,0.0,5.178396,5.0,1,100.0,100.0,1.0,0.0
2026-08-31 22:46:10.566674,s5,LOCAL:,0,0,0,0,47,Morning,baseline,winnie,10.468,0.0,5.178396,5.0,1,100.0,100.0,1.0,0.0
2026-08-31 22:46:11.708471,s1,1:,180,22103,16448,32601757,48,Morning,baseline,matatiele,11.336,0.0,5.140035,5.0,1,100.0,100.0,1.0,0.0
2026-08-31 22:46:11.708471,s1,2:,21992,131,32594259,13950,48,Morning,baseline,matatiele,11.336,0.0,5.140035,5.0,1,100.0,100.0,1.0,0.0
2026-08-31 22:46:11.708471,s1,3:,118,123,13220,13402,48,Morning,baseline,matatiele,11.336,0.0,5.140035,5.0,1,100.0,100.0,1.0,0.0
2026-08-31 22:46:11.708471,s1,4:,113,119,12814,13066,48,Morning,baseline,matatiele,11.336,0.0,5.140035,5.0,1,100.0,100.0,1.0,0.0
2026-08-31 22:46:11.708471,s1,5:,114,120,12856,13108,48,Morning,baseline,matatiele,11.336,0.0,5.140035,5.0,1,100.0,100.0,1.0,0.0
2026-08-31 22:46:11.708471,s1,LOCAL:,0,0,0,0,48,Morning,baseline,matatiele,11.336,0.0,5.140035,5.0,1,100.0,100.0,1.0,0.0
2026-08-31 22:46:11.708471,s2,1:,21941,132,32586873,14060,48,Morning,baseline,matatiele,11.336,0.0,5.140035,5.0,1,100.0,100.0,1.0,0.0
2026-08-31 22:46:11.708471,s2,2:,131,21992,13950,32594259,48,Morning,baseline,matatiele,11.336,0.0,5.140035,5.0,1,100.0,100.0,1.0,0.0
2026-08-31 22:46:11.708471,s2,LOCAL:,0,0,0,0,48,Morning,baseline,matatiele,11.336,0.0,5.140035,5.0,1,100.0,100.0,1.0,0.0
2026-08-31 22:46:11.708471,s3,1:,64,124,5588,13492,48,Morning,baseline,matatiele,11.336,0.0,5.140035,5.0,1,100.0,100.0,1.0,0.0
2026-08-31 22:46:11.708471,s3,2:,123,118,13402,13220,48,Morning,baseline,matatiele,11.336,0.0,5.140035,5.0,1,100.0,100.0,1.0,0.0
2026-08-31 22:46:11.708471,s3,LOCAL:,0,0,0,0,48,Morning,baseline,matatiele,11.336,0.0,5.140035,5.0,1,100.0,100.0,1.0,0.0
2026-08-31 22:46:11.708471,s4,1:,60,119,5252,13086,48,Morning,baseline,matatiele,11.336,0.0,5.140035,5.0,1,100.0,100.0,1.0,0.0
2026-08-31 22:46:11.708471,s4,2:,119,113,13066,12814,48,Morning,baseline,matatiele,11.336,0.0,5.140035,5.0,1,100.0,100.0,1.0,0.0
2026-08-31 22:46:11.708471,s4,LOCAL:,0,0,0,0,48,Morning,baseline,matatiele,11.336,0.0,5.140035,5.0,1,100.0,100.0,1.0,0.0
2026-08-31 22:46:11.708471,s5,1:,62,121,5384,13198,48,Morning,baseline,matatiele,11.336,0.0,5.140035,5.0,1,100.0,100.0,1.0,0.0
2026-08-31 22:46:11.708471,s5,2:,120,114,13108,12856,48,Morning,baseline,matatiele,11.336,0.0,5.140035,5.0,1,100.0,100.0,1.0,0.0
2026-08-31 22:46:11.708471,s5,LOCAL:,0,0,0,0,48,Morning,baseline,matatiele,11.336,0.0,5.140035,5.0,1,100.0,100.0,1.0,0.0
2026-08-31 22:46:12.556789,s1,1:,180,22103,16448,32601757,49,Morning,baseline,umzimvubu,10.18,0.0,5.135479,5.0,1,100.0,100.0,1.0,0.0
2026-08-31 22:46:12.556789,s1,2:,21992,131,32594259,13950,49,Morning,baseline,umzimvubu,10.18,0.0,5.135479,5.0,1,100.0,100.0,1.0,0.0
2026-08-31 22:46:12.556789,s1,3:,118,123,13220,13402,49,Morning,baseline,umzimvubu,10.18,0.0,5.135479,5.0,1,100.0,100.0,1.0,0.0
2026-08-31 22:46:12.556789,s1,4:,113,119,12814,13066,49,Morning,baseline,umzimvubu,10.18,0.0,5.135479,5.0,1,100.0,100.0,1.0,0.0
2026-08-31 22:46:12.556789,s1,5:,114,120,12856,13108,49,Morning,baseline,umzimvubu,10.18,0.0,5.135479,5.0,1,100.0,100.0,1.0,0.0
2026-08-31 22:46:12.556789,s1,LOCAL:,0,0,0,0,49,Morning,baseline,umzimvubu,10.18,0.0,5.135479,5.0,1,100.0,100.0,1.0,0.0
2026-08-31 22:46:12.556789,s2,1:,21941,132,32586873,14060,49,Morning,baseline,umzimvubu,10.18,0.0,5.135479,5.0,1,100.0,100.0,1.0,0.0
2026-08-31 22:46:12.556789,s2,2:,131,21992,13950,32594259,49,Morning,baseline,umzimvubu,10.18,0.0,5.135479,5.0,1,100.0,100.0,1.0,0.0
2026-08-31 22:46:12.556789,s2,LOCAL:,0,0,0,0,49,Morning,baseline,umzimvubu,10.18,0.0,5.135479,5.0,1,100.0,100.0,1.0,0.0
2026-08-31 22:46:12.556789,s3,1:,64,124,5588,13492,49,Morning,baseline,umzimvubu,10.18,0.0,5.135479,5.0,1,100.0,100.0,1.0,0.0
2026-08-31 22:46:12.556789,s3,2:,123,118,13402,13220,49,Morning,baseline,umzimvubu,10.18,0.0,5.135479,5.0,1,100.0,100.0,1.0,0.0
2026-08-31 22:46:12.556789,s3,LOCAL:,0,0,0,0,49,Morning,baseline,umzimvubu,10.18,0.0,5.135479,5.0,1,100.0,100.0,1.0,0.0
2026-08-31 22:46:12.556789,s4,1:,60,119,5252,13086,49,Morning,baseline,umzimvubu,10.18,0.0,5.135479,5.0,1,100.0,100.0,1.0,0.0
2026-08-31 22:46:12.556789,s4,2:,119,113,13066,12814,49,Morning,baseline,umzimvubu,10.18,0.0,5.135479,5.0,1,100.0,100.0,1.0,0.0
2026-08-31 22:46:12.556789,s4,LOCAL:,0,0,0,0,49,Morning,baseline,umzimvubu,10.18,0.0,5.135479,5.0,1,100.0,100.0,1.0,0.0
2026-08-31 22:46:12.556789,s5,1:,62,121,5384,13198,49,Morning,baseline,umzimvubu,10.18,0.0,5.135479,5.0,1,100.0,100.0,1.0,0.0
2026-08-31 22:46:12.556789,s5,2:,120,114,13108,12856,49,Morning,baseline,umzimvubu,10.18,0.0,5.135479,5.0,1,100.0,100.0,1.0,0.0
2026-08-31 22:46:12.556789,s5,LOCAL:,0,0,0,0,49,Morning,baseline,umzimvubu,10.18,0.0,5.135479,5.0,1,100.0,100.0,1.0,0.0
2026-08-31 22:46:13.524789,s1,1:,196,24284,17960,35822295,50,Morning,baseline,ntabankulu,10.379,0.0,5.146548,5.0,1,100.0,100.0,1.0,0.0
2026-08-31 22:46:13.524789,s1,2:,24160,139,35812168,14842,50,Morning,baseline,ntabankulu,10.379,0.0,5.146548,5.0,1,100.0,100.0,1.0,0.0
2026-08-31 22:46:13.524789,s1,3:,125,130,14070,14252,50,Morning,baseline,ntabankulu,10.379,0.0,5.146548,5.0,1,100.0,100.0,1.0,0.0
2026-08-31 22:46:13.524789,s1,4:,124,129,14028,14210,50,Morning,baseline,ntabankulu,10.379,0.0,5.146548,5.0,1,100.0,100.0,1.0,0.0
2026-08-31 22:46:13.524789,s1,5:,122,128,13776,14028,50,Morning,baseline,ntabankulu,10.379,0.0,5.146548,5.0,1,100.0,100.0,1.0,0.0
2026-08-31 22:46:13.524789,s1,LOCAL:,0,0,0,0,50,Morning,baseline,ntabankulu,10.379,0.0,5.146548,5.0,1,100.0,100.0,1.0,0.0
2026-08-31 22:46:13.524789,s2,1:,24104,142,35804119,15129,50,Morning,baseline,ntabankulu,10.379,0.0,5.146548,5.0,1,100.0,100.0,1.0,0.0
2026-08-31 22:46:13.524789,s2,2:,139,24160,14842,35812168,50,Morning,baseline,ntabankulu,10.379,0.0,5.146548,5.0,1,100.0,100.0,1.0,0.0
2026-08-31 22:46:13.524789,s2,LOCAL:,0,0,0,0,50,Morning,baseline,ntabankulu,10.379,0.0,5.146548,5.0,1,100.0,100.0,1.0,0.0
2026-08-31 22:46:13.524789,s3,1:,68,131,5952,14342,50,Morning,baseline,ntabankulu,10.379,0.0,5.146548,5.0,1,100.0,100.0,1.0,0.0
2026-08-31 22:46:13.524789,s3,2:,130,125,14252,14070,50,Morning,baseline,ntabankulu,10.379,0.0,5.146548,5.0,1,100.0,100.0,1.0,0.0
2026-08-31 22:46:13.524789,s3,LOCAL:,0,0,0,0,50,Morning,baseline,ntabankulu,10.379,0.0,5.146548,5.0,1,100.0,100.0,1.0,0.0
2026-08-31 22:46:13.524789,s4,1:,66,131,5840,14407,50,Morning,baseline,ntabankulu,10.379,0.0,5.146548,5.0,1,100.0,100.0,1.0,0.0
2026-08-31 22:46:13.524789,s4,2:,129,124,14210,14028,50,Morning,baseline,ntabankulu,10.379,0.0,5.146548,5.0,1,100.0,100.0,1.0,0.0
2026-08-31 22:46:13.524789,s4,LOCAL:,0,0,0,0,50,Morning,baseline,ntabankulu,10.379,0.0,5.146548,5.0,1,100.0,100.0,1.0,0.0
2026-08-31 22:46:13.524789,s5,1:,66,129,5748,14118,50,Morning,baseline,ntabankulu,10.379,0.0,5.146548,5.0,1,100.0,100.0,1.0,0.0
2026-08-31 22:46:13.524789,s5,2:,128,122,14028,13776,50,Morning,baseline,ntabankulu,10.379,0.0,5.146548,5.0,1,100.0,100.0,1.0,0.0
2026-08-31 22:46:13.524789,s5,LOCAL:,0,0,0,0,50,Morning,baseline,ntabankulu,10.379,0.0,5.146548,5.0,1,100.0,100.0,1.0,0.0
2026-08-31 22:46:14.666778,s1,1:,196,24284,17960,35822295,51,Morning,baseline,winnie,10.199,0.0,5.151227,5.0,1,100.0,100.0,1.0,0.0
2026-08-31 22:46:14.666778,s1,2:,24160,139,35812168,14842,51,Morning,baseline,winnie,10.199,0.0,5.151227,5.0,1,100.0,100.0,1.0,0.0
2026-08-31 22:46:14.666778,s1,3:,125,130,14070,14252,51,Morning,baseline,winnie,10.199,0.0,5.151227,5.0,1,100.0,100.0,1.0,0.0
2026-08-31 22:46:14.666778,s1,4:,124,129,14028,14210,51,Morning,baseline,winnie,10.199,0.0,5.151227,5.0,1,100.0,100.0,1.0,0.0
2026-08-31 22:46:14.666778,s1,5:,122,128,13776,14028,51,Morning,baseline,winnie,10.199,0.0,5.151227,5.0,1,100.0,100.0,1.0,0.0
2026-08-31 22:46:14.666778,s1,LOCAL:,0,0,0,0,51,Morning,baseline,winnie,10.199,0.0,5.151227,5.0,1,100.0,100.0,1.0,0.0
2026-08-31 22:46:14.666778,s2,1:,24104,142,35804119,15129,51,Morning,baseline,winnie,10.199,0.0,5.151227,5.0,1,100.0,100.0,1.0,0.0
2026-08-31 22:46:14.666778,s2,2:,139,24160,14842,35812168,51,Morning,baseline,winnie,10.199,0.0,5.151227,5.0,1,100.0,100.0,1.0,0.0
2026-08-31 22:46:14.666778,s2,LOCAL:,0,0,0,0,51,Morning,baseline,winnie,10.199,0.0,5.151227,5.0,1,100.0,100.0,1.0,0.0
2026-08-31 22:46:14.666778,s3,1:,68,131,5952,14342,51,Morning,baseline,winnie,10.199,0.0,5.151227,5.0,1,100.0,100.0,1.0,0.0
2026-08-31 22:46:14.666778,s3,2:,130,125,14252,14070,51,Morning,baseline,winnie,10.199,0.0,5.151227,5.0,1,100.0,100.0,1.0,0.0
2026-08-31 22:46:14.666778,s3,LOCAL:,0,0,0,0,51,Morning,baseline,winnie,10.199,0.0,5.151227,5.0,1,100.0,100.0,1.0,0.0
2026-08-31 22:46:14.666778,s4,1:,66,131,5840,14407,51,Morning,baseline,winnie,10.199,0.0,5.151227,5.0,1,100.0,100.0,1.0,0.0
2026-08-31 22:46:14.666778,s4,2:,129,124,14210,14028,51,Morning,baseline,winnie,10.199,0.0,5.151227,5.0,1,100.0,100.0,1.0,0.0
2026-08-31 22:46:14.666778,s4,LOCAL:,0,0,0,0,51,Morning,baseline,winnie,10.199,0.0,5.151227,5.0,1,100.0,100.0,1.0,0.0
2026-08-31 22:46:14.666778,s5,1:,66,129,5748,14118,51,Morning,baseline,winnie,10.199,0.0,5.151227,5.0,1,100.0,100.0,1.0,0.0
2026-08-31 22:46:14.666778,s5,2:,128,122,14028,13776,51,Morning,baseline,winnie,10.199,0.0,5.151227,5.0,1,100.0,100.0,1.0,0.0
2026-08-31 22:46:14.666778,s5,LOCAL:,0,0,0,0,51,Morning,baseline,winnie,10.199,0.0,5.151227,5.0,1,100.0,100.0,1.0,0.0
2026-08-31 22:46:15.554005,s1,1:,196,24284,17960,35822295,52,Morning,baseline,matatiele,12.048,0.0,5.150958,5.0,1,100.0,100.0,1.0,0.0
2026-08-31 22:46:15.554005,s1,2:,24160,139,35812168,14842,52,Morning,baseline,matatiele,12.048,0.0,5.150958,5.0,1,100.0,100.0,1.0,0.0
2026-08-31 22:46:15.554005,s1,3:,125,130,14070,14252,52,Morning,baseline,matatiele,12.048,0.0,5.150958,5.0,1,100.0,100.0,1.0,0.0
2026-08-31 22:46:15.554005,s1,4:,124,129,14028,14210,52,Morning,baseline,matatiele,12.048,0.0,5.150958,5.0,1,100.0,100.0,1.0,0.0
2026-08-31 22:46:15.554005,s1,5:,122,128,13776,14028,52,Morning,baseline,matatiele,12.048,0.0,5.150958,5.0,1,100.0,100.0,1.0,0.0
2026-08-31 22:46:15.554005,s1,LOCAL:,0,0,0,0,52,Morning,baseline,matatiele,12.048,0.0,5.150958,5.0,1,100.0,100.0,1.0,0.0
2026-08-31 22:46:15.554005,s2,1:,24104,142,35804119,15129,52,Morning,baseline,matatiele,12.048,0.0,5.150958,5.0,1,100.0,100.0,1.0,0.0
2026-08-31 22:46:15.554005,s2,2:,139,24160,14842,35812168,52,Morning,baseline,matatiele,12.048,0.0,5.150958,5.0,1,100.0,100.0,1.0,0.0
2026-08-31 22:46:15.554005,s2,LOCAL:,0,0,0,0,52,Morning,baseline,matatiele,12.048,0.0,5.150958,5.0,1,100.0,100.0,1.0,0.0
2026-08-31 22:46:15.554005,s3,1:,68,131,5952,14342,52,Morning,baseline,matatiele,12.048,0.0,5.150958,5.0,1,100.0,100.0,1.0,0.0
2026-08-31 22:46:15.554005,s3,2:,130,125,14252,14070,52,Morning,baseline,matatiele,12.048,0.0,5.150958,5.0,1,100.0,100.0,1.0,0.0
2026-08-31 22:46:15.554005,s3,LOCAL:,0,0,0,0,52,Morning,baseline,matatiele,12.048,0.0,5.150958,5.0,1,100.0,100.0,1.0,0.0
2026-08-31 22:46:15.554005,s4,1:,66,131,5840,14407,52,Morning,baseline,matatiele,12.048,0.0,5.150958,5.0,1,100.0,100.0,1.0,0.0
2026-08-31 22:46:15.554005,s4,2:,129,124,14210,14028,52,Morning,baseline,matatiele,12.048,0.0,5.150958,5.0,1,100.0,100.0,1.0,0.0
2026-08-31 22:46:15.554005,s4,LOCAL:,0,0,0,0,52,Morning,baseline,matatiele,12.048,0.0,5.150958,5.0,1,100.0,100.0,1.0,0.0
2026-08-31 22:46:15.554005,s5,1:,66,129,5748,14118,52,Morning,baseline,matatiele,12.048,0.0,5.150958,5.0,1,100.0,100.0,1.0,0.0
2026-08-31 22:46:15.554005,s5,2:,128,122,14028,13776,52,Morning,baseline,matatiele,12.048,0.0,5.150958,5.0,1,100.0,100.0,1.0,0.0
2026-08-31 22:46:15.554005,s5,LOCAL:,0,0,0,0,52,Morning,baseline,matatiele,12.048,0.0,5.150958,5.0,1,100.0,100.0,1.0,0.0
2026-08-31 22:46:16.526399,s1,1:,196,24284,17960,35822295,53,Morning,baseline,umzimvubu,13.414,0.0,5.052551,5.0,1,100.0,100.0,1.0,0.0
2026-08-31 22:46:16.526399,s1,2:,24160,139,35812168,14842,53,Morning,baseline,umzimvubu,13.414,0.0,5.052551,5.0,1,100.0,100.0,1.0,0.0
2026-08-31 22:46:16.526399,s1,3:,125,130,14070,14252,53,Morning,baseline,umzimvubu,13.414,0.0,5.052551,5.0,1,100.0,100.0,1.0,0.0
2026-08-31 22:46:16.526399,s1,4:,124,129,14028,14210,53,Morning,baseline,umzimvubu,13.414,0.0,5.052551,5.0,1,100.0,100.0,1.0,0.0
2026-08-31 22:46:16.526399,s1,5:,122,128,13776,14028,53,Morning,baseline,umzimvubu,13.414,0.0,5.052551,5.0,1,100.0,100.0,1.0,0.0
2026-08-31 22:46:16.526399,s1,LOCAL:,0,0,0,0,53,Morning,baseline,umzimvubu,13.414,0.0,5.052551,5.0,1,100.0,100.0,1.0,0.0
2026-08-31 22:46:16.526399,s2,1:,24104,142,35804119,15129,53,Morning,baseline,umzimvubu,13.414,0.0,5.052551,5.0,1,100.0,100.0,1.0,0.0
2026-08-31 22:46:16.526399,s2,2:,139,24160,14842,35812168,53,Morning,baseline,umzimvubu,13.414,0.0,5.052551,5.0,1,100.0,100.0,1.0,0.0
2026-08-31 22:46:16.526399,s2,LOCAL:,0,0,0,0,53,Morning,baseline,umzimvubu,13.414,0.0,5.052551,5.0,1,100.0,100.0,1.0,0.0
2026-08-31 22:46:16.526399,s3,1:,68,131,5952,14342,53,Morning,baseline,umzimvubu,13.414,0.0,5.052551,5.0,1,100.0,100.0,1.0,0.0
2026-08-31 22:46:16.526399,s3,2:,130,125,14252,14070,53,Morning,baseline,umzimvubu,13.414,0.0,5.052551,5.0,1,100.0,100.0,1.0,0.0
2026-08-31 22:46:16.526399,s3,LOCAL:,0,0,0,0,53,Morning,baseline,umzimvubu,13.414,0.0,5.052551,5.0,1,100.0,100.0,1.0,0.0
2026-08-31 22:46:16.526399,s4,1:,66,131,5840,14407,53,Morning,baseline,umzimvubu,13.414,0.0,5.052551,5.0,1,100.0,100.0,1.0,0.0
2026-08-31 22:46:16.526399,s4,2:,129,124,14210,14028,53,Morning,baseline,umzimvubu,13.414,0.0,5.052551,5.0,1,100.0,100.0,1.0,0.0
2026-08-31 22:46:16.526399,s4,LOCAL:,0,0,0,0,53,Morning,baseline,umzimvubu,13.414,0.0,5.052551,5.0,1,100.0,100.0,1.0,0.0
2026-08-31 22:46:16.526399,s5,1:,66,129,5748,14118,53,Morning,baseline,umzimvubu,13.414,0.0,5.052551,5.0,1,100.0,100.0,1.0,0.0
2026-08-31 22:46:16.526399,s5,2:,128,122,14028,13776,53,Morning,baseline,umzimvubu,13.414,0.0,5.052551,5.0,1,100.0,100.0,1.0,0.0
2026-08-31 22:46:16.526399,s5,LOCAL:,0,0,0,0,53,Morning,baseline,umzimvubu,13.414,0.0,5.052551,5.0,1,100.0,100.0,1.0,0.0
2026-08-31 22:46:17.525627,s1,1:,196,24284,17960,35822295,54,Morning,baseline,ntabankulu,10.377,0.0,5.233944,5.0,1,100.0,100.0,1.0,0.0
2026-08-31 22:46:17.525627,s1,2:,24160,139,35812168,14842,54,Morning,baseline,ntabankulu,10.377,0.0,5.233944,5.0,1,100.0,100.0,1.0,0.0
2026-08-31 22:46:17.525627,s1,3:,125,130,14070,14252,54,Morning,baseline,ntabankulu,10.377,0.0,5.233944,5.0,1,100.0,100.0,1.0,0.0
2026-08-31 22:46:17.525627,s1,4:,124,129,14028,14210,54,Morning,baseline,ntabankulu,10.377,0.0,5.233944,5.0,1,100.0,100.0,1.0,0.0
2026-08-31 22:46:17.525627,s1,5:,122,128,13776,14028,54,Morning,baseline,ntabankulu,10.377,0.0,5.233944,5.0,1,100.0,100.0,1.0,0.0
2026-08-31 22:46:17.525627,s1,LOCAL:,0,0,0,0,54,Morning,baseline,ntabankulu,10.377,0.0,5.233944,5.0,1,100.0,100.0,1.0,0.0
2026-08-31 22:46:17.525627,s2,1:,24104,142,35804119,15129,54,Morning,baseline,ntabankulu,10.377,0.0,5.233944,5.0,1,100.0,100.0,1.0,0.0
2026-08-31 22:46:17.525627,s2,2:,139,24160,14842,35812168,54,Morning,baseline,ntabankulu,10.377,0.0,5.233944,5.0,1,100.0,100.0,1.0,0.0
2026-08-31 22:46:17.525627,s2,LOCAL:,0,0,0,0,54,Morning,baseline,ntabankulu,10.377,0.0,5.233944,5.0,1,100.0,100.0,1.0,0.0
2026-08-31 22:46:17.525627,s3,1:,68,131,5952,14342,54,Morning,baseline,ntabankulu,10.377,0.0,5.233944,5.0,1,100.0,100.0,1.0,0.0
2026-08-31 22:46:17.525627,s3,2:,130,125,14252,14070,54,Morning,baseline,ntabankulu,10.377,0.0,5.233944,5.0,1,100.0,100.0,1.0,0.0
2026-08-31 22:46:17.525627,s3,LOCAL:,0,0,0,0,54,Morning,baseline,ntabankulu,10.377,0.0,5.233944,5.0,1,100.0,100.0,1.0,0.0
2026-08-31 22:46:17.525627,s4,1:,66,131,5840,14407,54,Morning,baseline,ntabankulu,10.377,0.0,5.233944,5.0,1,100.0,100.0,1.0,0.0
2026-08-31 22:46:17.525627,s4,2:,129,124,14210,14028,54,Morning,baseline,ntabankulu,10.377,0.0,5.233944,5.0,1,100.0,100.0,1.0,0.0
2026-08-31 22:46:17.525627,s4,LOCAL:,0,0,0,0,54,Morning,baseline,ntabankulu,10.377,0.0,5.233944,5.0,1,100.0,100.0,1.0,0.0
2026-08-31 22:46:17.525627,s5,1:,66,129,5748,14118,54,Morning,baseline,ntabankulu,10.377,0.0,5.233944,5.0,1,100.0,100.0,1.0,0.0
2026-08-31 22:46:17.525627,s5,2:,128,122,14028,13776,54,Morning,baseline,ntabankulu,10.377,0.0,5.233944,5.0,1,100.0,100.0,1.0,0.0
2026-08-31 22:46:17.525627,s5,LOCAL:,0,0,0,0,54,Morning,baseline,ntabankulu,10.377,0.0,5.233944,5.0,1,100.0,100.0,1.0,0.0
2026-08-31 22:46:18.532858,s1,1:,212,26519,19472,39123330,55,Morning,baseline,winnie,12.1,0.0,5.1463,5.0,1,100.0,100.0,1.0,0.0
2026-08-31 22:46:18.532858,s1,2:,26381,147,39111878,15799,55,Morning,baseline,winnie,12.1,0.0,5.1463,5.0,1,100.0,100.0,1.0,0.0
2026-08-31 22:46:18.532858,s1,3:,133,139,15027,15279,55,Morning,baseline,winnie,12.1,0.0,5.1463,5.0,1,100.0,100.0,1.0,0.0
2026-08-31 22:46:18.532858,s1,4:,133,139,15027,15279,55,Morning,baseline,winnie,12.1,0.0,5.1463,5.0,1,100.0,100.0,1.0,0.0
2026-08-31 22:46:18.532858,s1,5:,133,139,15027,15279,55,Morning,baseline,winnie,12.1,0.0,5.1463,5.0,1,100.0,100.0,1.0,0.0
2026-08-31 22:46:18.532858,s1,LOCAL:,0,0,0,0,55,Morning,baseline,winnie,12.1,0.0,5.1463,5.0,1,100.0,100.0,1.0,0.0
2026-08-31 22:46:18.532858,s2,1:,26323,149,39106253,15979,55,Morning,baseline,winnie,12.1,0.0,5.1463,5.0,1,100.0,100.0,1.0,0.0
2026-08-31 22:46:18.532858,s2,2:,147,26382,15799,39113368,55,Morning,baseline,winnie,12.1,0.0,5.1463,5.0,1,100.0,100.0,1.0,0.0
2026-08-31 22:46:18.532858,s2,LOCAL:,0,0,0,0,55,Morning,baseline,winnie,12.1,0.0,5.1463,5.0,1,100.0,100.0,1.0,0.0
2026-08-31 22:46:18.532858,s3,1:,71,140,6246,15369,55,Morning,baseline,winnie,12.1,0.0,5.1463,5.0,1,100.0,100.0,1.0,0.0
2026-08-31 22:46:18.532858,s3,2:,139,133,15279,15027,55,Morning,baseline,winnie,12.1,0.0,5.1463,5.0,1,100.0,100.0,1.0,0.0
2026-08-31 22:46:18.532858,s3,LOCAL:,0,0,0,0,55,Morning,baseline,winnie,12.1,0.0,5.1463,5.0,1,100.0,100.0,1.0,0.0
2026-08-31 22:46:18.532858,s4,1:,71,139,6246,15299,55,Morning,baseline,winnie,12.1,0.0,5.1463,5.0,1,100.0,100.0,1.0,0.0
2026-08-31 22:46:18.532858,s4,2:,139,133,15279,15027,55,Morning,baseline,winnie,12.1,0.0,5.1463,5.0,1,100.0,100.0,1.0,0.0
2026-08-31 22:46:18.532858,s4,LOCAL:,0,0,0,0,55,Morning,baseline,winnie,12.1,0.0,5.1463,5.0,1,100.0,100.0,1.0,0.0
2026-08-31 22:46:18.532858,s5,1:,72,140,6336,15369,55,Morning,baseline,winnie,12.1,0.0,5.1463,5.0,1,100.0,100.0,1.0,0.0
2026-08-31 22:46:18.532858,s5,2:,139,133,15279,15027,55,Morning,baseline,winnie,12.1,0.0,5.1463,5.0,1,100.0,100.0,1.0,0.0
2026-08-31 22:46:18.532858,s5,LOCAL:,0,0,0,0,55,Morning,baseline,winnie,12.1,0.0,5.1463,5.0,1,100.0,100.0,1.0,0.0
2026-08-31 22:46:19.525834,s1,1:,212,26519,19472,39123330,56,Morning,baseline,matatiele,16.875,0.0,5.143501,5.0,1,100.0,100.0,1.0,0.0
2026-08-31 22:46:19.525834,s1,2:,26381,147,39111878,15799,56,Morning,baseline,matatiele,16.875,0.0,5.143501,5.0,1,100.0,100.0,1.0,0.0
2026-08-31 22:46:19.525834,s1,3:,133,139,15027,15279,56,Morning,baseline,matatiele,16.875,0.0,5.143501,5.0,1,100.0,100.0,1.0,0.0
2026-08-31 22:46:19.525834,s1,4:,133,139,15027,15279,56,Morning,baseline,matatiele,16.875,0.0,5.143501,5.0,1,100.0,100.0,1.0,0.0
2026-08-31 22:46:19.525834,s1,5:,133,139,15027,15279,56,Morning,baseline,matatiele,16.875,0.0,5.143501,5.0,1,100.0,100.0,1.0,0.0
2026-08-31 22:46:19.525834,s1,LOCAL:,0,0,0,0,56,Morning,baseline,matatiele,16.875,0.0,5.143501,5.0,1,100.0,100.0,1.0,0.0
2026-08-31 22:46:19.525834,s2,1:,26323,149,39106253,15979,56,Morning,baseline,matatiele,16.875,0.0,5.143501,5.0,1,100.0,100.0,1.0,0.0
2026-08-31 22:46:19.525834,s2,2:,147,26382,15799,39113368,56,Morning,baseline,matatiele,16.875,0.0,5.143501,5.0,1,100.0,100.0,1.0,0.0
2026-08-31 22:46:19.525834,s2,LOCAL:,0,0,0,0,56,Morning,baseline,matatiele,16.875,0.0,5.143501,5.0,1,100.0,100.0,1.0,0.0
2026-08-31 22:46:19.525834,s3,1:,71,140,6246,15369,56,Morning,baseline,matatiele,16.875,0.0,5.143501,5.0,1,100.0,100.0,1.0,0.0
2026-08-31 22:46:19.525834,s3,2:,139,133,15279,15027,56,Morning,baseline,matatiele,16.875,0.0,5.143501,5.0,1,100.0,100.0,1.0,0.0
2026-08-31 22:46:19.525834,s3,LOCAL:,0,0,0,0,56,Morning,baseline,matatiele,16.875,0.0,5.143501,5.0,1,100.0,100.0,1.0,0.0
2026-08-31 22:46:19.525834,s4,1:,71,139,6246,15299,56,Morning,baseline,matatiele,16.875,0.0,5.143501,5.0,1,100.0,100.0,1.0,0.0
2026-08-31 22:46:19.525834,s4,2:,139,133,15279,15027,56,Morning,baseline,matatiele,16.875,0.0,5.143501,5.0,1,100.0,100.0,1.0,0.0
2026-08-31 22:46:19.525834,s4,LOCAL:,0,0,0,0,56,Morning,baseline,matatiele,16.875,0.0,5.143501,5.0,1,100.0,100.0,1.0,0.0
2026-08-31 22:46:19.525834,s5,1:,72,140,6336,15369,56,Morning,baseline,matatiele,16.875,0.0,5.143501,5.0,1,100.0,100.0,1.0,0.0
2026-08-31 22:46:19.525834,s5,2:,139,133,15279,15027,56,Morning,baseline,matatiele,16.875,0.0,5.143501,5.0,1,100.0,100.0,1.0,0.0
2026-08-31 22:46:19.525834,s5,LOCAL:,0,0,0,0,56,Morning,baseline,matatiele,16.875,0.0,5.143501,5.0,1,100.0,100.0,1.0,0.0
2026-08-31 22:46:20.526052,s1,1:,212,26519,19472,39123330,57,Morning,baseline,umzimvubu,40.625,0.0,5.158223,5.0,1,100.0,100.0,1.0,0.0
2026-08-31 22:46:20.526052,s1,2:,26381,147,39111878,15799,57,Morning,baseline,umzimvubu,40.625,0.0,5.158223,5.0,1,100.0,100.0,1.0,0.0
2026-08-31 22:46:20.526052,s1,3:,133,139,15027,15279,57,Morning,baseline,umzimvubu,40.625,0.0,5.158223,5.0,1,100.0,100.0,1.0,0.0
2026-08-31 22:46:20.526052,s1,4:,133,139,15027,15279,57,Morning,baseline,umzimvubu,40.625,0.0,5.158223,5.0,1,100.0,100.0,1.0,0.0
2026-08-31 22:46:20.526052,s1,5:,133,139,15027,15279,57,Morning,baseline,umzimvubu,40.625,0.0,5.158223,5.0,1,100.0,100.0,1.0,0.0
2026-08-31 22:46:20.526052,s1,LOCAL:,0,0,0,0,57,Morning,baseline,umzimvubu,40.625,0.0,5.158223,5.0,1,100.0,100.0,1.0,0.0
2026-08-31 22:46:20.526052,s2,1:,26323,149,39106253,15979,57,Morning,baseline,umzimvubu,40.625,0.0,5.158223,5.0,1,100.0,100.0,1.0,0.0
2026-08-31 22:46:20.526052,s2,2:,147,26382,15799,39113368,57,Morning,baseline,umzimvubu,40.625,0.0,5.158223,5.0,1,100.0,100.0,1.0,0.0
2026-08-31 22:46:20.526052,s2,LOCAL:,0,0,0,0,57,Morning,baseline,umzimvubu,40.625,0.0,5.158223,5.0,1,100.0,100.0,1.0,0.0
2026-08-31 22:46:20.526052,s3,1:,71,140,6246,15369,57,Morning,baseline,umzimvubu,40.625,0.0,5.158223,5.0,1,100.0,100.0,1.0,0.0
2026-08-31 22:46:20.526052,s3,2:,139,133,15279,15027,57,Morning,baseline,umzimvubu,40.625,0.0,5.158223,5.0,1,100.0,100.0,1.0,0.0
2026-08-31 22:46:20.526052,s3,LOCAL:,0,0,0,0,57,Morning,baseline,umzimvubu,40.625,0.0,5.158223,5.0,1,100.0,100.0,1.0,0.0
2026-08-31 22:46:20.526052,s4,1:,71,139,6246,15299,57,Morning,baseline,umzimvubu,40.625,0.0,5.158223,5.0,1,100.0,100.0,1.0,0.0
2026-08-31 22:46:20.526052,s4,2:,139,133,15279,15027,57,Morning,baseline,umzimvubu,40.625,0.0,5.158223,5.0,1,100.0,100.0,1.0,0.0
2026-08-31 22:46:20.526052,s4,LOCAL:,0,0,0,0,57,Morning,baseline,umzimvubu,40.625,0.0,5.158223,5.0,1,100.0,100.0,1.0,0.0
2026-08-31 22:46:20.526052,s5,1:,72,140,6336,15369,57,Morning,baseline,umzimvubu,40.625,0.0,5.158223,5.0,1,100.0,100.0,1.0,0.0
2026-08-31 22:46:20.526052,s5,2:,139,133,15279,15027,57,Morning,baseline,umzimvubu,40.625,0.0,5.158223,5.0,1,100.0,100.0,1.0,0.0
2026-08-31 22:46:20.526052,s5,LOCAL:,0,0,0,0,57,Morning,baseline,umzimvubu,40.625,0.0,5.158223,5.0,1,100.0,100.0,1.0,0.0
2026-08-31 22:46:21.529509,s1,1:,212,26519,19472,39123330,58,Morning,baseline,ntabankulu,29.64,0.0,5.160595,5.0,1,100.0,100.0,1.0,0.0
2026-08-31 22:46:21.529509,s1,2:,26381,147,39111878,15799,58,Morning,baseline,ntabankulu,29.64,0.0,5.160595,5.0,1,100.0,100.0,1.0,0.0
2026-08-31 22:46:21.529509,s1,3:,133,139,15027,15279,58,Morning,baseline,ntabankulu,29.64,0.0,5.160595,5.0,1,100.0,100.0,1.0,0.0
2026-08-31 22:46:21.529509,s1,4:,133,139,15027,15279,58,Morning,baseline,ntabankulu,29.64,0.0,5.160595,5.0,1,100.0,100.0,1.0,0.0
2026-08-31 22:46:21.529509,s1,5:,133,139,15027,15279,58,Morning,baseline,ntabankulu,29.64,0.0,5.160595,5.0,1,100.0,100.0,1.0,0.0
2026-08-31 22:46:21.529509,s1,LOCAL:,0,0,0,0,58,Morning,baseline,ntabankulu,29.64,0.0,5.160595,5.0,1,100.0,100.0,1.0,0.0
2026-08-31 22:46:21.529509,s2,1:,26323,149,39106253,15979,58,Morning,baseline,ntabankulu,29.64,0.0,5.160595,5.0,1,100.0,100.0,1.0,0.0
2026-08-31 22:46:21.529509,s2,2:,147,26382,15799,39113368,58,Morning,baseline,ntabankulu,29.64,0.0,5.160595,5.0,1,100.0,100.0,1.0,0.0
2026-08-31 22:46:21.529509,s2,LOCAL:,0,0,0,0,58,Morning,baseline,ntabankulu,29.64,0.0,5.160595,5.0,1,100.0,100.0,1.0,0.0
2026-08-31 22:46:21.529509,s3,1:,71,140,6246,15369,58,Morning,baseline,ntabankulu,29.64,0.0,5.160595,5.0,1,100.0,100.0,1.0,0.0
2026-08-31 22:46:21.529509,s3,2:,139,133,15279,15027,58,Morning,baseline,ntabankulu,29.64,0.0,5.160595,5.0,1,100.0,100.0,1.0,0.0
2026-08-31 22:46:21.529509,s3,LOCAL:,0,0,0,0,58,Morning,baseline,ntabankulu,29.64,0.0,5.160595,5.0,1,100.0,100.0,1.0,0.0
2026-08-31 22:46:21.529509,s4,1:,71,139,6246,15299,58,Morning,baseline,ntabankulu,29.64,0.0,5.160595,5.0,1,100.0,100.0,1.0,0.0
2026-08-31 22:46:21.529509,s4,2:,139,133,15279,15027,58,Morning,baseline,ntabankulu,29.64,0.0,5.160595,5.0,1,100.0,100.0,1.0,0.0
2026-08-31 22:46:21.529509,s4,LOCAL:,0,0,0,0,58,Morning,baseline,ntabankulu,29.64,0.0,5.160595,5.0,1,100.0,100.0,1.0,0.0
2026-08-31 22:46:21.529509,s5,1:,72,140,6336,15369,58,Morning,baseline,ntabankulu,29.64,0.0,5.160595,5.0,1,100.0,100.0,1.0,0.0
2026-08-31 22:46:21.529509,s5,2:,139,133,15279,15027,58,Morning,baseline,ntabankulu,29.64,0.0,5.160595,5.0,1,100.0,100.0,1.0,0.0
2026-08-31 22:46:21.529509,s5,LOCAL:,0,0,0,0,58,Morning,baseline,ntabankulu,29.64,0.0,5.160595,5.0,1,100.0,100.0,1.0,0.0
2026-08-31 22:46:22.585088,s1,1:,212,26519,19472,39123330,59,Morning,baseline,winnie,11.813,0.0,5.163048,5.0,1,100.0,100.0,1.0,0.0
2026-08-31 22:46:22.585088,s1,2:,26381,147,39111878,15799,59,Morning,baseline,winnie,11.813,0.0,5.163048,5.0,1,100.0,100.0,1.0,0.0
2026-08-31 22:46:22.585088,s1,3:,133,139,15027,15279,59,Morning,baseline,winnie,11.813,0.0,5.163048,5.0,1,100.0,100.0,1.0,0.0
2026-08-31 22:46:22.585088,s1,4:,133,139,15027,15279,59,Morning,baseline,winnie,11.813,0.0,5.163048,5.0,1,100.0,100.0,1.0,0.0
2026-08-31 22:46:22.585088,s1,5:,133,139,15027,15279,59,Morning,baseline,winnie,11.813,0.0,5.163048,5.0,1,100.0,100.0,1.0,0.0
2026-08-31 22:46:22.585088,s1,LOCAL:,0,0,0,0,59,Morning,baseline,winnie,11.813,0.0,5.163048,5.0,1,100.0,100.0,1.0,0.0
2026-08-31 22:46:22.585088,s2,1:,26323,149,39106253,15979,59,Morning,baseline,winnie,11.813,0.0,5.163048,5.0,1,100.0,100.0,1.0,0.0
2026-08-31 22:46:22.585088,s2,2:,147,26382,15799,39113368,59,Morning,baseline,winnie,11.813,0.0,5.163048,5.0,1,100.0,100.0,1.0,0.0
2026-08-31 22:46:22.585088,s2,LOCAL:,0,0,0,0,59,Morning,baseline,winnie,11.813,0.0,5.163048,5.0,1,100.0,100.0,1.0,0.0
2026-08-31 22:46:22.585088,s3,1:,71,140,6246,15369,59,Morning,baseline,winnie,11.813,0.0,5.163048,5.0,1,100.0,100.0,1.0,0.0
2026-08-31 22:46:22.585088,s3,2:,139,133,15279,15027,59,Morning,baseline,winnie,11.813,0.0,5.163048,5.0,1,100.0,100.0,1.0,0.0
2026-08-31 22:46:22.585088,s3,LOCAL:,0,0,0,0,59,Morning,baseline,winnie,11.813,0.0,5.163048,5.0,1,100.0,100.0,1.0,0.0
2026-08-31 22:46:22.585088,s4,1:,71,139,6246,15299,59,Morning,baseline,winnie,11.813,0.0,5.163048,5.0,1,100.0,100.0,1.0,0.0
2026-08-31 22:46:22.585088,s4,2:,139,133,15279,15027,59,Morning,baseline,winnie,11.813,0.0,5.163048,5.0,1,100.0,100.0,1.0,0.0
2026-08-31 22:46:22.585088,s4,LOCAL:,0,0,0,0,59,Morning,baseline,winnie,11.813,0.0,5.163048,5.0,1,100.0,100.0,1.0,0.0
2026-08-31 22:46:22.585088,s5,1:,72,140,6336,15369,59,Morning,baseline,winnie,11.813,0.0,5.163048,5.0,1,100.0,100.0,1.0,0.0
2026-08-31 22:46:22.585088,s5,2:,139,133,15279,15027,59,Morning,baseline,winnie,11.813,0.0,5.163048,5.0,1,100.0,100.0,1.0,0.0
2026-08-31 22:46:22.585088,s5,LOCAL:,0,0,0,0,59,Morning,baseline,winnie,11.813,0.0,5.163048,5.0,1,100.0,100.0,1.0,0.0
2026-08-31 22:46:34.152545,s1,1:,250,41900,22925,61976829,60,Afternoon,baseline,matatiele,9.903,0.0,30.728856,30.0,2,100.0,100.0,1.0,0.0
2026-08-31 22:46:34.152545,s1,2:,35079,174,52031649,18850,60,Afternoon,baseline,matatiele,9.903,0.0,30.728856,30.0,2,100.0,100.0,1.0,0.0
2026-08-31 22:46:34.152545,s1,3:,144,150,16433,16685,60,Afternoon,baseline,matatiele,9.903,0.0,30.728856,30.0,2,100.0,100.0,1.0,0.0
2026-08-31 22:46:34.152545,s1,4:,146,150,16711,16685,60,Afternoon,baseline,matatiele,9.903,0.0,30.728856,30.0,2,100.0,100.0,1.0,0.0
2026-08-31 22:46:34.152545,s1,5:,6827,159,9959987,17247,60,Afternoon,baseline,matatiele,9.903,0.0,30.728856,30.0,2,100.0,100.0,1.0,0.0
2026-08-31 22:46:34.152545,s1,LOCAL:,0,0,0,0,60,Afternoon,baseline,matatiele,9.903,0.0,30.728856,30.0,2,100.0,100.0,1.0,0.0
2026-08-31 22:46:34.152545,s2,1:,35012,178,52026124,19308,60,Afternoon,baseline,matatiele,9.903,0.0,30.728856,30.0,2,100.0,100.0,1.0,0.0
2026-08-31 22:46:34.152545,s2,2:,174,35079,18850,52031649,60,Afternoon,baseline,matatiele,9.903,0.0,30.728856,30.0,2,100.0,100.0,1.0,0.0
2026-08-31 22:46:34.152545,s2,LOCAL:,0,0,0,0,60,Afternoon,baseline,matatiele,9.903,0.0,30.728856,30.0,2,100.0,100.0,1.0,0.0
2026-08-31 22:46:34.152545,s3,1:,74,151,6540,16775,60,Afternoon,baseline,matatiele,9.903,0.0,30.728856,30.0,2,100.0,100.0,1.0,0.0
2026-08-31 22:46:34.152545,s3,2:,150,144,16685,16433,60,Afternoon,baseline,matatiele,9.903,0.0,30.728856,30.0,2,100.0,100.0,1.0,0.0
2026-08-31 22:46:34.152545,s3,LOCAL:,0,0,0,0,60,Afternoon,baseline,matatiele,9.903,0.0,30.728856,30.0,2,100.0,100.0,1.0,0.0
2026-08-31 22:46:34.152545,s4,1:,74,152,6540,16983,60,Afternoon,baseline,matatiele,9.903,0.0,30.728856,30.0,2,100.0,100.0,1.0,0.0
2026-08-31 22:46:34.152545,s4,2:,150,146,16685,16711,60,Afternoon,baseline,matatiele,9.903,0.0,30.728856,30.0,2,100.0,100.0,1.0,0.0
2026-08-31 22:46:34.152545,s4,LOCAL:,0,0,0,0,60,Afternoon,baseline,matatiele,9.903,0.0,30.728856,30.0,2,100.0,100.0,1.0,0.0
2026-08-31 22:46:34.152545,s5,1:,6758,160,9950184,17337,60,Afternoon,baseline,matatiele,9.903,0.0,30.728856,30.0,2,100.0,100.0,1.0,0.0
2026-08-31 22:46:34.152545,s5,2:,159,6827,17247,9959987,60,Afternoon,baseline,matatiele,9.903,0.0,30.728856,30.0,2,100.0,100.0,1.0,0.0
2026-08-31 22:46:34.152545,s5,LOCAL:,0,0,0,0,60,Afternoon,baseline,matatiele,9.903,0.0,30.728856,30.0,2,100.0,100.0,1.0,0.0
2026-08-31 22:46:35.147492,s1,1:,250,41900,22925,61976829,61,Afternoon,baseline,umzimvubu,17.906,0.0,31.259133,30.0,2,100.0,100.0,1.0,0.0
2026-08-31 22:46:35.147492,s1,2:,35079,174,52031649,18850,61,Afternoon,baseline,umzimvubu,17.906,0.0,31.259133,30.0,2,100.0,100.0,1.0,0.0
2026-08-31 22:46:35.147492,s1,3:,144,150,16433,16685,61,Afternoon,baseline,umzimvubu,17.906,0.0,31.259133,30.0,2,100.0,100.0,1.0,0.0
2026-08-31 22:46:35.147492,s1,4:,146,150,16711,16685,61,Afternoon,baseline,umzimvubu,17.906,0.0,31.259133,30.0,2,100.0,100.0,1.0,0.0
2026-08-31 22:46:35.147492,s1,5:,6827,159,9959987,17247,61,Afternoon,baseline,umzimvubu,17.906,0.0,31.259133,30.0,2,100.0,100.0,1.0,0.0
2026-08-31 22:46:35.147492,s1,LOCAL:,0,0,0,0,61,Afternoon,baseline,umzimvubu,17.906,0.0,31.259133,30.0,2,100.0,100.0,1.0,0.0
2026-08-31 22:46:35.147492,s2,1:,35012,178,52026124,19308,61,Afternoon,baseline,umzimvubu,17.906,0.0,31.259133,30.0,2,100.0,100.0,1.0,0.0
2026-08-31 22:46:35.147492,s2,2:,174,35079,18850,52031649,61,Afternoon,baseline,umzimvubu,17.906,0.0,31.259133,30.0,2,100.0,100.0,1.0,0.0
2026-08-31 22:46:35.147492,s2,LOCAL:,0,0,0,0,61,Afternoon,baseline,umzimvubu,17.906,0.0,31.259133,30.0,2,100.0,100.0,1.0,0.0
2026-08-31 22:46:35.147492,s3,1:,74,151,6540,16775,61,Afternoon,baseline,umzimvubu,17.906,0.0,31.259133,30.0,2,100.0,100.0,1.0,0.0
2026-08-31 22:46:35.147492,s3,2:,150,144,16685,16433,61,Afternoon,baseline,umzimvubu,17.906,0.0,31.259133,30.0,2,100.0,100.0,1.0,0.0
2026-08-31 22:46:35.147492,s3,LOCAL:,0,0,0,0,61,Afternoon,baseline,umzimvubu,17.906,0.0,31.259133,30.0,2,100.0,100.0,1.0,0.0
2026-08-31 22:46:35.147492,s4,1:,74,152,6540,16983,61,Afternoon,baseline,umzimvubu,17.906,0.0,31.259133,30.0,2,100.0,100.0,1.0,0.0
2026-08-31 22:46:35.147492,s4,2:,150,146,16685,16711,61,Afternoon,baseline,umzimvubu,17.906,0.0,31.259133,30.0,2,100.0,100.0,1.0,0.0
2026-08-31 22:46:35.147492,s4,LOCAL:,0,0,0,0,61,Afternoon,baseline,umzimvubu,17.906,0.0,31.259133,30.0,2,100.0,100.0,1.0,0.0
2026-08-31 22:46:35.147492,s5,1:,6758,160,9950184,17337,61,Afternoon,baseline,umzimvubu,17.906,0.0,31.259133,30.0,2,100.0,100.0,1.0,0.0
2026-08-31 22:46:35.147492,s5,2:,159,6827,17247,9959987,61,Afternoon,baseline,umzimvubu,17.906,0.0,31.259133,30.0,2,100.0,100.0,1.0,0.0
2026-08-31 22:46:35.147492,s5,LOCAL:,0,0,0,0,61,Afternoon,baseline,umzimvubu,17.906,0.0,31.259133,30.0,2,100.0,100.0,1.0,0.0
2026-08-31 22:46:36.146597,s1,1:,250,41900,22925,61976829,62,Afternoon,baseline,ntabankulu,9.329,0.0,30.732214,30.0,2,100.0,100.0,1.0,0.0
2026-08-31 22:46:36.146597,s1,2:,35079,174,52031649,18850,62,Afternoon,baseline,ntabankulu,9.329,0.0,30.732214,30.0,2,100.0,100.0,1.0,0.0
2026-08-31 22:46:36.146597,s1,3:,144,150,16433,16685,62,Afternoon,baseline,ntabankulu,9.329,0.0,30.732214,30.0,2,100.0,100.0,1.0,0.0
2026-08-31 22:46:36.146597,s1,4:,146,150,16711,16685,62,Afternoon,baseline,ntabankulu,9.329,0.0,30.732214,30.0,2,100.0,100.0,1.0,0.0
2026-08-31 22:46:36.146597,s1,5:,6827,159,9959987,17247,62,Afternoon,baseline,ntabankulu,9.329,0.0,30.732214,30.0,2,100.0,100.0,1.0,0.0
2026-08-31 22:46:36.146597,s1,LOCAL:,0,0,0,0,62,Afternoon,baseline,ntabankulu,9.329,0.0,30.732214,30.0,2,100.0,100.0,1.0,0.0
2026-08-31 22:46:36.146597,s2,1:,35012,178,52026124,19308,62,Afternoon,baseline,ntabankulu,9.329,0.0,30.732214,30.0,2,100.0,100.0,1.0,0.0
2026-08-31 22:46:36.146597,s2,2:,174,35079,18850,52031649,62,Afternoon,baseline,ntabankulu,9.329,0.0,30.732214,30.0,2,100.0,100.0,1.0,0.0
2026-08-31 22:46:36.146597,s2,LOCAL:,0,0,0,0,62,Afternoon,baseline,ntabankulu,9.329,0.0,30.732214,30.0,2,100.0,100.0,1.0,0.0
2026-08-31 22:46:36.146597,s3,1:,74,151,6540,16775,62,Afternoon,baseline,ntabankulu,9.329,0.0,30.732214,30.0,2,100.0,100.0,1.0,0.0
2026-08-31 22:46:36.146597,s3,2:,150,144,16685,16433,62,Afternoon,baseline,ntabankulu,9.329,0.0,30.732214,30.0,2,100.0,100.0,1.0,0.0
2026-08-31 22:46:36.146597,s3,LOCAL:,0,0,0,0,62,Afternoon,baseline,ntabankulu,9.329,0.0,30.732214,30.0,2,100.0,100.0,1.0,0.0
2026-08-31 22:46:36.146597,s4,1:,74,152,6540,16983,62,Afternoon,baseline,ntabankulu,9.329,0.0,30.732214,30.0,2,100.0,100.0,1.0,0.0
2026-08-31 22:46:36.146597,s4,2:,150,146,16685,16711,62,Afternoon,baseline,ntabankulu,9.329,0.0,30.732214,30.0,2,100.0,100.0,1.0,0.0
2026-08-31 22:46:36.146597,s4,LOCAL:,0,0,0,0,62,Afternoon,baseline,ntabankulu,9.329,0.0,30.732214,30.0,2,100.0,100.0,1.0,0.0
2026-08-31 22:46:36.146597,s5,1:,6758,160,9950184,17337,62,Afternoon,baseline,ntabankulu,9.329,0.0,30.732214,30.0,2,100.0,100.0,1.0,0.0
2026-08-31 22:46:36.146597,s5,2:,159,6827,17247,9959987,62,Afternoon,baseline,ntabankulu,9.329,0.0,30.732214,30.0,2,100.0,100.0,1.0,0.0
2026-08-31 22:46:36.146597,s5,LOCAL:,0,0,0,0,62,Afternoon,baseline,ntabankulu,9.329,0.0,30.732214,30.0,2,100.0,100.0,1.0,0.0
2026-08-31 22:46:37.146582,s1,1:,250,41900,22925,61976829,63,Afternoon,baseline,winnie,10.387,0.0,30.903343,30.0,2,100.0,100.0,1.0,0.0
2026-08-31 22:46:37.146582,s1,2:,35079,174,52031649,18850,63,Afternoon,baseline,winnie,10.387,0.0,30.903343,30.0,2,100.0,100.0,1.0,0.0
2026-08-31 22:46:37.146582,s1,3:,144,150,16433,16685,63,Afternoon,baseline,winnie,10.387,0.0,30.903343,30.0,2,100.0,100.0,1.0,0.0
2026-08-31 22:46:37.146582,s1,4:,146,150,16711,16685,63,Afternoon,baseline,winnie,10.387,0.0,30.903343,30.0,2,100.0,100.0,1.0,0.0
2026-08-31 22:46:37.146582,s1,5:,6827,159,9959987,17247,63,Afternoon,baseline,winnie,10.387,0.0,30.903343,30.0,2,100.0,100.0,1.0,0.0
2026-08-31 22:46:37.146582,s1,LOCAL:,0,0,0,0,63,Afternoon,baseline,winnie,10.387,0.0,30.903343,30.0,2,100.0,100.0,1.0,0.0
2026-08-31 22:46:37.146582,s2,1:,35012,178,52026124,19308,63,Afternoon,baseline,winnie,10.387,0.0,30.903343,30.0,2,100.0,100.0,1.0,0.0
2026-08-31 22:46:37.146582,s2,2:,174,35079,18850,52031649,63,Afternoon,baseline,winnie,10.387,0.0,30.903343,30.0,2,100.0,100.0,1.0,0.0
2026-08-31 22:46:37.146582,s2,LOCAL:,0,0,0,0,63,Afternoon,baseline,winnie,10.387,0.0,30.903343,30.0,2,100.0,100.0,1.0,0.0
2026-08-31 22:46:37.146582,s3,1:,74,151,6540,16775,63,Afternoon,baseline,winnie,10.387,0.0,30.903343,30.0,2,100.0,100.0,1.0,0.0
2026-08-31 22:46:37.146582,s3,2:,150,144,16685,16433,63,Afternoon,baseline,winnie,10.387,0.0,30.903343,30.0,2,100.0,100.0,1.0,0.0
2026-08-31 22:46:37.146582,s3,LOCAL:,0,0,0,0,63,Afternoon,baseline,winnie,10.387,0.0,30.903343,30.0,2,100.0,100.0,1.0,0.0
2026-08-31 22:46:37.146582,s4,1:,74,152,6540,16983,63,Afternoon,baseline,winnie,10.387,0.0,30.903343,30.0,2,100.0,100.0,1.0,0.0
2026-08-31 22:46:37.146582,s4,2:,150,146,16685,16711,63,Afternoon,baseline,winnie,10.387,0.0,30.903343,30.0,2,100.0,100.0,1.0,0.0
2026-08-31 22:46:37.146582,s4,LOCAL:,0,0,0,0,63,Afternoon,baseline,winnie,10.387,0.0,30.903343,30.0,2,100.0,100.0,1.0,0.0
2026-08-31 22:46:37.146582,s5,1:,6758,160,9950184,17337,63,Afternoon,baseline,winnie,10.387,0.0,30.903343,30.0,2,100.0,100.0,1.0,0.0
2026-08-31 22:46:37.146582,s5,2:,159,6827,17247,9959987,63,Afternoon,baseline,winnie,10.387,0.0,30.903343,30.0,2,100.0,100.0,1.0,0.0
2026-08-31 22:46:37.146582,s5,LOCAL:,0,0,0,0,63,Afternoon,baseline,winnie,10.387,0.0,30.903343,30.0,2,100.0,100.0,1.0,0.0
2026-08-31 22:46:38.145432,s1,1:,250,41900,22925,61976829,64,Afternoon,baseline,matatiele,11.416,0.0,30.864785,30.0,2,100.0,100.0,1.0,0.0
2026-08-31 22:46:38.145432,s1,2:,35079,174,52031649,18850,64,Afternoon,baseline,matatiele,11.416,0.0,30.864785,30.0,2,100.0,100.0,1.0,0.0
2026-08-31 22:46:38.145432,s1,3:,144,150,16433,16685,64,Afternoon,baseline,matatiele,11.416,0.0,30.864785,30.0,2,100.0,100.0,1.0,0.0
2026-08-31 22:46:38.145432,s1,4:,146,150,16711,16685,64,Afternoon,baseline,matatiele,11.416,0.0,30.864785,30.0,2,100.0,100.0,1.0,0.0
2026-08-31 22:46:38.145432,s1,5:,6827,159,9959987,17247,64,Afternoon,baseline,matatiele,11.416,0.0,30.864785,30.0,2,100.0,100.0,1.0,0.0
2026-08-31 22:46:38.145432,s1,LOCAL:,0,0,0,0,64,Afternoon,baseline,matatiele,11.416,0.0,30.864785,30.0,2,100.0,100.0,1.0,0.0
2026-08-31 22:46:38.145432,s2,1:,35012,178,52026124,19308,64,Afternoon,baseline,matatiele,11.416,0.0,30.864785,30.0,2,100.0,100.0,1.0,0.0
2026-08-31 22:46:38.145432,s2,2:,174,35079,18850,52031649,64,Afternoon,baseline,matatiele,11.416,0.0,30.864785,30.0,2,100.0,100.0,1.0,0.0
2026-08-31 22:46:38.145432,s2,LOCAL:,0,0,0,0,64,Afternoon,baseline,matatiele,11.416,0.0,30.864785,30.0,2,100.0,100.0,1.0,0.0
2026-08-31 22:46:38.145432,s3,1:,74,151,6540,16775,64,Afternoon,baseline,matatiele,11.416,0.0,30.864785,30.0,2,100.0,100.0,1.0,0.0
2026-08-31 22:46:38.145432,s3,2:,150,144,16685,16433,64,Afternoon,baseline,matatiele,11.416,0.0,30.864785,30.0,2,100.0,100.0,1.0,0.0
2026-08-31 22:46:38.145432,s3,LOCAL:,0,0,0,0,64,Afternoon,baseline,matatiele,11.416,0.0,30.864785,30.0,2,100.0,100.0,1.0,0.0
2026-08-31 22:46:38.145432,s4,1:,74,152,6540,16983,64,Afternoon,baseline,matatiele,11.416,0.0,30.864785,30.0,2,100.0,100.0,1.0,0.0
2026-08-31 22:46:38.145432,s4,2:,150,146,16685,16711,64,Afternoon,baseline,matatiele,11.416,0.0,30.864785,30.0,2,100.0,100.0,1.0,0.0
2026-08-31 22:46:38.145432,s4,LOCAL:,0,0,0,0,64,Afternoon,baseline,matatiele,11.416,0.0,30.864785,30.0,2,100.0,100.0,1.0,0.0
2026-08-31 22:46:38.145432,s5,1:,6758,160,9950184,17337,64,Afternoon,baseline,matatiele,11.416,0.0,30.864785,30.0,2,100.0,100.0,1.0,0.0
2026-08-31 22:46:38.145432,s5,2:,159,6827,17247,9959987,64,Afternoon,baseline,matatiele,11.416,0.0,30.864785,30.0,2,100.0,100.0,1.0,0.0
2026-08-31 22:46:38.145432,s5,LOCAL:,0,0,0,0,64,Afternoon,baseline,matatiele,11.416,0.0,30.864785,30.0,2,100.0,100.0,1.0,0.0
2026-08-31 22:46:39.146929,s1,1:,265,55071,24395,81575335,65,Afternoon,baseline,umzimvubu,9.115,0.0,30.918096,30.0,2,100.0,100.0,1.0,0.0
2026-08-31 22:46:39.146929,s1,2:,41684,181,61866221,19700,65,Afternoon,baseline,umzimvubu,9.115,0.0,30.918096,30.0,2,100.0,100.0,1.0,0.0
2026-08-31 22:46:39.146929,s1,3:,154,160,17577,17829,65,Afternoon,baseline,umzimvubu,9.115,0.0,30.918096,30.0,2,100.0,100.0,1.0,0.0
2026-08-31 22:46:39.146929,s1,4:,151,157,17283,17535,65,Afternoon,baseline,umzimvubu,9.115,0.0,30.918096,30.0,2,100.0,100.0,1.0,0.0
2026-08-31 22:46:39.146929,s1,5:,13432,166,19791857,18097,65,Afternoon,baseline,umzimvubu,9.115,0.0,30.918096,30.0,2,100.0,100.0,1.0,0.0
2026-08-31 22:46:39.146929,s1,LOCAL:,0,0,0,0,65,Afternoon,baseline,umzimvubu,9.115,0.0,30.918096,30.0,2,100.0,100.0,1.0,0.0
2026-08-31 22:46:39.146929,s2,1:,41613,183,61857438,19880,65,Afternoon,baseline,umzimvubu,9.115,0.0,30.918096,30.0,2,100.0,100.0,1.0,0.0
2026-08-31 22:46:39.146929,s2,2:,181,41684,19700,61866221,65,Afternoon,baseline,umzimvubu,9.115,0.0,30.918096,30.0,2,100.0,100.0,1.0,0.0
2026-08-31 22:46:39.146929,s2,LOCAL:,0,0,0,0,65,Afternoon,baseline,umzimvubu,9.115,0.0,30.918096,30.0,2,100.0,100.0,1.0,0.0
2026-08-31 22:46:39.146929,s3,1:,80,161,7128,17919,65,Afternoon,baseline,umzimvubu,9.115,0.0,30.918096,30.0,2,100.0,100.0,1.0,0.0
2026-08-31 22:46:39.146929,s3,2:,160,154,17829,17577,65,Afternoon,baseline,umzimvubu,9.115,0.0,30.918096,30.0,2,100.0,100.0,1.0,0.0
2026-08-31 22:46:39.146929,s3,LOCAL:,0,0,0,0,65,Afternoon,baseline,umzimvubu,9.115,0.0,30.918096,30.0,2,100.0,100.0,1.0,0.0
2026-08-31 22:46:39.146929,s4,1:,77,157,6834,17555,65,Afternoon,baseline,umzimvubu,9.115,0.0,30.918096,30.0,2,100.0,100.0,1.0,0.0
2026-08-31 22:46:39.146929,s4,2:,157,151,17535,17283,65,Afternoon,baseline,umzimvubu,9.115,0.0,30.918096,30.0,2,100.0,100.0,1.0,0.0
2026-08-31 22:46:39.146929,s4,LOCAL:,0,0,0,0,65,Afternoon,baseline,umzimvubu,9.115,0.0,30.918096,30.0,2,100.0,100.0,1.0,0.0
2026-08-31 22:46:39.146929,s5,1:,13360,167,19782988,18187,65,Afternoon,baseline,umzimvubu,9.115,0.0,30.918096,30.0,2,100.0,100.0,1.0,0.0
2026-08-31 22:46:39.146929,s5,2:,166,13432,18097,19791857,65,Afternoon,baseline,umzimvubu,9.115,0.0,30.918096,30.0,2,100.0,100.0,1.0,0.0
2026-08-31 22:46:39.146929,s5,LOCAL:,0,0,0,0,65,Afternoon,baseline,umzimvubu,9.115,0.0,30.918096,30.0,2,100.0,100.0,1.0,0.0
2026-08-31 22:46:40.147151,s1,1:,265,55071,24395,81575335,66,Afternoon,baseline,ntabankulu,11.603,0.0,30.931713,30.0,2,100.0,100.0,1.0,0.0
2026-08-31 22:46:40.147151,s1,2:,41684,181,61866221,19700,66,Afternoon,baseline,ntabankulu,11.603,0.0,30.931713,30.0,2,100.0,100.0,1.0,0.0
2026-08-31 22:46:40.147151,s1,3:,154,160,17577,17829,66,Afternoon,baseline,ntabankulu,11.603,0.0,30.931713,30.0,2,100.0,100.0,1.0,0.0
2026-08-31 22:46:40.147151,s1,4:,151,157,17283,17535,66,Afternoon,baseline,ntabankulu,11.603,0.0,30.931713,30.0,2,100.0,100.0,1.0,0.0
2026-08-31 22:46:40.147151,s1,5:,13432,166,19791857,18097,66,Afternoon,baseline,ntabankulu,11.603,0.0,30.931713,30.0,2,100.0,100.0,1.0,0.0
2026-08-31 22:46:40.147151,s1,LOCAL:,0,0,0,0,66,Afternoon,baseline,ntabankulu,11.603,0.0,30.931713,30.0,2,100.0,100.0,1.0,0.0
2026-08-31 22:46:40.147151,s2,1:,41613,183,61857438,19880,66,Afternoon,baseline,ntabankulu,11.603,0.0,30.931713,30.0,2,100.0,100.0,1.0,0.0
2026-08-31 22:46:40.147151,s2,2:,181,41684,19700,61866221,66,Afternoon,baseline,ntabankulu,11.603,0.0,30.931713,30.0,2,100.0,100.0,1.0,0.0
2026-08-31 22:46:40.147151,s2,LOCAL:,0,0,0,0,66,Afternoon,baseline,ntabankulu,11.603,0.0,30.931713,30.0,2,100.0,100.0,1.0,0.0
2026-08-31 22:46:40.147151,s3,1:,80,161,7128,17919,66,Afternoon,baseline,ntabankulu,11.603,0.0,30.931713,30.0,2,100.0,100.0,1.0,0.0
2026-08-31 22:46:40.147151,s3,2:,160,154,17829,17577,66,Afternoon,baseline,ntabankulu,11.603,0.0,30.931713,30.0,2,100.0,100.0,1.0,0.0
2026-08-31 22:46:40.147151,s3,LOCAL:,0,0,0,0,66,Afternoon,baseline,ntabankulu,11.603,0.0,30.931713,30.0,2,100.0,100.0,1.0,0.0
2026-08-31 22:46:40.147151,s4,1:,77,157,6834,17555,66,Afternoon,baseline,ntabankulu,11.603,0.0,30.931713,30.0,2,100.0,100.0,1.0,0.0
2026-08-31 22:46:40.147151,s4,2:,157,151,17535,17283,66,Afternoon,baseline,ntabankulu,11.603,0.0,30.931713,30.0,2,100.0,100.0,1.0,0.0
2026-08-31 22:46:40.147151,s4,LOCAL:,0,0,0,0,66,Afternoon,baseline,ntabankulu,11.603,0.0,30.931713,30.0,2,100.0,100.0,1.0,0.0
2026-08-31 22:46:40.147151,s5,1:,13360,167,19782988,18187,66,Afternoon,baseline,ntabankulu,11.603,0.0,30.931713,30.0,2,100.0,100.0,1.0,0.0
2026-08-31 22:46:40.147151,s5,2:,166,13432,18097,19791857,66,Afternoon,baseline,ntabankulu,11.603,0.0,30.931713,30.0,2,100.0,100.0,1.0,0.0
2026-08-31 22:46:40.147151,s5,LOCAL:,0,0,0,0,66,Afternoon,baseline,ntabankulu,11.603,0.0,30.931713,30.0,2,100.0,100.0,1.0,0.0
2026-08-31 22:46:41.161776,s1,1:,265,55071,24395,81575335,67,Afternoon,baseline,winnie,15.185,0.0,30.714506,30.0,2,100.0,100.0,1.0,0.0
2026-08-31 22:46:41.161776,s1,2:,41684,181,61866221,19700,67,Afternoon,baseline,winnie,15.185,0.0,30.714506,30.0,2,100.0,100.0,1.0,0.0
2026-08-31 22:46:41.161776,s1,3:,154,160,17577,17829,67,Afternoon,baseline,winnie,15.185,0.0,30.714506,30.0,2,100.0,100.0,1.0,0.0
2026-08-31 22:46:41.161776,s1,4:,151,157,17283,17535,67,Afternoon,baseline,winnie,15.185,0.0,30.714506,30.0,2,100.0,100.0,1.0,0.0
2026-08-31 22:46:41.161776,s1,5:,13432,166,19791857,18097,67,Afternoon,baseline,winnie,15.185,0.0,30.714506,30.0,2,100.0,100.0,1.0,0.0
2026-08-31 22:46:41.161776,s1,LOCAL:,0,0,0,0,67,Afternoon,baseline,winnie,15.185,0.0,30.714506,30.0,2,100.0,100.0,1.0,0.0
2026-08-31 22:46:41.161776,s2,1:,41613,183,61857438,19880,67,Afternoon,baseline,winnie,15.185,0.0,30.714506,30.0,2,100.0,100.0,1.0,0.0
2026-08-31 22:46:41.161776,s2,2:,181,41684,19700,61866221,67,Afternoon,baseline,winnie,15.185,0.0,30.714506,30.0,2,100.0,100.0,1.0,0.0
2026-08-31 22:46:41.161776,s2,LOCAL:,0,0,0,0,67,Afternoon,baseline,winnie,15.185,0.0,30.714506,30.0,2,100.0,100.0,1.0,0.0
2026-08-31 22:46:41.161776,s3,1:,80,161,7128,17919,67,Afternoon,baseline,winnie,15.185,0.0,30.714506,30.0,2,100.0,100.0,1.0,0.0
2026-08-31 22:46:41.161776,s3,2:,160,154,17829,17577,67,Afternoon,baseline,winnie,15.185,0.0,30.714506,30.0,2,100.0,100.0,1.0,0.0
2026-08-31 22:46:41.161776,s3,LOCAL:,0,0,0,0,67,Afternoon,baseline,winnie,15.185,0.0,30.714506,30.0,2,100.0,100.0,1.0,0.0
2026-08-31 22:46:41.161776,s4,1:,77,157,6834,17555,67,Afternoon,baseline,winnie,15.185,0.0,30.714506,30.0,2,100.0,100.0,1.0,0.0
2026-08-31 22:46:41.161776,s4,2:,157,151,17535,17283,67,Afternoon,baseline,winnie,15.185,0.0,30.714506,30.0,2,100.0,100.0,1.0,0.0
2026-08-31 22:46:41.161776,s4,LOCAL:,0,0,0,0,67,Afternoon,baseline,winnie,15.185,0.0,30.714506,30.0,2,100.0,100.0,1.0,0.0
2026-08-31 22:46:41.161776,s5,1:,13360,167,19782988,18187,67,Afternoon,baseline,winnie,15.185,0.0,30.714506,30.0,2,100.0,100.0,1.0,0.0
2026-08-31 22:46:41.161776,s5,2:,166,13432,18097,19791857,67,Afternoon,baseline,winnie,15.185,0.0,30.714506,30.0,2,100.0,100.0,1.0,0.0
2026-08-31 22:46:41.161776,s5,LOCAL:,0,0,0,0,67,Afternoon,baseline,winnie,15.185,0.0,30.714506,30.0,2,100.0,100.0,1.0,0.0
2026-08-31 22:46:42.152096,s1,1:,265,55071,24395,81575335,68,Afternoon,baseline,matatiele,11.548,0.0,31.021822,30.0,2,100.0,100.0,1.0,0.0
2026-08-31 22:46:42.152096,s1,2:,41684,181,61866221,19700,68,Afternoon,baseline,matatiele,11.548,0.0,31.021822,30.0,2,100.0,100.0,1.0,0.0
2026-08-31 22:46:42.152096,s1,3:,154,160,17577,17829,68,Afternoon,baseline,matatiele,11.548,0.0,31.021822,30.0,2,100.0,100.0,1.0,0.0
2026-08-31 22:46:42.152096,s1,4:,151,157,17283,17535,68,Afternoon,baseline,matatiele,11.548,0.0,31.021822,30.0,2,100.0,100.0,1.0,0.0
2026-08-31 22:46:42.152096,s1,5:,13432,166,19791857,18097,68,Afternoon,baseline,matatiele,11.548,0.0,31.021822,30.0,2,100.0,100.0,1.0,0.0
2026-08-31 22:46:42.152096,s1,LOCAL:,0,0,0,0,68,Afternoon,baseline,matatiele,11.548,0.0,31.021822,30.0,2,100.0,100.0,1.0,0.0
2026-08-31 22:46:42.152096,s2,1:,41613,183,61857438,19880,68,Afternoon,baseline,matatiele,11.548,0.0,31.021822,30.0,2,100.0,100.0,1.0,0.0
2026-08-31 22:46:42.152096,s2,2:,181,41684,19700,61866221,68,Afternoon,baseline,matatiele,11.548,0.0,31.021822,30.0,2,100.0,100.0,1.0,0.0
2026-08-31 22:46:42.152096,s2,LOCAL:,0,0,0,0,68,Afternoon,baseline,matatiele,11.548,0.0,31.021822,30.0,2,100.0,100.0,1.0,0.0
2026-08-31 22:46:42.152096,s3,1:,80,161,7128,17919,68,Afternoon,baseline,matatiele,11.548,0.0,31.021822,30.0,2,100.0,100.0,1.0,0.0
2026-08-31 22:46:42.152096,s3,2:,160,154,17829,17577,68,Afternoon,baseline,matatiele,11.548,0.0,31.021822,30.0,2,100.0,100.0,1.0,0.0
2026-08-31 22:46:42.152096,s3,LOCAL:,0,0,0,0,68,Afternoon,baseline,matatiele,11.548,0.0,31.021822,30.0,2,100.0,100.0,1.0,0.0
2026-08-31 22:46:42.152096,s4,1:,77,157,6834,17555,68,Afternoon,baseline,matatiele,11.548,0.0,31.021822,30.0,2,100.0,100.0,1.0,0.0
2026-08-31 22:46:42.152096,s4,2:,157,151,17535,17283,68,Afternoon,baseline,matatiele,11.548,0.0,31.021822,30.0,2,100.0,100.0,1.0,0.0
2026-08-31 22:46:42.152096,s4,LOCAL:,0,0,0,0,68,Afternoon,baseline,matatiele,11.548,0.0,31.021822,30.0,2,100.0,100.0,1.0,0.0
2026-08-31 22:46:42.152096,s5,1:,13360,167,19782988,18187,68,Afternoon,baseline,matatiele,11.548,0.0,31.021822,30.0,2,100.0,100.0,1.0,0.0
2026-08-31 22:46:42.152096,s5,2:,166,13432,18097,19791857,68,Afternoon,baseline,matatiele,11.548,0.0,31.021822,30.0,2,100.0,100.0,1.0,0.0
2026-08-31 22:46:42.152096,s5,LOCAL:,0,0,0,0,68,Afternoon,baseline,matatiele,11.548,0.0,31.021822,30.0,2,100.0,100.0,1.0,0.0
2026-08-31 22:46:43.147165,s1,1:,265,55071,24395,81575335,69,Afternoon,baseline,umzimvubu,13.889,0.0,30.82347,30.0,2,100.0,100.0,1.0,0.0
2026-08-31 22:46:43.147165,s1,2:,41684,181,61866221,19700,69,Afternoon,baseline,umzimvubu,13.889,0.0,30.82347,30.0,2,100.0,100.0,1.0,0.0
2026-08-31 22:46:43.147165,s1,3:,154,160,17577,17829,69,Afternoon,baseline,umzimvubu,13.889,0.0,30.82347,30.0,2,100.0,100.0,1.0,0.0
2026-08-31 22:46:43.147165,s1,4:,151,157,17283,17535,69,Afternoon,baseline,umzimvubu,13.889,0.0,30.82347,30.0,2,100.0,100.0,1.0,0.0
2026-08-31 22:46:43.147165,s1,5:,13432,166,19791857,18097,69,Afternoon,baseline,umzimvubu,13.889,0.0,30.82347,30.0,2,100.0,100.0,1.0,0.0
2026-08-31 22:46:43.147165,s1,LOCAL:,0,0,0,0,69,Afternoon,baseline,umzimvubu,13.889,0.0,30.82347,30.0,2,100.0,100.0,1.0,0.0
2026-08-31 22:46:43.147165,s2,1:,41613,183,61857438,19880,69,Afternoon,baseline,umzimvubu,13.889,0.0,30.82347,30.0,2,100.0,100.0,1.0,0.0
2026-08-31 22:46:43.147165,s2,2:,181,41684,19700,61866221,69,Afternoon,baseline,umzimvubu,13.889,0.0,30.82347,30.0,2,100.0,100.0,1.0,0.0
2026-08-31 22:46:43.147165,s2,LOCAL:,0,0,0,0,69,Afternoon,baseline,umzimvubu,13.889,0.0,30.82347,30.0,2,100.0,100.0,1.0,0.0
2026-08-31 22:46:43.147165,s3,1:,80,161,7128,17919,69,Afternoon,baseline,umzimvubu,13.889,0.0,30.82347,30.0,2,100.0,100.0,1.0,0.0
2026-08-31 22:46:43.147165,s3,2:,160,154,17829,17577,69,Afternoon,baseline,umzimvubu,13.889,0.0,30.82347,30.0,2,100.0,100.0,1.0,0.0
2026-08-31 22:46:43.147165,s3,LOCAL:,0,0,0,0,69,Afternoon,baseline,umzimvubu,13.889,0.0,30.82347,30.0,2,100.0,100.0,1.0,0.0
2026-08-31 22:46:43.147165,s4,1:,77,157,6834,17555,69,Afternoon,baseline,umzimvubu,13.889,0.0,30.82347,30.0,2,100.0,100.0,1.0,0.0
2026-08-31 22:46:43.147165,s4,2:,157,151,17535,17283,69,Afternoon,baseline,umzimvubu,13.889,0.0,30.82347,30.0,2,100.0,100.0,1.0,0.0
2026-08-31 22:46:43.147165,s4,LOCAL:,0,0,0,0,69,Afternoon,baseline,umzimvubu,13.889,0.0,30.82347,30.0,2,100.0,100.0,1.0,0.0
2026-08-31 22:46:43.147165,s5,1:,13360,167,19782988,18187,69,Afternoon,baseline,umzimvubu,13.889,0.0,30.82347,30.0,2,100.0,100.0,1.0,0.0
2026-08-31 22:46:43.147165,s5,2:,166,13432,18097,19791857,69,Afternoon,baseline,umzimvubu,13.889,0.0,30.82347,30.0,2,100.0,100.0,1.0,0.0
2026-08-31 22:46:43.147165,s5,LOCAL:,0,0,0,0,69,Afternoon,baseline,umzimvubu,13.889,0.0,30.82347,30.0,2,100.0,100.0,1.0,0.0
2026-08-31 22:46:44.145785,s1,1:,282,68099,25949,100957875,70,Afternoon,baseline,ntabankulu,12.172,0.0,30.858333,30.0,2,100.0,100.0,1.0,0.0
2026-08-31 22:46:44.145785,s1,2:,48169,188,71519291,20550,70,Afternoon,baseline,ntabankulu,12.172,0.0,30.858333,30.0,2,100.0,100.0,1.0,0.0
2026-08-31 22:46:44.145785,s1,3:,163,168,18511,18721,70,Afternoon,baseline,ntabankulu,12.172,0.0,30.858333,30.0,2,100.0,100.0,1.0,0.0
2026-08-31 22:46:44.145785,s1,4:,162,168,18469,18721,70,Afternoon,baseline,ntabankulu,12.172,0.0,30.858333,30.0,2,100.0,100.0,1.0,0.0
2026-08-31 22:46:44.145785,s1,5:,19917,173,29444927,18947,70,Afternoon,baseline,ntabankulu,12.172,0.0,30.858333,30.0,2,100.0,100.0,1.0,0.0
2026-08-31 22:46:44.145785,s1,LOCAL:,0,0,0,0,70,Afternoon,baseline,ntabankulu,12.172,0.0,30.858333,30.0,2,100.0,100.0,1.0,0.0
2026-08-31 22:46:44.145785,s2,1:,48095,190,71511442,20730,70,Afternoon,baseline,ntabankulu,12.172,0.0,30.858333,30.0,2,100.0,100.0,1.0,0.0
2026-08-31 22:46:44.145785,s2,2:,188,48169,20550,71519291,70,Afternoon,baseline,ntabankulu,12.172,0.0,30.858333,30.0,2,100.0,100.0,1.0,0.0
2026-08-31 22:46:44.145785,s2,LOCAL:,0,0,0,0,70,Afternoon,baseline,ntabankulu,12.172,0.0,30.858333,30.0,2,100.0,100.0,1.0,0.0
2026-08-31 22:46:44.145785,s3,1:,85,169,7506,18811,70,Afternoon,baseline,ntabankulu,12.172,0.0,30.858333,30.0,2,100.0,100.0,1.0,0.0
2026-08-31 22:46:44.145785,s3,2:,168,163,18721,18511,70,Afternoon,baseline,ntabankulu,12.172,0.0,30.858333,30.0,2,100.0,100.0,1.0,0.0
2026-08-31 22:46:44.145785,s3,LOCAL:,0,0,0,0,70,Afternoon,baseline,ntabankulu,12.172,0.0,30.858333,30.0,2,100.0,100.0,1.0,0.0
2026-08-31 22:46:44.145785,s4,1:,84,168,7464,18741,70,Afternoon,baseline,ntabankulu,12.172,0.0,30.858333,30.0,2,100.0,100.0,1.0,0.0
2026-08-31 22:46:44.145785,s4,2:,168,162,18721,18469,70,Afternoon,baseline,ntabankulu,12.172,0.0,30.858333,30.0,2,100.0,100.0,1.0,0.0
2026-08-31 22:46:44.145785,s4,LOCAL:,0,0,0,0,70,Afternoon,baseline,ntabankulu,12.172,0.0,30.858333,30.0,2,100.0,100.0,1.0,0.0
2026-08-31 22:46:44.145785,s5,1:,19841,174,29435502,19037,70,Afternoon,baseline,ntabankulu,12.172,0.0,30.858333,30.0,2,100.0,100.0,1.0,0.0
2026-08-31 22:46:44.145785,s5,2:,173,19917,18947,29444927,70,Afternoon,baseline,ntabankulu,12.172,0.0,30.858333,30.0,2,100.0,100.0,1.0,0.0
2026-08-31 22:46:44.145785,s5,LOCAL:,0,0,0,0,70,Afternoon,baseline,ntabankulu,12.172,0.0,30.858333,30.0,2,100.0,100.0,1.0,0.0
2026-08-31 22:46:45.145912,s1,1:,282,68099,25949,100957875,71,Afternoon,baseline,winnie,8.459,0.0,30.860911,30.0,2,100.0,100.0,1.0,0.0
2026-08-31 22:46:45.145912,s1,2:,48169,188,71519291,20550,71,Afternoon,baseline,winnie,8.459,0.0,30.860911,30.0,2,100.0,100.0,1.0,0.0
2026-08-31 22:46:45.145912,s1,3:,163,168,18511,18721,71,Afternoon,baseline,winnie,8.459,0.0,30.860911,30.0,2,100.0,100.0,1.0,0.0
2026-08-31 22:46:45.145912,s1,4:,162,168,18469,18721,71,Afternoon,baseline,winnie,8.459,0.0,30.860911,30.0,2,100.0,100.0,1.0,0.0
2026-08-31 22:46:45.145912,s1,5:,19917,173,29444927,18947,71,Afternoon,baseline,winnie,8.459,0.0,30.860911,30.0,2,100.0,100.0,1.0,0.0
2026-08-31 22:46:45.145912,s1,LOCAL:,0,0,0,0,71,Afternoon,baseline,winnie,8.459,0.0,30.860911,30.0,2,100.0,100.0,1.0,0.0
2026-08-31 22:46:45.145912,s2,1:,48095,190,71511442,20730,71,Afternoon,baseline,winnie,8.459,0.0,30.860911,30.0,2,100.0,100.0,1.0,0.0
2026-08-31 22:46:45.145912,s2,2:,188,48169,20550,71519291,71,Afternoon,baseline,winnie,8.459,0.0,30.860911,30.0,2,100.0,100.0,1.0,0.0
2026-08-31 22:46:45.145912,s2,LOCAL:,0,0,0,0,71,Afternoon,baseline,winnie,8.459,0.0,30.860911,30.0,2,100.0,100.0,1.0,0.0
2026-08-31 22:46:45.145912,s3,1:,85,169,7506,18811,71,Afternoon,baseline,winnie,8.459,0.0,30.860911,30.0,2,100.0,100.0,1.0,0.0
2026-08-31 22:46:45.145912,s3,2:,168,163,18721,18511,71,Afternoon,baseline,winnie,8.459,0.0,30.860911,30.0,2,100.0,100.0,1.0,0.0
2026-08-31 22:46:45.145912,s3,LOCAL:,0,0,0,0,71,Afternoon,baseline,winnie,8.459,0.0,30.860911,30.0,2,100.0,100.0,1.0,0.0
2026-08-31 22:46:45.145912,s4,1:,84,168,7464,18741,71,Afternoon,baseline,winnie,8.459,0.0,30.860911,30.0,2,100.0,100.0,1.0,0.0
2026-08-31 22:46:45.145912,s4,2:,168,162,18721,18469,71,Afternoon,baseline,winnie,8.459,0.0,30.860911,30.0,2,100.0,100.0,1.0,0.0
2026-08-31 22:46:45.145912,s4,LOCAL:,0,0,0,0,71,Afternoon,baseline,winnie,8.459,0.0,30.860911,30.0,2,100.0,100.0,1.0,0.0
2026-08-31 22:46:45.145912,s5,1:,19841,174,29435502,19037,71,Afternoon,baseline,winnie,8.459,0.0,30.860911,30.0,2,100.0,100.0,1.0,0.0
2026-08-31 22:46:45.145912,s5,2:,173,19917,18947,29444927,71,Afternoon,baseline,winnie,8.459,0.0,30.860911,30.0,2,100.0,100.0,1.0,0.0
2026-08-31 22:46:45.145912,s5,LOCAL:,0,0,0,0,71,Afternoon,baseline,winnie,8.459,0.0,30.860911,30.0,2,100.0,100.0,1.0,0.0
2026-08-31 22:46:46.144397,s1,1:,282,68099,25949,100957875,72,Afternoon,baseline,matatiele,9.928,0.0,30.868167,30.0,2,100.0,100.0,1.0,0.0
2026-08-31 22:46:46.144397,s1,2:,48169,188,71519291,20550,72,Afternoon,baseline,matatiele,9.928,0.0,30.868167,30.0,2,100.0,100.0,1.0,0.0
2026-08-31 22:46:46.144397,s1,3:,163,168,18511,18721,72,Afternoon,baseline,matatiele,9.928,0.0,30.868167,30.0,2,100.0,100.0,1.0,0.0
2026-08-31 22:46:46.144397,s1,4:,162,168,18469,18721,72,Afternoon,baseline,matatiele,9.928,0.0,30.868167,30.0,2,100.0,100.0,1.0,0.0
2026-08-31 22:46:46.144397,s1,5:,19917,173,29444927,18947,72,Afternoon,baseline,matatiele,9.928,0.0,30.868167,30.0,2,100.0,100.0,1.0,0.0
2026-08-31 22:46:46.144397,s1,LOCAL:,0,0,0,0,72,Afternoon,baseline,matatiele,9.928,0.0,30.868167,30.0,2,100.0,100.0,1.0,0.0
2026-08-31 22:46:46.144397,s2,1:,48095,190,71511442,20730,72,Afternoon,baseline,matatiele,9.928,0.0,30.868167,30.0,2,100.0,100.0,1.0,0.0
2026-08-31 22:46:46.144397,s2,2:,188,48169,20550,71519291,72,Afternoon,baseline,matatiele,9.928,0.0,30.868167,30.0,2,100.0,100.0,1.0,0.0
2026-08-31 22:46:46.144397,s2,LOCAL:,0,0,0,0,72,Afternoon,baseline,matatiele,9.928,0.0,30.868167,30.0,2,100.0,100.0,1.0,0.0
2026-08-31 22:46:46.144397,s3,1:,85,169,7506,18811,72,Afternoon,baseline,matatiele,9.928,0.0,30.868167,30.0,2,100.0,100.0,1.0,0.0
2026-08-31 22:46:46.144397,s3,2:,168,163,18721,18511,72,Afternoon,baseline,matatiele,9.928,0.0,30.868167,30.0,2,100.0,100.0,1.0,0.0
2026-08-31 22:46:46.144397,s3,LOCAL:,0,0,0,0,72,Afternoon,baseline,matatiele,9.928,0.0,30.868167,30.0,2,100.0,100.0,1.0,0.0
2026-08-31 22:46:46.144397,s4,1:,84,168,7464,18741,72,Afternoon,baseline,matatiele,9.928,0.0,30.868167,30.0,2,100.0,100.0,1.0,0.0
2026-08-31 22:46:46.144397,s4,2:,168,162,18721,18469,72,Afternoon,baseline,matatiele,9.928,0.0,30.868167,30.0,2,100.0,100.0,1.0,0.0
2026-08-31 22:46:46.144397,s4,LOCAL:,0,0,0,0,72,Afternoon,baseline,matatiele,9.928,0.0,30.868167,30.0,2,100.0,100.0,1.0,0.0
2026-08-31 22:46:46.144397,s5,1:,19841,174,29435502,19037,72,Afternoon,baseline,matatiele,9.928,0.0,30.868167,30.0,2,100.0,100.0,1.0,0.0
2026-08-31 22:46:46.144397,s5,2:,173,19917,18947,29444927,72,Afternoon,baseline,matatiele,9.928,0.0,30.868167,30.0,2,100.0,100.0,1.0,0.0
2026-08-31 22:46:46.144397,s5,LOCAL:,0,0,0,0,72,Afternoon,baseline,matatiele,9.928,0.0,30.868167,30.0,2,100.0,100.0,1.0,0.0
2026-08-31 22:46:47.145293,s1,1:,282,68099,25949,100957875,73,Afternoon,baseline,umzimvubu,8.712,0.0,30.885138,30.0,2,100.0,100.0,1.0,0.0
2026-08-31 22:46:47.145293,s1,2:,48169,188,71519291,20550,73,Afternoon,baseline,umzimvubu,8.712,0.0,30.885138,30.0,2,100.0,100.0,1.0,0.0
2026-08-31 22:46:47.145293,s1,3:,163,168,18511,18721,73,Afternoon,baseline,umzimvubu,8.712,0.0,30.885138,30.0,2,100.0,100.0,1.0,0.0
2026-08-31 22:46:47.145293,s1,4:,162,168,18469,18721,73,Afternoon,baseline,umzimvubu,8.712,0.0,30.885138,30.0,2,100.0,100.0,1.0,0.0
2026-08-31 22:46:47.145293,s1,5:,19917,173,29444927,18947,73,Afternoon,baseline,umzimvubu,8.712,0.0,30.885138,30.0,2,100.0,100.0,1.0,0.0
2026-08-31 22:46:47.145293,s1,LOCAL:,0,0,0,0,73,Afternoon,baseline,umzimvubu,8.712,0.0,30.885138,30.0,2,100.0,100.0,1.0,0.0
2026-08-31 22:46:47.145293,s2,1:,48095,190,71511442,20730,73,Afternoon,baseline,umzimvubu,8.712,0.0,30.885138,30.0,2,100.0,100.0,1.0,0.0
2026-08-31 22:46:47.145293,s2,2:,188,48169,20550,71519291,73,Afternoon,baseline,umzimvubu,8.712,0.0,30.885138,30.0,2,100.0,100.0,1.0,0.0
2026-08-31 22:46:47.145293,s2,LOCAL:,0,0,0,0,73,Afternoon,baseline,umzimvubu,8.712,0.0,30.885138,30.0,2,100.0,100.0,1.0,0.0
2026-08-31 22:46:47.145293,s3,1:,85,169,7506,18811,73,Afternoon,baseline,umzimvubu,8.712,0.0,30.885138,30.0,2,100.0,100.0,1.0,0.0
2026-08-31 22:46:47.145293,s3,2:,168,163,18721,18511,73,Afternoon,baseline,umzimvubu,8.712,0.0,30.885138,30.0,2,100.0,100.0,1.0,0.0
2026-08-31 22:46:47.145293,s3,LOCAL:,0,0,0,0,73,Afternoon,baseline,umzimvubu,8.712,0.0,30.885138,30.0,2,100.0,100.0,1.0,0.0
2026-08-31 22:46:47.145293,s4,1:,84,168,7464,18741,73,Afternoon,baseline,umzimvubu,8.712,0.0,30.885138,30.0,2,100.0,100.0,1.0,0.0
2026-08-31 22:46:47.145293,s4,2:,168,162,18721,18469,73,Afternoon,baseline,umzimvubu,8.712,0.0,30.885138,30.0,2,100.0,100.0,1.0,0.0
2026-08-31 22:46:47.145293,s4,LOCAL:,0,0,0,0,73,Afternoon,baseline,umzimvubu,8.712,0.0,30.885138,30.0,2,100.0,100.0,1.0,0.0
2026-08-31 22:46:47.145293,s5,1:,19841,174,29435502,19037,73,Afternoon,baseline,umzimvubu,8.712,0.0,30.885138,30.0,2,100.0,100.0,1.0,0.0
2026-08-31 22:46:47.145293,s5,2:,173,19917,18947,29444927,73,Afternoon,baseline,umzimvubu,8.712,0.0,30.885138,30.0,2,100.0,100.0,1.0,0.0
2026-08-31 22:46:47.145293,s5,LOCAL:,0,0,0,0,73,Afternoon,baseline,umzimvubu,8.712,0.0,30.885138,30.0,2,100.0,100.0,1.0,0.0
2026-08-31 22:46:48.146640,s1,1:,282,68099,25949,100957875,74,Afternoon,baseline,ntabankulu,8.701,0.0,30.881886,30.0,2,100.0,100.0,1.0,0.0
2026-08-31 22:46:48.146640,s1,2:,48169,188,71519291,20550,74,Afternoon,baseline,ntabankulu,8.701,0.0,30.881886,30.0,2,100.0,100.0,1.0,0.0
2026-08-31 22:46:48.146640,s1,3:,163,168,18511,18721,74,Afternoon,baseline,ntabankulu,8.701,0.0,30.881886,30.0,2,100.0,100.0,1.0,0.0
2026-08-31 22:46:48.146640,s1,4:,162,168,18469,18721,74,Afternoon,baseline,ntabankulu,8.701,0.0,30.881886,30.0,2,100.0,100.0,1.0,0.0
2026-08-31 22:46:48.146640,s1,5:,19917,173,29444927,18947,74,Afternoon,baseline,ntabankulu,8.701,0.0,30.881886,30.0,2,100.0,100.0,1.0,0.0
2026-08-31 22:46:48.146640,s1,LOCAL:,0,0,0,0,74,Afternoon,baseline,ntabankulu,8.701,0.0,30.881886,30.0,2,100.0,100.0,1.0,0.0
2026-08-31 22:46:48.146640,s2,1:,48095,190,71511442,20730,74,Afternoon,baseline,ntabankulu,8.701,0.0,30.881886,30.0,2,100.0,100.0,1.0,0.0
2026-08-31 22:46:48.146640,s2,2:,188,48169,20550,71519291,74,Afternoon,baseline,ntabankulu,8.701,0.0,30.881886,30.0,2,100.0,100.0,1.0,0.0
2026-08-31 22:46:48.146640,s2,LOCAL:,0,0,0,0,74,Afternoon,baseline,ntabankulu,8.701,0.0,30.881886,30.0,2,100.0,100.0,1.0,0.0
2026-08-31 22:46:48.146640,s3,1:,85,169,7506,18811,74,Afternoon,baseline,ntabankulu,8.701,0.0,30.881886,30.0,2,100.0,100.0,1.0,0.0
2026-08-31 22:46:48.146640,s3,2:,168,163,18721,18511,74,Afternoon,baseline,ntabankulu,8.701,0.0,30.881886,30.0,2,100.0,100.0,1.0,0.0
2026-08-31 22:46:48.146640,s3,LOCAL:,0,0,0,0,74,Afternoon,baseline,ntabankulu,8.701,0.0,30.881886,30.0,2,100.0,100.0,1.0,0.0
2026-08-31 22:46:48.146640,s4,1:,84,168,7464,18741,74,Afternoon,baseline,ntabankulu,8.701,0.0,30.881886,30.0,2,100.0,100.0,1.0,0.0
2026-08-31 22:46:48.146640,s4,2:,168,162,18721,18469,74,Afternoon,baseline,ntabankulu,8.701,0.0,30.881886,30.0,2,100.0,100.0,1.0,0.0
2026-08-31 22:46:48.146640,s4,LOCAL:,0,0,0,0,74,Afternoon,baseline,ntabankulu,8.701,0.0,30.881886,30.0,2,100.0,100.0,1.0,0.0
2026-08-31 22:46:48.146640,s5,1:,19841,174,29435502,19037,74,Afternoon,baseline,ntabankulu,8.701,0.0,30.881886,30.0,2,100.0,100.0,1.0,0.0
2026-08-31 22:46:48.146640,s5,2:,173,19917,18947,29444927,74,Afternoon,baseline,ntabankulu,8.701,0.0,30.881886,30.0,2,100.0,100.0,1.0,0.0
2026-08-31 22:46:48.146640,s5,LOCAL:,0,0,0,0,74,Afternoon,baseline,ntabankulu,8.701,0.0,30.881886,30.0,2,100.0,100.0,1.0,0.0
2026-08-31 22:46:49.147464,s1,1:,298,81069,27461,120258145,75,Afternoon,baseline,winnie,9.505,0.0,30.927259,30.0,2,100.0,100.0,1.0,0.0
2026-08-31 22:46:49.147464,s1,2:,54655,193,81176553,21122,75,Afternoon,baseline,winnie,9.505,0.0,30.927259,30.0,2,100.0,100.0,1.0,0.0
2026-08-31 22:46:49.147464,s1,3:,168,174,19083,19335,75,Afternoon,baseline,winnie,9.505,0.0,30.927259,30.0,2,100.0,100.0,1.0,0.0
2026-08-31 22:46:49.147464,s1,4:,167,173,19041,19293,75,Afternoon,baseline,winnie,9.505,0.0,30.927259,30.0,2,100.0,100.0,1.0,0.0
2026-08-31 22:46:49.147464,s1,5:,26406,181,39102483,19813,75,Afternoon,baseline,winnie,9.505,0.0,30.927259,30.0,2,100.0,100.0,1.0,0.0
2026-08-31 22:46:49.147464,s1,LOCAL:,0,0,0,0,75,Afternoon,baseline,winnie,9.505,0.0,30.927259,30.0,2,100.0,100.0,1.0,0.0
2026-08-31 22:46:49.147464,s2,1:,54579,195,81168426,21302,75,Afternoon,baseline,winnie,9.505,0.0,30.927259,30.0,2,100.0,100.0,1.0,0.0
2026-08-31 22:46:49.147464,s2,2:,193,54655,21122,81176553,75,Afternoon,baseline,winnie,9.505,0.0,30.927259,30.0,2,100.0,100.0,1.0,0.0
2026-08-31 22:46:49.147464,s2,LOCAL:,0,0,0,0,75,Afternoon,baseline,winnie,9.505,0.0,30.927259,30.0,2,100.0,100.0,1.0,0.0
2026-08-31 22:46:49.147464,s3,1:,88,175,7800,19425,75,Afternoon,baseline,winnie,9.505,0.0,30.927259,30.0,2,100.0,100.0,1.0,0.0
2026-08-31 22:46:49.147464,s3,2:,174,168,19335,19083,75,Afternoon,baseline,winnie,9.505,0.0,30.927259,30.0,2,100.0,100.0,1.0,0.0
2026-08-31 22:46:49.147464,s3,LOCAL:,0,0,0,0,75,Afternoon,baseline,winnie,9.505,0.0,30.927259,30.0,2,100.0,100.0,1.0,0.0
2026-08-31 22:46:49.147464,s4,1:,87,173,7758,19313,75,Afternoon,baseline,winnie,9.505,0.0,30.927259,30.0,2,100.0,100.0,1.0,0.0
2026-08-31 22:46:49.147464,s4,2:,173,167,19293,19041,75,Afternoon,baseline,winnie,9.505,0.0,30.927259,30.0,2,100.0,100.0,1.0,0.0
2026-08-31 22:46:49.147464,s4,LOCAL:,0,0,0,0,75,Afternoon,baseline,winnie,9.505,0.0,30.927259,30.0,2,100.0,100.0,1.0,0.0
2026-08-31 22:46:49.147464,s5,1:,26329,182,39094270,19903,75,Afternoon,baseline,winnie,9.505,0.0,30.927259,30.0,2,100.0,100.0,1.0,0.0
2026-08-31 22:46:49.147464,s5,2:,181,26406,19813,39102483,75,Afternoon,baseline,winnie,9.505,0.0,30.927259,30.0,2,100.0,100.0,1.0,0.0
2026-08-31 22:46:49.147464,s5,LOCAL:,0,0,0,0,75,Afternoon,baseline,winnie,9.505,0.0,30.927259,30.0,2,100.0,100.0,1.0,0.0
2026-08-31 22:46:50.145947,s1,1:,298,81069,27461,120258145,76,Afternoon,baseline,matatiele,17.438,0.0,30.808819,30.0,2,100.0,100.0,1.0,0.0
2026-08-31 22:46:50.145947,s1,2:,54655,193,81176553,21122,76,Afternoon,baseline,matatiele,17.438,0.0,30.808819,30.0,2,100.0,100.0,1.0,0.0
2026-08-31 22:46:50.145947,s1,3:,168,174,19083,19335,76,Afternoon,baseline,matatiele,17.438,0.0,30.808819,30.0,2,100.0,100.0,1.0,0.0
2026-08-31 22:46:50.145947,s1,4:,167,173,19041,19293,76,Afternoon,baseline,matatiele,17.438,0.0,30.808819,30.0,2,100.0,100.0,1.0,0.0
2026-08-31 22:46:50.145947,s1,5:,26406,181,39102483,19813,76,Afternoon,baseline,matatiele,17.438,0.0,30.808819,30.0,2,100.0,100.0,1.0,0.0
2026-08-31 22:46:50.145947,s1,LOCAL:,0,0,0,0,76,Afternoon,baseline,matatiele,17.438,0.0,30.808819,30.0,2,100.0,100.0,1.0,0.0
2026-08-31 22:46:50.145947,s2,1:,54579,195,81168426,21302,76,Afternoon,baseline,matatiele,17.438,0.0,30.808819,30.0,2,100.0,100.0,1.0,0.0
2026-08-31 22:46:50.145947,s2,2:,193,54655,21122,81176553,76,Afternoon,baseline,matatiele,17.438,0.0,30.808819,30.0,2,100.0,100.0,1.0,0.0
2026-08-31 22:46:50.145947,s2,LOCAL:,0,0,0,0,76,Afternoon,baseline,matatiele,17.438,0.0,30.808819,30.0,2,100.0,100.0,1.0,0.0
2026-08-31 22:46:50.145947,s3,1:,88,175,7800,19425,76,Afternoon,baseline,matatiele,17.438,0.0,30.808819,30.0,2,100.0,100.0,1.0,0.0
2026-08-31 22:46:50.145947,s3,2:,174,168,19335,19083,76,Afternoon,baseline,matatiele,17.438,0.0,30.808819,30.0,2,100.0,100.0,1.0,0.0
2026-08-31 22:46:50.145947,s3,LOCAL:,0,0,0,0,76,Afternoon,baseline,matatiele,17.438,0.0,30.808819,30.0,2,100.0,100.0,1.0,0.0
2026-08-31 22:46:50.145947,s4,1:,87,173,7758,19313,76,Afternoon,baseline,matatiele,17.438,0.0,30.808819,30.0,2,100.0,100.0,1.0,0.0
2026-08-31 22:46:50.145947,s4,2:,173,167,19293,19041,76,Afternoon,baseline,matatiele,17.438,0.0,30.808819,30.0,2,100.0,100.0,1.0,0.0
2026-08-31 22:46:50.145947,s4,LOCAL:,0,0,0,0,76,Afternoon,baseline,matatiele,17.438,0.0,30.808819,30.0,2,100.0,100.0,1.0,0.0
2026-08-31 22:46:50.145947,s5,1:,26329,182,39094270,19903,76,Afternoon,baseline,matatiele,17.438,0.0,30.808819,30.0,2,100.0,100.0,1.0,0.0
2026-08-31 22:46:50.145947,s5,2:,181,26406,19813,39102483,76,Afternoon,baseline,matatiele,17.438,0.0,30.808819,30.0,2,100.0,100.0,1.0,0.0
2026-08-31 22:46:50.145947,s5,LOCAL:,0,0,0,0,76,Afternoon,baseline,matatiele,17.438,0.0,30.808819,30.0,2,100.0,100.0,1.0,0.0
2026-08-31 22:46:51.145382,s1,1:,298,81069,27461,120258145,77,Afternoon,baseline,umzimvubu,10.019,0.0,30.867371,30.0,2,100.0,100.0,1.0,0.0
2026-08-31 22:46:51.145382,s1,2:,54655,193,81176553,21122,77,Afternoon,baseline,umzimvubu,10.019,0.0,30.867371,30.0,2,100.0,100.0,1.0,0.0
2026-08-31 22:46:51.145382,s1,3:,168,174,19083,19335,77,Afternoon,baseline,umzimvubu,10.019,0.0,30.867371,30.0,2,100.0,100.0,1.0,0.0
2026-08-31 22:46:51.145382,s1,4:,167,173,19041,19293,77,Afternoon,baseline,umzimvubu,10.019,0.0,30.867371,30.0,2,100.0,100.0,1.0,0.0
2026-08-31 22:46:51.145382,s1,5:,26406,181,39102483,19813,77,Afternoon,baseline,umzimvubu,10.019,0.0,30.867371,30.0,2,100.0,100.0,1.0,0.0
2026-08-31 22:46:51.145382,s1,LOCAL:,0,0,0,0,77,Afternoon,baseline,umzimvubu,10.019,0.0,30.867371,30.0,2,100.0,100.0,1.0,0.0
2026-08-31 22:46:51.145382,s2,1:,54579,195,81168426,21302,77,Afternoon,baseline,umzimvubu,10.019,0.0,30.867371,30.0,2,100.0,100.0,1.0,0.0
2026-08-31 22:46:51.145382,s2,2:,193,54655,21122,81176553,77,Afternoon,baseline,umzimvubu,10.019,0.0,30.867371,30.0,2,100.0,100.0,1.0,0.0
2026-08-31 22:46:51.145382,s2,LOCAL:,0,0,0,0,77,Afternoon,baseline,umzimvubu,10.019,0.0,30.867371,30.0,2,100.0,100.0,1.0,0.0
2026-08-31 22:46:51.145382,s3,1:,88,175,7800,19425,77,Afternoon,baseline,umzimvubu,10.019,0.0,30.867371,30.0,2,100.0,100.0,1.0,0.0
2026-08-31 22:46:51.145382,s3,2:,174,168,19335,19083,77,Afternoon,baseline,umzimvubu,10.019,0.0,30.867371,30.0,2,100.0,100.0,1.0,0.0
2026-08-31 22:46:51.145382,s3,LOCAL:,0,0,0,0,77,Afternoon,baseline,umzimvubu,10.019,0.0,30.867371,30.0,2,100.0,100.0,1.0,0.0
2026-08-31 22:46:51.145382,s4,1:,87,173,7758,19313,77,Afternoon,baseline,umzimvubu,10.019,0.0,30.867371,30.0,2,100.0,100.0,1.0,0.0
2026-08-31 22:46:51.145382,s4,2:,173,167,19293,19041,77,Afternoon,baseline,umzimvubu,10.019,0.0,30.867371,30.0,2,100.0,100.0,1.0,0.0
2026-08-31 22:46:51.145382,s4,LOCAL:,0,0,0,0,77,Afternoon,baseline,umzimvubu,10.019,0.0,30.867371,30.0,2,100.0,100.0,1.0,0.0
2026-08-31 22:46:51.145382,s5,1:,26329,182,39094270,19903,77,Afternoon,baseline,umzimvubu,10.019,0.0,30.867371,30.0,2,100.0,100.0,1.0,0.0
2026-08-31 22:46:51.145382,s5,2:,181,26406,19813,39102483,77,Afternoon,baseline,umzimvubu,10.019,0.0,30.867371,30.0,2,100.0,100.0,1.0,0.0
2026-08-31 22:46:51.145382,s5,LOCAL:,0,0,0,0,77,Afternoon,baseline,umzimvubu,10.019,0.0,30.867371,30.0,2,100.0,100.0,1.0,0.0
2026-08-31 22:46:52.146940,s1,1:,298,81069,27461,120258145,78,Afternoon,baseline,ntabankulu,9.792,0.0,30.875439,30.0,2,100.0,100.0,1.0,0.0
2026-08-31 22:46:52.146940,s1,2:,54655,193,81176553,21122,78,Afternoon,baseline,ntabankulu,9.792,0.0,30.875439,30.0,2,100.0,100.0,1.0,0.0
2026-08-31 22:46:52.146940,s1,3:,168,174,19083,19335,78,Afternoon,baseline,ntabankulu,9.792,0.0,30.875439,30.0,2,100.0,100.0,1.0,0.0
2026-08-31 22:46:52.146940,s1,4:,167,173,19041,19293,78,Afternoon,baseline,ntabankulu,9.792,0.0,30.875439,30.0,2,100.0,100.0,1.0,0.0
2026-08-31 22:46:52.146940,s1,5:,26406,181,39102483,19813,78,Afternoon,baseline,ntabankulu,9.792,0.0,30.875439,30.0,2,100.0,100.0,1.0,0.0
2026-08-31 22:46:52.146940,s1,LOCAL:,0,0,0,0,78,Afternoon,baseline,ntabankulu,9.792,0.0,30.875439,30.0,2,100.0,100.0,1.0,0.0
2026-08-31 22:46:52.146940,s2,1:,54579,195,81168426,21302,78,Afternoon,baseline,ntabankulu,9.792,0.0,30.875439,30.0,2,100.0,100.0,1.0,0.0
2026-08-31 22:46:52.146940,s2,2:,193,54655,21122,81176553,78,Afternoon,baseline,ntabankulu,9.792,0.0,30.875439,30.0,2,100.0,100.0,1.0,0.0
2026-08-31 22:46:52.146940,s2,LOCAL:,0,0,0,0,78,Afternoon,baseline,ntabankulu,9.792,0.0,30.875439,30.0,2,100.0,100.0,1.0,0.0
2026-08-31 22:46:52.146940,s3,1:,88,175,7800,19425,78,Afternoon,baseline,ntabankulu,9.792,0.0,30.875439,30.0,2,100.0,100.0,1.0,0.0
2026-08-31 22:46:52.146940,s3,2:,174,168,19335,19083,78,Afternoon,baseline,ntabankulu,9.792,0.0,30.875439,30.0,2,100.0,100.0,1.0,0.0
2026-08-31 22:46:52.146940,s3,LOCAL:,0,0,0,0,78,Afternoon,baseline,ntabankulu,9.792,0.0,30.875439,30.0,2,100.0,100.0,1.0,0.0
2026-08-31 22:46:52.146940,s4,1:,87,173,7758,19313,78,Afternoon,baseline,ntabankulu,9.792,0.0,30.875439,30.0,2,100.0,100.0,1.0,0.0
2026-08-31 22:46:52.146940,s4,2:,173,167,19293,19041,78,Afternoon,baseline,ntabankulu,9.792,0.0,30.875439,30.0,2,100.0,100.0,1.0,0.0
2026-08-31 22:46:52.146940,s4,LOCAL:,0,0,0,0,78,Afternoon,baseline,ntabankulu,9.792,0.0,30.875439,30.0,2,100.0,100.0,1.0,0.0
2026-08-31 22:46:52.146940,s5,1:,26329,182,39094270,19903,78,Afternoon,baseline,ntabankulu,9.792,0.0,30.875439,30.0,2,100.0,100.0,1.0,0.0
2026-08-31 22:46:52.146940,s5,2:,181,26406,19813,39102483,78,Afternoon,baseline,ntabankulu,9.792,0.0,30.875439,30.0,2,100.0,100.0,1.0,0.0
2026-08-31 22:46:52.146940,s5,LOCAL:,0,0,0,0,78,Afternoon,baseline,ntabankulu,9.792,0.0,30.875439,30.0,2,100.0,100.0,1.0,0.0
2026-08-31 22:46:53.146966,s1,1:,298,81069,27461,120258145,79,Afternoon,baseline,winnie,10.637,0.0,30.928327,30.0,2,100.0,100.0,1.0,0.0
2026-08-31 22:46:53.146966,s1,2:,54655,193,81176553,21122,79,Afternoon,baseline,winnie,10.637,0.0,30.928327,30.0,2,100.0,100.0,1.0,0.0
2026-08-31 22:46:53.146966,s1,3:,168,174,19083,19335,79,Afternoon,baseline,winnie,10.637,0.0,30.928327,30.0,2,100.0,100.0,1.0,0.0
2026-08-31 22:46:53.146966,s1,4:,167,173,19041,19293,79,Afternoon,baseline,winnie,10.637,0.0,30.928327,30.0,2,100.0,100.0,1.0,0.0
2026-08-31 22:46:53.146966,s1,5:,26406,181,39102483,19813,79,Afternoon,baseline,winnie,10.637,0.0,30.928327,30.0,2,100.0,100.0,1.0,0.0
2026-08-31 22:46:53.146966,s1,LOCAL:,0,0,0,0,79,Afternoon,baseline,winnie,10.637,0.0,30.928327,30.0,2,100.0,100.0,1.0,0.0
2026-08-31 22:46:53.146966,s2,1:,54579,195,81168426,21302,79,Afternoon,baseline,winnie,10.637,0.0,30.928327,30.0,2,100.0,100.0,1.0,0.0
2026-08-31 22:46:53.146966,s2,2:,193,54655,21122,81176553,79,Afternoon,baseline,winnie,10.637,0.0,30.928327,30.0,2,100.0,100.0,1.0,0.0
2026-08-31 22:46:53.146966,s2,LOCAL:,0,0,0,0,79,Afternoon,baseline,winnie,10.637,0.0,30.928327,30.0,2,100.0,100.0,1.0,0.0
2026-08-31 22:46:53.146966,s3,1:,88,175,7800,19425,79,Afternoon,baseline,winnie,10.637,0.0,30.928327,30.0,2,100.0,100.0,1.0,0.0
2026-08-31 22:46:53.146966,s3,2:,174,168,19335,19083,79,Afternoon,baseline,winnie,10.637,0.0,30.928327,30.0,2,100.0,100.0,1.0,0.0
2026-08-31 22:46:53.146966,s3,LOCAL:,0,0,0,0,79,Afternoon,baseline,winnie,10.637,0.0,30.928327,30.0,2,100.0,100.0,1.0,0.0
2026-08-31 22:46:53.146966,s4,1:,87,173,7758,19313,79,Afternoon,baseline,winnie,10.637,0.0,30.928327,30.0,2,100.0,100.0,1.0,0.0
2026-08-31 22:46:53.146966,s4,2:,173,167,19293,19041,79,Afternoon,baseline,winnie,10.637,0.0,30.928327,30.0,2,100.0,100.0,1.0,0.0
2026-08-31 22:46:53.146966,s4,LOCAL:,0,0,0,0,79,Afternoon,baseline,winnie,10.637,0.0,30.928327,30.0,2,100.0,100.0,1.0,0.0
2026-08-31 22:46:53.146966,s5,1:,26329,182,39094270,19903,79,Afternoon,baseline,winnie,10.637,0.0,30.928327,30.0,2,100.0,100.0,1.0,0.0
2026-08-31 22:46:53.146966,s5,2:,181,26406,19813,39102483,79,Afternoon,baseline,winnie,10.637,0.0,30.928327,30.0,2,100.0,100.0,1.0,0.0
2026-08-31 22:46:53.146966,s5,LOCAL:,0,0,0,0,79,Afternoon,baseline,winnie,10.637,0.0,30.928327,30.0,2,100.0,100.0,1.0,0.0
2026-08-31 22:46:54.146345,s1,1:,314,94036,28973,139551243,80,Afternoon,baseline,matatiele,8.34,0.0,30.788336,30.0,2,100.0,100.0,1.0,0.0
2026-08-31 22:46:54.146345,s1,2:,61150,204,90838899,22308,80,Afternoon,baseline,matatiele,8.34,0.0,30.788336,30.0,2,100.0,100.0,1.0,0.0
2026-08-31 22:46:54.146345,s1,3:,175,181,19933,20185,80,Afternoon,baseline,matatiele,8.34,0.0,30.788336,30.0,2,100.0,100.0,1.0,0.0
2026-08-31 22:46:54.146345,s1,4:,174,180,19891,20143,80,Afternoon,baseline,matatiele,8.34,0.0,30.788336,30.0,2,100.0,100.0,1.0,0.0
2026-08-31 22:46:54.146345,s1,5:,32890,188,48754063,20663,80,Afternoon,baseline,matatiele,8.34,0.0,30.788336,30.0,2,100.0,100.0,1.0,0.0
2026-08-31 22:46:54.146345,s1,LOCAL:,0,0,0,0,80,Afternoon,baseline,matatiele,8.34,0.0,30.788336,30.0,2,100.0,100.0,1.0,0.0
2026-08-31 22:46:54.146345,s2,1:,61069,206,90828726,22488,80,Afternoon,baseline,matatiele,8.34,0.0,30.788336,30.0,2,100.0,100.0,1.0,0.0
2026-08-31 22:46:54.146345,s2,2:,204,61150,22308,90838899,80,Afternoon,baseline,matatiele,8.34,0.0,30.788336,30.0,2,100.0,100.0,1.0,0.0
2026-08-31 22:46:54.146345,s2,LOCAL:,0,0,0,0,80,Afternoon,baseline,matatiele,8.34,0.0,30.788336,30.0,2,100.0,100.0,1.0,0.0
2026-08-31 22:46:54.146345,s3,1:,91,182,8094,20275,80,Afternoon,baseline,matatiele,8.34,0.0,30.788336,30.0,2,100.0,100.0,1.0,0.0
2026-08-31 22:46:54.146345,s3,2:,181,175,20185,19933,80,Afternoon,baseline,matatiele,8.34,0.0,30.788336,30.0,2,100.0,100.0,1.0,0.0
2026-08-31 22:46:54.146345,s3,LOCAL:,0,0,0,0,80,Afternoon,baseline,matatiele,8.34,0.0,30.788336,30.0,2,100.0,100.0,1.0,0.0
2026-08-31 22:46:54.146345,s4,1:,90,180,8052,20163,80,Afternoon,baseline,matatiele,8.34,0.0,30.788336,30.0,2,100.0,100.0,1.0,0.0
2026-08-31 22:46:54.146345,s4,2:,180,174,20143,19891,80,Afternoon,baseline,matatiele,8.34,0.0,30.788336,30.0,2,100.0,100.0,1.0,0.0
2026-08-31 22:46:54.146345,s4,LOCAL:,0,0,0,0,80,Afternoon,baseline,matatiele,8.34,0.0,30.788336,30.0,2,100.0,100.0,1.0,0.0
2026-08-31 22:46:54.146345,s5,1:,32815,189,48754234,20753,80,Afternoon,baseline,matatiele,8.34,0.0,30.788336,30.0,2,100.0,100.0,1.0,0.0
2026-08-31 22:46:54.146345,s5,2:,188,32890,20663,48754063,80,Afternoon,baseline,matatiele,8.34,0.0,30.788336,30.0,2,100.0,100.0,1.0,0.0
2026-08-31 22:46:54.146345,s5,LOCAL:,0,0,0,0,80,Afternoon,baseline,matatiele,8.34,0.0,30.788336,30.0,2,100.0,100.0,1.0,0.0
2026-08-31 22:46:55.145912,s1,1:,314,94036,28973,139551243,81,Afternoon,baseline,umzimvubu,15.148,0.0,30.884252,30.0,2,100.0,100.0,1.0,0.0
2026-08-31 22:46:55.145912,s1,2:,61150,204,90838899,22308,81,Afternoon,baseline,umzimvubu,15.148,0.0,30.884252,30.0,2,100.0,100.0,1.0,0.0
2026-08-31 22:46:55.145912,s1,3:,175,181,19933,20185,81,Afternoon,baseline,umzimvubu,15.148,0.0,30.884252,30.0,2,100.0,100.0,1.0,0.0
2026-08-31 22:46:55.145912,s1,4:,174,180,19891,20143,81,Afternoon,baseline,umzimvubu,15.148,0.0,30.884252,30.0,2,100.0,100.0,1.0,0.0
2026-08-31 22:46:55.145912,s1,5:,32890,188,48754063,20663,81,Afternoon,baseline,umzimvubu,15.148,0.0,30.884252,30.0,2,100.0,100.0,1.0,0.0
2026-08-31 22:46:55.145912,s1,LOCAL:,0,0,0,0,81,Afternoon,baseline,umzimvubu,15.148,0.0,30.884252,30.0,2,100.0,100.0,1.0,0.0
2026-08-31 22:46:55.145912,s2,1:,61069,206,90828726,22488,81,Afternoon,baseline,umzimvubu,15.148,0.0,30.884252,30.0,2,100.0,100.0,1.0,0.0
2026-08-31 22:46:55.145912,s2,2:,204,61150,22308,90838899,81,Afternoon,baseline,umzimvubu,15.148,0.0,30.884252,30.0,2,100.0,100.0,1.0,0.0
2026-08-31 22:46:55.145912,s2,LOCAL:,0,0,0,0,81,Afternoon,baseline,umzimvubu,15.148,0.0,30.884252,30.0,2,100.0,100.0,1.0,0.0
2026-08-31 22:46:55.145912,s3,1:,91,182,8094,20275,81,Afternoon,baseline,umzimvubu,15.148,0.0,30.884252,30.0,2,100.0,100.0,1.0,0.0
2026-08-31 22:46:55.145912,s3,2:,181,175,20185,19933,81,Afternoon,baseline,umzimvubu,15.148,0.0,30.884252,30.0,2,100.0,100.0,1.0,0.0
2026-08-31 22:46:55.145912,s3,LOCAL:,0,0,0,0,81,Afternoon,baseline,umzimvubu,15.148,0.0,30.884252,30.0,2,100.0,100.0,1.0,0.0
2026-08-31 22:46:55.145912,s4,1:,90,180,8052,20163,81,Afternoon,baseline,umzimvubu,15.148,0.0,30.884252,30.0,2,100.0,100.0,1.0,0.0
2026-08-31 22:46:55.145912,s4,2:,180,174,20143,19891,81,Afternoon,baseline,umzimvubu,15.148,0.0,30.884252,30.0,2,100.0,100.0,1.0,0.0
2026-08-31 22:46:55.145912,s4,LOCAL:,0,0,0,0,81,Afternoon,baseline,umzimvubu,15.148,0.0,30.884252,30.0,2,100.0,100.0,1.0,0.0
2026-08-31 22:46:55.145912,s5,1:,32815,189,48754234,20753,81,Afternoon,baseline,umzimvubu,15.148,0.0,30.884252,30.0,2,100.0,100.0,1.0,0.0
2026-08-31 22:46:55.145912,s5,2:,188,32890,20663,48754063,81,Afternoon,baseline,umzimvubu,15.148,0.0,30.884252,30.0,2,100.0,100.0,1.0,0.0
2026-08-31 22:46:55.145912,s5,LOCAL:,0,0,0,0,81,Afternoon,baseline,umzimvubu,15.148,0.0,30.884252,30.0,2,100.0,100.0,1.0,0.0
2026-08-31 22:46:56.146120,s1,1:,314,94036,28973,139551243,82,Afternoon,baseline,ntabankulu,9.703,0.0,30.924187,30.0,2,100.0,100.0,1.0,0.0
2026-08-31 22:46:56.146120,s1,2:,61150,204,90838899,22308,82,Afternoon,baseline,ntabankulu,9.703,0.0,30.924187,30.0,2,100.0,100.0,1.0,0.0
2026-08-31 22:46:56.146120,s1,3:,175,181,19933,20185,82,Afternoon,baseline,ntabankulu,9.703,0.0,30.924187,30.0,2,100.0,100.0,1.0,0.0
2026-08-31 22:46:56.146120,s1,4:,174,180,19891,20143,82,Afternoon,baseline,ntabankulu,9.703,0.0,30.924187,30.0,2,100.0,100.0,1.0,0.0
2026-08-31 22:46:56.146120,s1,5:,32890,188,48754063,20663,82,Afternoon,baseline,ntabankulu,9.703,0.0,30.924187,30.0,2,100.0,100.0,1.0,0.0
2026-08-31 22:46:56.146120,s1,LOCAL:,0,0,0,0,82,Afternoon,baseline,ntabankulu,9.703,0.0,30.924187,30.0,2,100.0,100.0,1.0,0.0
2026-08-31 22:46:56.146120,s2,1:,61069,206,90828726,22488,82,Afternoon,baseline,ntabankulu,9.703,0.0,30.924187,30.0,2,100.0,100.0,1.0,0.0
2026-08-31 22:46:56.146120,s2,2:,204,61150,22308,90838899,82,Afternoon,baseline,ntabankulu,9.703,0.0,30.924187,30.0,2,100.0,100.0,1.0,0.0
2026-08-31 22:46:56.146120,s2,LOCAL:,0,0,0,0,82,Afternoon,baseline,ntabankulu,9.703,0.0,30.924187,30.0,2,100.0,100.0,1.0,0.0
2026-08-31 22:46:56.146120,s3,1:,91,182,8094,20275,82,Afternoon,baseline,ntabankulu,9.703,0.0,30.924187,30.0,2,100.0,100.0,1.0,0.0
2026-08-31 22:46:56.146120,s3,2:,181,175,20185,19933,82,Afternoon,baseline,ntabankulu,9.703,0.0,30.924187,30.0,2,100.0,100.0,1.0,0.0
2026-08-31 22:46:56.146120,s3,LOCAL:,0,0,0,0,82,Afternoon,baseline,ntabankulu,9.703,0.0,30.924187,30.0,2,100.0,100.0,1.0,0.0
2026-08-31 22:46:56.146120,s4,1:,90,180,8052,20163,82,Afternoon,baseline,ntabankulu,9.703,0.0,30.924187,30.0,2,100.0,100.0,1.0,0.0
2026-08-31 22:46:56.146120,s4,2:,180,174,20143,19891,82,Afternoon,baseline,ntabankulu,9.703,0.0,30.924187,30.0,2,100.0,100.0,1.0,0.0
2026-08-31 22:46:56.146120,s4,LOCAL:,0,0,0,0,82,Afternoon,baseline,ntabankulu,9.703,0.0,30.924187,30.0,2,100.0,100.0,1.0,0.0
2026-08-31 22:46:56.146120,s5,1:,32815,189,48754234,20753,82,Afternoon,baseline,ntabankulu,9.703,0.0,30.924187,30.0,2,100.0,100.0,1.0,0.0
2026-08-31 22:46:56.146120,s5,2:,188,32890,20663,48754063,82,Afternoon,baseline,ntabankulu,9.703,0.0,30.924187,30.0,2,100.0,100.0,1.0,0.0
2026-08-31 22:46:56.146120,s5,LOCAL:,0,0,0,0,82,Afternoon,baseline,ntabankulu,9.703,0.0,30.924187,30.0,2,100.0,100.0,1.0,0.0
2026-08-31 22:46:57.145770,s1,1:,314,94036,28973,139551243,83,Afternoon,baseline,winnie,12.05,0.0,30.792065,30.0,2,100.0,100.0,1.0,0.0
2026-08-31 22:46:57.145770,s1,2:,61150,204,90838899,22308,83,Afternoon,baseline,winnie,12.05,0.0,30.792065,30.0,2,100.0,100.0,1.0,0.0
2026-08-31 22:46:57.145770,s1,3:,175,181,19933,20185,83,Afternoon,baseline,winnie,12.05,0.0,30.792065,30.0,2,100.0,100.0,1.0,0.0
2026-08-31 22:46:57.145770,s1,4:,174,180,19891,20143,83,Afternoon,baseline,winnie,12.05,0.0,30.792065,30.0,2,100.0,100.0,1.0,0.0
2026-08-31 22:46:57.145770,s1,5:,32890,188,48754063,20663,83,Afternoon,baseline,winnie,12.05,0.0,30.792065,30.0,2,100.0,100.0,1.0,0.0
2026-08-31 22:46:57.145770,s1,LOCAL:,0,0,0,0,83,Afternoon,baseline,winnie,12.05,0.0,30.792065,30.0,2,100.0,100.0,1.0,0.0
2026-08-31 22:46:57.145770,s2,1:,61069,206,90828726,22488,83,Afternoon,baseline,winnie,12.05,0.0,30.792065,30.0,2,100.0,100.0,1.0,0.0
2026-08-31 22:46:57.145770,s2,2:,204,61150,22308,90838899,83,Afternoon,baseline,winnie,12.05,0.0,30.792065,30.0,2,100.0,100.0,1.0,0.0
2026-08-31 22:46:57.145770,s2,LOCAL:,0,0,0,0,83,Afternoon,baseline,winnie,12.05,0.0,30.792065,30.0,2,100.0,100.0,1.0,0.0
2026-08-31 22:46:57.145770,s3,1:,91,182,8094,20275,83,Afternoon,baseline,winnie,12.05,0.0,30.792065,30.0,2,100.0,100.0,1.0,0.0
2026-08-31 22:46:57.145770,s3,2:,181,175,20185,19933,83,Afternoon,baseline,winnie,12.05,0.0,30.792065,30.0,2,100.0,100.0,1.0,0.0
2026-08-31 22:46:57.145770,s3,LOCAL:,0,0,0,0,83,Afternoon,baseline,winnie,12.05,0.0,30.792065,30.0,2,100.0,100.0,1.0,0.0
2026-08-31 22:46:57.145770,s4,1:,90,180,8052,20163,83,Afternoon,baseline,winnie,12.05,0.0,30.792065,30.0,2,100.0,100.0,1.0,0.0
2026-08-31 22:46:57.145770,s4,2:,180,174,20143,19891,83,Afternoon,baseline,winnie,12.05,0.0,30.792065,30.0,2,100.0,100.0,1.0,0.0
2026-08-31 22:46:57.145770,s4,LOCAL:,0,0,0,0,83,Afternoon,baseline,winnie,12.05,0.0,30.792065,30.0,2,100.0,100.0,1.0,0.0
2026-08-31 22:46:57.145770,s5,1:,32815,189,48754234,20753,83,Afternoon,baseline,winnie,12.05,0.0,30.792065,30.0,2,100.0,100.0,1.0,0.0
2026-08-31 22:46:57.145770,s5,2:,188,32890,20663,48754063,83,Afternoon,baseline,winnie,12.05,0.0,30.792065,30.0,2,100.0,100.0,1.0,0.0
2026-08-31 22:46:57.145770,s5,LOCAL:,0,0,0,0,83,Afternoon,baseline,winnie,12.05,0.0,30.792065,30.0,2,100.0,100.0,1.0,0.0
2026-08-31 22:46:58.146863,s1,1:,314,94036,28973,139551243,84,Afternoon,baseline,matatiele,10.063,0.0,30.937025,30.0,2,100.0,100.0,1.0,0.0
2026-08-31 22:46:58.146863,s1,2:,61150,204,90838899,22308,84,Afternoon,baseline,matatiele,10.063,0.0,30.937025,30.0,2,100.0,100.0,1.0,0.0
2026-08-31 22:46:58.146863,s1,3:,175,181,19933,20185,84,Afternoon,baseline,matatiele,10.063,0.0,30.937025,30.0,2,100.0,100.0,1.0,0.0
2026-08-31 22:46:58.146863,s1,4:,174,180,19891,20143,84,Afternoon,baseline,matatiele,10.063,0.0,30.937025,30.0,2,100.0,100.0,1.0,0.0
2026-08-31 22:46:58.146863,s1,5:,32890,188,48754063,20663,84,Afternoon,baseline,matatiele,10.063,0.0,30.937025,30.0,2,100.0,100.0,1.0,0.0
2026-08-31 22:46:58.146863,s1,LOCAL:,0,0,0,0,84,Afternoon,baseline,matatiele,10.063,0.0,30.937025,30.0,2,100.0,100.0,1.0,0.0
2026-08-31 22:46:58.146863,s2,1:,61069,206,90828726,22488,84,Afternoon,baseline,matatiele,10.063,0.0,30.937025,30.0,2,100.0,100.0,1.0,0.0
2026-08-31 22:46:58.146863,s2,2:,204,61150,22308,90838899,84,Afternoon,baseline,matatiele,10.063,0.0,30.937025,30.0,2,100.0,100.0,1.0,0.0
2026-08-31 22:46:58.146863,s2,LOCAL:,0,0,0,0,84,Afternoon,baseline,matatiele,10.063,0.0,30.937025,30.0,2,100.0,100.0,1.0,0.0
2026-08-31 22:46:58.146863,s3,1:,91,182,8094,20275,84,Afternoon,baseline,matatiele,10.063,0.0,30.937025,30.0,2,100.0,100.0,1.0,0.0
2026-08-31 22:46:58.146863,s3,2:,181,175,20185,19933,84,Afternoon,baseline,matatiele,10.063,0.0,30.937025,30.0,2,100.0,100.0,1.0,0.0
2026-08-31 22:46:58.146863,s3,LOCAL:,0,0,0,0,84,Afternoon,baseline,matatiele,10.063,0.0,30.937025,30.0,2,100.0,100.0,1.0,0.0
2026-08-31 22:46:58.146863,s4,1:,90,180,8052,20163,84,Afternoon,baseline,matatiele,10.063,0.0,30.937025,30.0,2,100.0,100.0,1.0,0.0
2026-08-31 22:46:58.146863,s4,2:,180,174,20143,19891,84,Afternoon,baseline,matatiele,10.063,0.0,30.937025,30.0,2,100.0,100.0,1.0,0.0
2026-08-31 22:46:58.146863,s4,LOCAL:,0,0,0,0,84,Afternoon,baseline,matatiele,10.063,0.0,30.937025,30.0,2,100.0,100.0,1.0,0.0
2026-08-31 22:46:58.146863,s5,1:,32815,189,48754234,20753,84,Afternoon,baseline,matatiele,10.063,0.0,30.937025,30.0,2,100.0,100.0,1.0,0.0
2026-08-31 22:46:58.146863,s5,2:,188,32890,20663,48754063,84,Afternoon,baseline,matatiele,10.063,0.0,30.937025,30.0,2,100.0,100.0,1.0,0.0
2026-08-31 22:46:58.146863,s5,LOCAL:,0,0,0,0,84,Afternoon,baseline,matatiele,10.063,0.0,30.937025,30.0,2,100.0,100.0,1.0,0.0
2026-08-31 22:46:59.147329,s1,1:,329,107035,30443,158893469,85,Afternoon,baseline,umzimvubu,12.721,0.0,30.80201,30.0,2,100.0,100.0,1.0,0.0
2026-08-31 22:46:59.147329,s1,2:,67632,211,100487499,23158,85,Afternoon,baseline,umzimvubu,12.721,0.0,30.80201,30.0,2,100.0,100.0,1.0,0.0
2026-08-31 22:46:59.147329,s1,3:,185,191,21077,21329,85,Afternoon,baseline,umzimvubu,12.721,0.0,30.80201,30.0,2,100.0,100.0,1.0,0.0
2026-08-31 22:46:59.147329,s1,4:,181,187,20741,20993,85,Afternoon,baseline,umzimvubu,12.721,0.0,30.80201,30.0,2,100.0,100.0,1.0,0.0
2026-08-31 22:46:59.147329,s1,5:,39379,195,58413093,21513,85,Afternoon,baseline,umzimvubu,12.721,0.0,30.80201,30.0,2,100.0,100.0,1.0,0.0
2026-08-31 22:46:59.147329,s1,LOCAL:,0,0,0,0,85,Afternoon,baseline,umzimvubu,12.721,0.0,30.80201,30.0,2,100.0,100.0,1.0,0.0
2026-08-31 22:46:59.147329,s2,1:,67549,213,100479750,23338,85,Afternoon,baseline,umzimvubu,12.721,0.0,30.80201,30.0,2,100.0,100.0,1.0,0.0
2026-08-31 22:46:59.147329,s2,2:,211,67632,23158,100487499,85,Afternoon,baseline,umzimvubu,12.721,0.0,30.80201,30.0,2,100.0,100.0,1.0,0.0
2026-08-31 22:46:59.147329,s2,LOCAL:,0,0,0,0,85,Afternoon,baseline,umzimvubu,12.721,0.0,30.80201,30.0,2,100.0,100.0,1.0,0.0
2026-08-31 22:46:59.147329,s3,1:,97,192,8682,21419,85,Afternoon,baseline,umzimvubu,12.721,0.0,30.80201,30.0,2,100.0,100.0,1.0,0.0
2026-08-31 22:46:59.147329,s3,2:,191,185,21329,21077,85,Afternoon,baseline,umzimvubu,12.721,0.0,30.80201,30.0,2,100.0,100.0,1.0,0.0
2026-08-31 22:46:59.147329,s3,LOCAL:,0,0,0,0,85,Afternoon,baseline,umzimvubu,12.721,0.0,30.80201,30.0,2,100.0,100.0,1.0,0.0
2026-08-31 22:46:59.147329,s4,1:,93,187,8346,21013,85,Afternoon,baseline,umzimvubu,12.721,0.0,30.80201,30.0,2,100.0,100.0,1.0,0.0
2026-08-31 22:46:59.147329,s4,2:,187,181,20993,20741,85,Afternoon,baseline,umzimvubu,12.721,0.0,30.80201,30.0,2,100.0,100.0,1.0,0.0
2026-08-31 22:46:59.147329,s4,LOCAL:,0,0,0,0,85,Afternoon,baseline,umzimvubu,12.721,0.0,30.80201,30.0,2,100.0,100.0,1.0,0.0
2026-08-31 22:46:59.147329,s5,1:,39295,196,58405258,21603,85,Afternoon,baseline,umzimvubu,12.721,0.0,30.80201,30.0,2,100.0,100.0,1.0,0.0
2026-08-31 22:46:59.147329,s5,2:,195,39379,21513,58413093,85,Afternoon,baseline,umzimvubu,12.721,0.0,30.80201,30.0,2,100.0,100.0,1.0,0.0
2026-08-31 22:46:59.147329,s5,LOCAL:,0,0,0,0,85,Afternoon,baseline,umzimvubu,12.721,0.0,30.80201,30.0,2,100.0,100.0,1.0,0.0
2026-08-31 22:47:00.145363,s1,1:,329,107035,30443,158893469,86,Afternoon,baseline,ntabankulu,14.243,0.0,30.915208,30.0,2,100.0,100.0,1.0,0.0
2026-08-31 22:47:00.145363,s1,2:,67632,211,100487499,23158,86,Afternoon,baseline,ntabankulu,14.243,0.0,30.915208,30.0,2,100.0,100.0,1.0,0.0
2026-08-31 22:47:00.145363,s1,3:,185,191,21077,21329,86,Afternoon,baseline,ntabankulu,14.243,0.0,30.915208,30.0,2,100.0,100.0,1.0,0.0
2026-08-31 22:47:00.145363,s1,4:,181,187,20741,20993,86,Afternoon,baseline,ntabankulu,14.243,0.0,30.915208,30.0,2,100.0,100.0,1.0,0.0
2026-08-31 22:47:00.145363,s1,5:,39379,195,58413093,21513,86,Afternoon,baseline,ntabankulu,14.243,0.0,30.915208,30.0,2,100.0,100.0,1.0,0.0
2026-08-31 22:47:00.145363,s1,LOCAL:,0,0,0,0,86,Afternoon,baseline,ntabankulu,14.243,0.0,30.915208,30.0,2,100.0,100.0,1.0,0.0
2026-08-31 22:47:00.145363,s2,1:,67549,213,100479750,23338,86,Afternoon,baseline,ntabankulu,14.243,0.0,30.915208,30.0,2,100.0,100.0,1.0,0.0
2026-08-31 22:47:00.145363,s2,2:,211,67632,23158,100487499,86,Afternoon,baseline,ntabankulu,14.243,0.0,30.915208,30.0,2,100.0,100.0,1.0,0.0
2026-08-31 22:47:00.145363,s2,LOCAL:,0,0,0,0,86,Afternoon,baseline,ntabankulu,14.243,0.0,30.915208,30.0,2,100.0,100.0,1.0,0.0
2026-08-31 22:47:00.145363,s3,1:,97,192,8682,21419,86,Afternoon,baseline,ntabankulu,14.243,0.0,30.915208,30.0,2,100.0,100.0,1.0,0.0
2026-08-31 22:47:00.145363,s3,2:,191,185,21329,21077,86,Afternoon,baseline,ntabankulu,14.243,0.0,30.915208,30.0,2,100.0,100.0,1.0,0.0
2026-08-31 22:47:00.145363,s3,LOCAL:,0,0,0,0,86,Afternoon,baseline,ntabankulu,14.243,0.0,30.915208,30.0,2,100.0,100.0,1.0,0.0
2026-08-31 22:47:00.145363,s4,1:,93,187,8346,21013,86,Afternoon,baseline,ntabankulu,14.243,0.0,30.915208,30.0,2,100.0,100.0,1.0,0.0
2026-08-31 22:47:00.145363,s4,2:,187,181,20993,20741,86,Afternoon,baseline,ntabankulu,14.243,0.0,30.915208,30.0,2,100.0,100.0,1.0,0.0
2026-08-31 22:47:00.145363,s4,LOCAL:,0,0,0,0,86,Afternoon,baseline,ntabankulu,14.243,0.0,30.915208,30.0,2,100.0,100.0,1.0,0.0
2026-08-31 22:47:00.145363,s5,1:,39295,196,58405258,21603,86,Afternoon,baseline,ntabankulu,14.243,0.0,30.915208,30.0,2,100.0,100.0,1.0,0.0
2026-08-31 22:47:00.145363,s5,2:,195,39379,21513,58413093,86,Afternoon,baseline,ntabankulu,14.243,0.0,30.915208,30.0,2,100.0,100.0,1.0,0.0
2026-08-31 22:47:00.145363,s5,LOCAL:,0,0,0,0,86,Afternoon,baseline,ntabankulu,14.243,0.0,30.915208,30.0,2,100.0,100.0,1.0,0.0
2026-08-31 22:47:01.145046,s1,1:,329,107035,30443,158893469,87,Afternoon,baseline,winnie,13.312,0.0,30.875466,30.0,2,100.0,100.0,1.0,0.0
2026-08-31 22:47:01.145046,s1,2:,67632,211,100487499,23158,87,Afternoon,baseline,winnie,13.312,0.0,30.875466,30.0,2,100.0,100.0,1.0,0.0
2026-08-31 22:47:01.145046,s1,3:,185,191,21077,21329,87,Afternoon,baseline,winnie,13.312,0.0,30.875466,30.0,2,100.0,100.0,1.0,0.0
2026-08-31 22:47:01.145046,s1,4:,181,187,20741,20993,87,Afternoon,baseline,winnie,13.312,0.0,30.875466,30.0,2,100.0,100.0,1.0,0.0
2026-08-31 22:47:01.145046,s1,5:,39379,195,58413093,21513,87,Afternoon,baseline,winnie,13.312,0.0,30.875466,30.0,2,100.0,100.0,1.0,0.0
2026-08-31 22:47:01.145046,s1,LOCAL:,0,0,0,0,87,Afternoon,baseline,winnie,13.312,0.0,30.875466,30.0,2,100.0,100.0,1.0,0.0
2026-08-31 22:47:01.145046,s2,1:,67549,213,100479750,23338,87,Afternoon,baseline,winnie,13.312,0.0,30.875466,30.0,2,100.0,100.0,1.0,0.0
2026-08-31 22:47:01.145046,s2,2:,211,67632,23158,100487499,87,Afternoon,baseline,winnie,13.312,0.0,30.875466,30.0,2,100.0,100.0,1.0,0.0
2026-08-31 22:47:01.145046,s2,LOCAL:,0,0,0,0,87,Afternoon,baseline,winnie,13.312,0.0,30.875466,30.0,2,100.0,100.0,1.0,0.0
2026-08-31 22:47:01.145046,s3,1:,97,192,8682,21419,87,Afternoon,baseline,winnie,13.312,0.0,30.875466,30.0,2,100.0,100.0,1.0,0.0
2026-08-31 22:47:01.145046,s3,2:,191,185,21329,21077,87,Afternoon,baseline,winnie,13.312,0.0,30.875466,30.0,2,100.0,100.0,1.0,0.0
2026-08-31 22:47:01.145046,s3,LOCAL:,0,0,0,0,87,Afternoon,baseline,winnie,13.312,0.0,30.875466,30.0,2,100.0,100.0,1.0,0.0
2026-08-31 22:47:01.145046,s4,1:,93,187,8346,21013,87,Afternoon,baseline,winnie,13.312,0.0,30.875466,30.0,2,100.0,100.0,1.0,0.0
2026-08-31 22:47:01.145046,s4,2:,187,181,20993,20741,87,Afternoon,baseline,winnie,13.312,0.0,30.875466,30.0,2,100.0,100.0,1.0,0.0
2026-08-31 22:47:01.145046,s4,LOCAL:,0,0,0,0,87,Afternoon,baseline,winnie,13.312,0.0,30.875466,30.0,2,100.0,100.0,1.0,0.0
2026-08-31 22:47:01.145046,s5,1:,39295,196,58405258,21603,87,Afternoon,baseline,winnie,13.312,0.0,30.875466,30.0,2,100.0,100.0,1.0,0.0
2026-08-31 22:47:01.145046,s5,2:,195,39379,21513,58413093,87,Afternoon,baseline,winnie,13.312,0.0,30.875466,30.0,2,100.0,100.0,1.0,0.0
2026-08-31 22:47:01.145046,s5,LOCAL:,0,0,0,0,87,Afternoon,baseline,winnie,13.312,0.0,30.875466,30.0,2,100.0,100.0,1.0,0.0
2026-08-31 22:47:02.144088,s1,1:,329,107035,30443,158893469,88,Afternoon,baseline,matatiele,29.414,0.0,30.884459,30.0,2,100.0,100.0,1.0,0.0
2026-08-31 22:47:02.144088,s1,2:,67632,211,100487499,23158,88,Afternoon,baseline,matatiele,29.414,0.0,30.884459,30.0,2,100.0,100.0,1.0,0.0
2026-08-31 22:47:02.144088,s1,3:,185,191,21077,21329,88,Afternoon,baseline,matatiele,29.414,0.0,30.884459,30.0,2,100.0,100.0,1.0,0.0
2026-08-31 22:47:02.144088,s1,4:,181,187,20741,20993,88,Afternoon,baseline,matatiele,29.414,0.0,30.884459,30.0,2,100.0,100.0,1.0,0.0
2026-08-31 22:47:02.144088,s1,5:,39379,195,58413093,21513,88,Afternoon,baseline,matatiele,29.414,0.0,30.884459,30.0,2,100.0,100.0,1.0,0.0
2026-08-31 22:47:02.144088,s1,LOCAL:,0,0,0,0,88,Afternoon,baseline,matatiele,29.414,0.0,30.884459,30.0,2,100.0,100.0,1.0,0.0
2026-08-31 22:47:02.144088,s2,1:,67549,213,100479750,23338,88,Afternoon,baseline,matatiele,29.414,0.0,30.884459,30.0,2,100.0,100.0,1.0,0.0
2026-08-31 22:47:02.144088,s2,2:,211,67632,23158,100487499,88,Afternoon,baseline,matatiele,29.414,0.0,30.884459,30.0,2,100.0,100.0,1.0,0.0
2026-08-31 22:47:02.144088,s2,LOCAL:,0,0,0,0,88,Afternoon,baseline,matatiele,29.414,0.0,30.884459,30.0,2,100.0,100.0,1.0,0.0
2026-08-31 22:47:02.144088,s3,1:,97,192,8682,21419,88,Afternoon,baseline,matatiele,29.414,0.0,30.884459,30.0,2,100.0,100.0,1.0,0.0
2026-08-31 22:47:02.144088,s3,2:,191,185,21329,21077,88,Afternoon,baseline,matatiele,29.414,0.0,30.884459,30.0,2,100.0,100.0,1.0,0.0
2026-08-31 22:47:02.144088,s3,LOCAL:,0,0,0,0,88,Afternoon,baseline,matatiele,29.414,0.0,30.884459,30.0,2,100.0,100.0,1.0,0.0
2026-08-31 22:47:02.144088,s4,1:,93,187,8346,21013,88,Afternoon,baseline,matatiele,29.414,0.0,30.884459,30.0,2,100.0,100.0,1.0,0.0
2026-08-31 22:47:02.144088,s4,2:,187,181,20993,20741,88,Afternoon,baseline,matatiele,29.414,0.0,30.884459,30.0,2,100.0,100.0,1.0,0.0
2026-08-31 22:47:02.144088,s4,LOCAL:,0,0,0,0,88,Afternoon,baseline,matatiele,29.414,0.0,30.884459,30.0,2,100.0,100.0,1.0,0.0
2026-08-31 22:47:02.144088,s5,1:,39295,196,58405258,21603,88,Afternoon,baseline,matatiele,29.414,0.0,30.884459,30.0,2,100.0,100.0,1.0,0.0
2026-08-31 22:47:02.144088,s5,2:,195,39379,21513,58413093,88,Afternoon,baseline,matatiele,29.414,0.0,30.884459,30.0,2,100.0,100.0,1.0,0.0
2026-08-31 22:47:02.144088,s5,LOCAL:,0,0,0,0,88,Afternoon,baseline,matatiele,29.414,0.0,30.884459,30.0,2,100.0,100.0,1.0,0.0
2026-08-31 22:47:03.149023,s1,1:,329,107035,30443,158893469,89,Afternoon,baseline,umzimvubu,8.491,0.0,30.924337,30.0,2,100.0,100.0,1.0,0.0
2026-08-31 22:47:03.149023,s1,2:,67632,211,100487499,23158,89,Afternoon,baseline,umzimvubu,8.491,0.0,30.924337,30.0,2,100.0,100.0,1.0,0.0
2026-08-31 22:47:03.149023,s1,3:,185,191,21077,21329,89,Afternoon,baseline,umzimvubu,8.491,0.0,30.924337,30.0,2,100.0,100.0,1.0,0.0
2026-08-31 22:47:03.149023,s1,4:,181,187,20741,20993,89,Afternoon,baseline,umzimvubu,8.491,0.0,30.924337,30.0,2,100.0,100.0,1.0,0.0
2026-08-31 22:47:03.149023,s1,5:,39379,195,58413093,21513,89,Afternoon,baseline,umzimvubu,8.491,0.0,30.924337,30.0,2,100.0,100.0,1.0,0.0
2026-08-31 22:47:03.149023,s1,LOCAL:,0,0,0,0,89,Afternoon,baseline,umzimvubu,8.491,0.0,30.924337,30.0,2,100.0,100.0,1.0,0.0
2026-08-31 22:47:03.149023,s2,1:,67549,213,100479750,23338,89,Afternoon,baseline,umzimvubu,8.491,0.0,30.924337,30.0,2,100.0,100.0,1.0,0.0
2026-08-31 22:47:03.149023,s2,2:,211,67632,23158,100487499,89,Afternoon,baseline,umzimvubu,8.491,0.0,30.924337,30.0,2,100.0,100.0,1.0,0.0
2026-08-31 22:47:03.149023,s2,LOCAL:,0,0,0,0,89,Afternoon,baseline,umzimvubu,8.491,0.0,30.924337,30.0,2,100.0,100.0,1.0,0.0
2026-08-31 22:47:03.149023,s3,1:,97,192,8682,21419,89,Afternoon,baseline,umzimvubu,8.491,0.0,30.924337,30.0,2,100.0,100.0,1.0,0.0
2026-08-31 22:47:03.149023,s3,2:,191,185,21329,21077,89,Afternoon,baseline,umzimvubu,8.491,0.0,30.924337,30.0,2,100.0,100.0,1.0,0.0
2026-08-31 22:47:03.149023,s3,LOCAL:,0,0,0,0,89,Afternoon,baseline,umzimvubu,8.491,0.0,30.924337,30.0,2,100.0,100.0,1.0,0.0
2026-08-31 22:47:03.149023,s4,1:,93,187,8346,21013,89,Afternoon,baseline,umzimvubu,8.491,0.0,30.924337,30.0,2,100.0,100.0,1.0,0.0
2026-08-31 22:47:03.149023,s4,2:,187,181,20993,20741,89,Afternoon,baseline,umzimvubu,8.491,0.0,30.924337,30.0,2,100.0,100.0,1.0,0.0
2026-08-31 22:47:03.149023,s4,LOCAL:,0,0,0,0,89,Afternoon,baseline,umzimvubu,8.491,0.0,30.924337,30.0,2,100.0,100.0,1.0,0.0
2026-08-31 22:47:03.149023,s5,1:,39295,196,58405258,21603,89,Afternoon,baseline,umzimvubu,8.491,0.0,30.924337,30.0,2,100.0,100.0,1.0,0.0
2026-08-31 22:47:03.149023,s5,2:,195,39379,21513,58413093,89,Afternoon,baseline,umzimvubu,8.491,0.0,30.924337,30.0,2,100.0,100.0,1.0,0.0
2026-08-31 22:47:03.149023,s5,LOCAL:,0,0,0,0,89,Afternoon,baseline,umzimvubu,8.491,0.0,30.924337,30.0,2,100.0,100.0,1.0,0.0
2026-08-31 22:47:04.147039,s1,1:,345,120014,31955,178207149,90,Afternoon,baseline,ntabankulu,9.345,0.0,30.879998,30.0,2,100.0,100.0,1.0,0.0
2026-08-31 22:47:04.147039,s1,2:,74117,216,110141851,23730,90,Afternoon,baseline,ntabankulu,9.345,0.0,30.879998,30.0,2,100.0,100.0,1.0,0.0
2026-08-31 22:47:04.147039,s1,3:,190,196,21649,21901,90,Afternoon,baseline,ntabankulu,9.345,0.0,30.879998,30.0,2,100.0,100.0,1.0,0.0
2026-08-31 22:47:04.147039,s1,4:,189,195,21607,21859,90,Afternoon,baseline,ntabankulu,9.345,0.0,30.879998,30.0,2,100.0,100.0,1.0,0.0
2026-08-31 22:47:04.147039,s1,5:,45864,201,68067417,22127,90,Afternoon,baseline,ntabankulu,9.345,0.0,30.879998,30.0,2,100.0,100.0,1.0,0.0
2026-08-31 22:47:04.147039,s1,LOCAL:,0,0,0,0,90,Afternoon,baseline,ntabankulu,9.345,0.0,30.879998,30.0,2,100.0,100.0,1.0,0.0
2026-08-31 22:47:04.147039,s2,1:,74031,218,110133754,23910,90,Afternoon,baseline,ntabankulu,9.345,0.0,30.879998,30.0,2,100.0,100.0,1.0,0.0
2026-08-31 22:47:04.147039,s2,2:,216,74117,23730,110141851,90,Afternoon,baseline,ntabankulu,9.345,0.0,30.879998,30.0,2,100.0,100.0,1.0,0.0
2026-08-31 22:47:04.147039,s2,LOCAL:,0,0,0,0,90,Afternoon,baseline,ntabankulu,9.345,0.0,30.879998,30.0,2,100.0,100.0,1.0,0.0
2026-08-31 22:47:04.147039,s3,1:,100,197,8976,21991,90,Afternoon,baseline,ntabankulu,9.345,0.0,30.879998,30.0,2,100.0,100.0,1.0,0.0
2026-08-31 22:47:04.147039,s3,2:,196,190,21901,21649,90,Afternoon,baseline,ntabankulu,9.345,0.0,30.879998,30.0,2,100.0,100.0,1.0,0.0
2026-08-31 22:47:04.147039,s3,LOCAL:,0,0,0,0,90,Afternoon,baseline,ntabankulu,9.345,0.0,30.879998,30.0,2,100.0,100.0,1.0,0.0
2026-08-31 22:47:04.147039,s4,1:,99,195,8934,21879,90,Afternoon,baseline,ntabankulu,9.345,0.0,30.879998,30.0,2,100.0,100.0,1.0,0.0
2026-08-31 22:47:04.147039,s4,2:,195,189,21859,21607,90,Afternoon,baseline,ntabankulu,9.345,0.0,30.879998,30.0,2,100.0,100.0,1.0,0.0
2026-08-31 22:47:04.147039,s4,LOCAL:,0,0,0,0,90,Afternoon,baseline,ntabankulu,9.345,0.0,30.879998,30.0,2,100.0,100.0,1.0,0.0
2026-08-31 22:47:04.147039,s5,1:,45778,202,68059304,22217,90,Afternoon,baseline,ntabankulu,9.345,0.0,30.879998,30.0,2,100.0,100.0,1.0,0.0
2026-08-31 22:47:04.147039,s5,2:,201,45864,22127,68067417,90,Afternoon,baseline,ntabankulu,9.345,0.0,30.879998,30.0,2,100.0,100.0,1.0,0.0
2026-08-31 22:47:04.147039,s5,LOCAL:,0,0,0,0,90,Afternoon,baseline,ntabankulu,9.345,0.0,30.879998,30.0,2,100.0,100.0,1.0,0.0
2026-08-31 22:47:05.166882,s1,1:,345,120014,31955,178207149,91,Afternoon,baseline,winnie,12.215,0.0,31.379853,30.0,2,100.0,100.0,1.0,0.0
2026-08-31 22:47:05.166882,s1,2:,74117,216,110141851,23730,91,Afternoon,baseline,winnie,12.215,0.0,31.379853,30.0,2,100.0,100.0,1.0,0.0
2026-08-31 22:47:05.166882,s1,3:,190,196,21649,21901,91,Afternoon,baseline,winnie,12.215,0.0,31.379853,30.0,2,100.0,100.0,1.0,0.0
2026-08-31 22:47:05.166882,s1,4:,189,195,21607,21859,91,Afternoon,baseline,winnie,12.215,0.0,31.379853,30.0,2,100.0,100.0,1.0,0.0
2026-08-31 22:47:05.166882,s1,5:,45864,201,68067417,22127,91,Afternoon,baseline,winnie,12.215,0.0,31.379853,30.0,2,100.0,100.0,1.0,0.0
2026-08-31 22:47:05.166882,s1,LOCAL:,0,0,0,0,91,Afternoon,baseline,winnie,12.215,0.0,31.379853,30.0,2,100.0,100.0,1.0,0.0
2026-08-31 22:47:05.166882,s2,1:,74031,218,110133754,23910,91,Afternoon,baseline,winnie,12.215,0.0,31.379853,30.0,2,100.0,100.0,1.0,0.0
2026-08-31 22:47:05.166882,s2,2:,216,74117,23730,110141851,91,Afternoon,baseline,winnie,12.215,0.0,31.379853,30.0,2,100.0,100.0,1.0,0.0
2026-08-31 22:47:05.166882,s2,LOCAL:,0,0,0,0,91,Afternoon,baseline,winnie,12.215,0.0,31.379853,30.0,2,100.0,100.0,1.0,0.0
2026-08-31 22:47:05.166882,s3,1:,100,197,8976,21991,91,Afternoon,baseline,winnie,12.215,0.0,31.379853,30.0,2,100.0,100.0,1.0,0.0
2026-08-31 22:47:05.166882,s3,2:,196,190,21901,21649,91,Afternoon,baseline,winnie,12.215,0.0,31.379853,30.0,2,100.0,100.0,1.0,0.0
2026-08-31 22:47:05.166882,s3,LOCAL:,0,0,0,0,91,Afternoon,baseline,winnie,12.215,0.0,31.379853,30.0,2,100.0,100.0,1.0,0.0
2026-08-31 22:47:05.166882,s4,1:,99,195,8934,21879,91,Afternoon,baseline,winnie,12.215,0.0,31.379853,30.0,2,100.0,100.0,1.0,0.0
2026-08-31 22:47:05.166882,s4,2:,195,189,21859,21607,91,Afternoon,baseline,winnie,12.215,0.0,31.379853,30.0,2,100.0,100.0,1.0,0.0
2026-08-31 22:47:05.166882,s4,LOCAL:,0,0,0,0,91,Afternoon,baseline,winnie,12.215,0.0,31.379853,30.0,2,100.0,100.0,1.0,0.0
2026-08-31 22:47:05.166882,s5,1:,45778,202,68059304,22217,91,Afternoon,baseline,winnie,12.215,0.0,31.379853,30.0,2,100.0,100.0,1.0,0.0
2026-08-31 22:47:05.166882,s5,2:,201,45864,22127,68067417,91,Afternoon,baseline,winnie,12.215,0.0,31.379853,30.0,2,100.0,100.0,1.0,0.0
2026-08-31 22:47:05.166882,s5,LOCAL:,0,0,0,0,91,Afternoon,baseline,winnie,12.215,0.0,31.379853,30.0,2,100.0,100.0,1.0,0.0
2026-08-31 22:47:06.145592,s1,1:,345,120014,31955,178207149,92,Afternoon,baseline,matatiele,20.451,0.0,30.327668,30.0,2,100.0,100.0,1.0,0.0
2026-08-31 22:47:06.145592,s1,2:,74117,216,110141851,23730,92,Afternoon,baseline,matatiele,20.451,0.0,30.327668,30.0,2,100.0,100.0,1.0,0.0
2026-08-31 22:47:06.145592,s1,3:,190,196,21649,21901,92,Afternoon,baseline,matatiele,20.451,0.0,30.327668,30.0,2,100.0,100.0,1.0,0.0
2026-08-31 22:47:06.145592,s1,4:,189,195,21607,21859,92,Afternoon,baseline,matatiele,20.451,0.0,30.327668,30.0,2,100.0,100.0,1.0,0.0
2026-08-31 22:47:06.145592,s1,5:,45864,201,68067417,22127,92,Afternoon,baseline,matatiele,20.451,0.0,30.327668,30.0,2,100.0,100.0,1.0,0.0
2026-08-31 22:47:06.145592,s1,LOCAL:,0,0,0,0,92,Afternoon,baseline,matatiele,20.451,0.0,30.327668,30.0,2,100.0,100.0,1.0,0.0
2026-08-31 22:47:06.145592,s2,1:,74031,218,110133754,23910,92,Afternoon,baseline,matatiele,20.451,0.0,30.327668,30.0,2,100.0,100.0,1.0,0.0
2026-08-31 22:47:06.145592,s2,2:,216,74117,23730,110141851,92,Afternoon,baseline,matatiele,20.451,0.0,30.327668,30.0,2,100.0,100.0,1.0,0.0
2026-08-31 22:47:06.145592,s2,LOCAL:,0,0,0,0,92,Afternoon,baseline,matatiele,20.451,0.0,30.327668,30.0,2,100.0,100.0,1.0,0.0
2026-08-31 22:47:06.145592,s3,1:,100,197,8976,21991,92,Afternoon,baseline,matatiele,20.451,0.0,30.327668,30.0,2,100.0,100.0,1.0,0.0
2026-08-31 22:47:06.145592,s3,2:,196,190,21901,21649,92,Afternoon,baseline,matatiele,20.451,0.0,30.327668,30.0,2,100.0,100.0,1.0,0.0
2026-08-31 22:47:06.145592,s3,LOCAL:,0,0,0,0,92,Afternoon,baseline,matatiele,20.451,0.0,30.327668,30.0,2,100.0,100.0,1.0,0.0
2026-08-31 22:47:06.145592,s4,1:,99,195,8934,21879,92,Afternoon,baseline,matatiele,20.451,0.0,30.327668,30.0,2,100.0,100.0,1.0,0.0
2026-08-31 22:47:06.145592,s4,2:,195,189,21859,21607,92,Afternoon,baseline,matatiele,20.451,0.0,30.327668,30.0,2,100.0,100.0,1.0,0.0
2026-08-31 22:47:06.145592,s4,LOCAL:,0,0,0,0,92,Afternoon,baseline,matatiele,20.451,0.0,30.327668,30.0,2,100.0,100.0,1.0,0.0
2026-08-31 22:47:06.145592,s5,1:,45778,202,68059304,22217,92,Afternoon,baseline,matatiele,20.451,0.0,30.327668,30.0,2,100.0,100.0,1.0,0.0
2026-08-31 22:47:06.145592,s5,2:,201,45864,22127,68067417,92,Afternoon,baseline,matatiele,20.451,0.0,30.327668,30.0,2,100.0,100.0,1.0,0.0
2026-08-31 22:47:06.145592,s5,LOCAL:,0,0,0,0,92,Afternoon,baseline,matatiele,20.451,0.0,30.327668,30.0,2,100.0,100.0,1.0,0.0
2026-08-31 22:47:07.144903,s1,1:,345,120014,31955,178207149,93,Afternoon,baseline,umzimvubu,9.947,0.0,30.746804,30.0,2,100.0,100.0,1.0,0.0
2026-08-31 22:47:07.144903,s1,2:,74117,216,110141851,23730,93,Afternoon,baseline,umzimvubu,9.947,0.0,30.746804,30.0,2,100.0,100.0,1.0,0.0
2026-08-31 22:47:07.144903,s1,3:,190,196,21649,21901,93,Afternoon,baseline,umzimvubu,9.947,0.0,30.746804,30.0,2,100.0,100.0,1.0,0.0
2026-08-31 22:47:07.144903,s1,4:,189,195,21607,21859,93,Afternoon,baseline,umzimvubu,9.947,0.0,30.746804,30.0,2,100.0,100.0,1.0,0.0
2026-08-31 22:47:07.144903,s1,5:,45864,201,68067417,22127,93,Afternoon,baseline,umzimvubu,9.947,0.0,30.746804,30.0,2,100.0,100.0,1.0,0.0
2026-08-31 22:47:07.144903,s1,LOCAL:,0,0,0,0,93,Afternoon,baseline,umzimvubu,9.947,0.0,30.746804,30.0,2,100.0,100.0,1.0,0.0
2026-08-31 22:47:07.144903,s2,1:,74031,218,110133754,23910,93,Afternoon,baseline,umzimvubu,9.947,0.0,30.746804,30.0,2,100.0,100.0,1.0,0.0
2026-08-31 22:47:07.144903,s2,2:,216,74117,23730,110141851,93,Afternoon,baseline,umzimvubu,9.947,0.0,30.746804,30.0,2,100.0,100.0,1.0,0.0
2026-08-31 22:47:07.144903,s2,LOCAL:,0,0,0,0,93,Afternoon,baseline,umzimvubu,9.947,0.0,30.746804,30.0,2,100.0,100.0,1.0,0.0
2026-08-31 22:47:07.144903,s3,1:,100,197,8976,21991,93,Afternoon,baseline,umzimvubu,9.947,0.0,30.746804,30.0,2,100.0,100.0,1.0,0.0
2026-08-31 22:47:07.144903,s3,2:,196,190,21901,21649,93,Afternoon,baseline,umzimvubu,9.947,0.0,30.746804,30.0,2,100.0,100.0,1.0,0.0
2026-08-31 22:47:07.144903,s3,LOCAL:,0,0,0,0,93,Afternoon,baseline,umzimvubu,9.947,0.0,30.746804,30.0,2,100.0,100.0,1.0,0.0
2026-08-31 22:47:07.144903,s4,1:,99,195,8934,21879,93,Afternoon,baseline,umzimvubu,9.947,0.0,30.746804,30.0,2,100.0,100.0,1.0,0.0
2026-08-31 22:47:07.144903,s4,2:,195,189,21859,21607,93,Afternoon,baseline,umzimvubu,9.947,0.0,30.746804,30.0,2,100.0,100.0,1.0,0.0
2026-08-31 22:47:07.144903,s4,LOCAL:,0,0,0,0,93,Afternoon,baseline,umzimvubu,9.947,0.0,30.746804,30.0,2,100.0,100.0,1.0,0.0
2026-08-31 22:47:07.144903,s5,1:,45778,202,68059304,22217,93,Afternoon,baseline,umzimvubu,9.947,0.0,30.746804,30.0,2,100.0,100.0,1.0,0.0
2026-08-31 22:47:07.144903,s5,2:,201,45864,22127,68067417,93,Afternoon,baseline,umzimvubu,9.947,0.0,30.746804,30.0,2,100.0,100.0,1.0,0.0
2026-08-31 22:47:07.144903,s5,LOCAL:,0,0,0,0,93,Afternoon,baseline,umzimvubu,9.947,0.0,30.746804,30.0,2,100.0,100.0,1.0,0.0
2026-08-31 22:47:08.144709,s1,1:,345,120014,31955,178207149,94,Afternoon,baseline,ntabankulu,22.977,0.0,31.003296,30.0,2,100.0,100.0,1.0,0.0
2026-08-31 22:47:08.144709,s1,2:,74117,216,110141851,23730,94,Afternoon,baseline,ntabankulu,22.977,0.0,31.003296,30.0,2,100.0,100.0,1.0,0.0
2026-08-31 22:47:08.144709,s1,3:,190,196,21649,21901,94,Afternoon,baseline,ntabankulu,22.977,0.0,31.003296,30.0,2,100.0,100.0,1.0,0.0
2026-08-31 22:47:08.144709,s1,4:,189,195,21607,21859,94,Afternoon,baseline,ntabankulu,22.977,0.0,31.003296,30.0,2,100.0,100.0,1.0,0.0
2026-08-31 22:47:08.144709,s1,5:,45864,201,68067417,22127,94,Afternoon,baseline,ntabankulu,22.977,0.0,31.003296,30.0,2,100.0,100.0,1.0,0.0
2026-08-31 22:47:08.144709,s1,LOCAL:,0,0,0,0,94,Afternoon,baseline,ntabankulu,22.977,0.0,31.003296,30.0,2,100.0,100.0,1.0,0.0
2026-08-31 22:47:08.144709,s2,1:,74031,218,110133754,23910,94,Afternoon,baseline,ntabankulu,22.977,0.0,31.003296,30.0,2,100.0,100.0,1.0,0.0
2026-08-31 22:47:08.144709,s2,2:,216,74117,23730,110141851,94,Afternoon,baseline,ntabankulu,22.977,0.0,31.003296,30.0,2,100.0,100.0,1.0,0.0
2026-08-31 22:47:08.144709,s2,LOCAL:,0,0,0,0,94,Afternoon,baseline,ntabankulu,22.977,0.0,31.003296,30.0,2,100.0,100.0,1.0,0.0
2026-08-31 22:47:08.144709,s3,1:,100,197,8976,21991,94,Afternoon,baseline,ntabankulu,22.977,0.0,31.003296,30.0,2,100.0,100.0,1.0,0.0
2026-08-31 22:47:08.144709,s3,2:,196,190,21901,21649,94,Afternoon,baseline,ntabankulu,22.977,0.0,31.003296,30.0,2,100.0,100.0,1.0,0.0
2026-08-31 22:47:08.144709,s3,LOCAL:,0,0,0,0,94,Afternoon,baseline,ntabankulu,22.977,0.0,31.003296,30.0,2,100.0,100.0,1.0,0.0
2026-08-31 22:47:08.144709,s4,1:,99,195,8934,21879,94,Afternoon,baseline,ntabankulu,22.977,0.0,31.003296,30.0,2,100.0,100.0,1.0,0.0
2026-08-31 22:47:08.144709,s4,2:,195,189,21859,21607,94,Afternoon,baseline,ntabankulu,22.977,0.0,31.003296,30.0,2,100.0,100.0,1.0,0.0
2026-08-31 22:47:08.144709,s4,LOCAL:,0,0,0,0,94,Afternoon,baseline,ntabankulu,22.977,0.0,31.003296,30.0,2,100.0,100.0,1.0,0.0
2026-08-31 22:47:08.144709,s5,1:,45778,202,68059304,22217,94,Afternoon,baseline,ntabankulu,22.977,0.0,31.003296,30.0,2,100.0,100.0,1.0,0.0
2026-08-31 22:47:08.144709,s5,2:,201,45864,22127,68067417,94,Afternoon,baseline,ntabankulu,22.977,0.0,31.003296,30.0,2,100.0,100.0,1.0,0.0
2026-08-31 22:47:08.144709,s5,LOCAL:,0,0,0,0,94,Afternoon,baseline,ntabankulu,22.977,0.0,31.003296,30.0,2,100.0,100.0,1.0,0.0
2026-08-31 22:47:09.144941,s1,1:,362,132987,33509,197507739,95,Afternoon,baseline,winnie,18.475,0.0,30.869348,30.0,2,100.0,100.0,1.0,0.0
2026-08-31 22:47:09.144941,s1,2:,80603,225,119794963,24692,95,Afternoon,baseline,winnie,18.475,0.0,30.869348,30.0,2,100.0,100.0,1.0,0.0
2026-08-31 22:47:09.144941,s1,3:,197,203,22499,22751,95,Afternoon,baseline,winnie,18.475,0.0,30.869348,30.0,2,100.0,100.0,1.0,0.0
2026-08-31 22:47:09.144941,s1,4:,197,203,22499,22751,95,Afternoon,baseline,winnie,18.475,0.0,30.869348,30.0,2,100.0,100.0,1.0,0.0
2026-08-31 22:47:09.144941,s1,5:,52352,211,77720781,23271,95,Afternoon,baseline,winnie,18.475,0.0,30.869348,30.0,2,100.0,100.0,1.0,0.0
2026-08-31 22:47:09.144941,s1,LOCAL:,0,0,0,0,95,Afternoon,baseline,winnie,18.475,0.0,30.869348,30.0,2,100.0,100.0,1.0,0.0
2026-08-31 22:47:09.144941,s2,1:,80514,226,119786380,24802,95,Afternoon,baseline,winnie,18.475,0.0,30.869348,30.0,2,100.0,100.0,1.0,0.0
2026-08-31 22:47:09.144941,s2,2:,225,80603,24692,119794963,95,Afternoon,baseline,winnie,18.475,0.0,30.869348,30.0,2,100.0,100.0,1.0,0.0
2026-08-31 22:47:09.144941,s2,LOCAL:,0,0,0,0,95,Afternoon,baseline,winnie,18.475,0.0,30.869348,30.0,2,100.0,100.0,1.0,0.0
2026-08-31 22:47:09.144941,s3,1:,103,204,9270,22841,95,Afternoon,baseline,winnie,18.475,0.0,30.869348,30.0,2,100.0,100.0,1.0,0.0
2026-08-31 22:47:09.144941,s3,2:,203,197,22751,22499,95,Afternoon,baseline,winnie,18.475,0.0,30.869348,30.0,2,100.0,100.0,1.0,0.0
2026-08-31 22:47:09.144941,s3,LOCAL:,0,0,0,0,95,Afternoon,baseline,winnie,18.475,0.0,30.869348,30.0,2,100.0,100.0,1.0,0.0
2026-08-31 22:47:09.144941,s4,1:,103,203,9270,22771,95,Afternoon,baseline,winnie,18.475,0.0,30.869348,30.0,2,100.0,100.0,1.0,0.0
2026-08-31 22:47:09.144941,s4,2:,203,197,22751,22499,95,Afternoon,baseline,winnie,18.475,0.0,30.869348,30.0,2,100.0,100.0,1.0,0.0
2026-08-31 22:47:09.144941,s4,LOCAL:,0,0,0,0,95,Afternoon,baseline,winnie,18.475,0.0,30.869348,30.0,2,100.0,100.0,1.0,0.0
2026-08-31 22:47:09.144941,s5,1:,52261,212,77710622,23361,95,Afternoon,baseline,winnie,18.475,0.0,30.869348,30.0,2,100.0,100.0,1.0,0.0
2026-08-31 22:47:09.144941,s5,2:,211,52352,23271,77720781,95,Afternoon,baseline,winnie,18.475,0.0,30.869348,30.0,2,100.0,100.0,1.0,0.0
2026-08-31 22:47:09.144941,s5,LOCAL:,0,0,0,0,95,Afternoon,baseline,winnie,18.475,0.0,30.869348,30.0,2,100.0,100.0,1.0,0.0
2026-08-31 22:47:10.144908,s1,1:,362,132987,33509,197507739,96,Afternoon,baseline,matatiele,8.678,0.0,30.875993,30.0,2,100.0,100.0,1.0,0.0
2026-08-31 22:47:10.144908,s1,2:,80603,225,119794963,24692,96,Afternoon,baseline,matatiele,8.678,0.0,30.875993,30.0,2,100.0,100.0,1.0,0.0
2026-08-31 22:47:10.144908,s1,3:,197,203,22499,22751,96,Afternoon,baseline,matatiele,8.678,0.0,30.875993,30.0,2,100.0,100.0,1.0,0.0
2026-08-31 22:47:10.144908,s1,4:,197,203,22499,22751,96,Afternoon,baseline,matatiele,8.678,0.0,30.875993,30.0,2,100.0,100.0,1.0,0.0
2026-08-31 22:47:10.144908,s1,5:,52352,211,77720781,23271,96,Afternoon,baseline,matatiele,8.678,0.0,30.875993,30.0,2,100.0,100.0,1.0,0.0
2026-08-31 22:47:10.144908,s1,LOCAL:,0,0,0,0,96,Afternoon,baseline,matatiele,8.678,0.0,30.875993,30.0,2,100.0,100.0,1.0,0.0
2026-08-31 22:47:10.144908,s2,1:,80514,226,119786380,24802,96,Afternoon,baseline,matatiele,8.678,0.0,30.875993,30.0,2,100.0,100.0,1.0,0.0
2026-08-31 22:47:10.144908,s2,2:,225,80603,24692,119794963,96,Afternoon,baseline,matatiele,8.678,0.0,30.875993,30.0,2,100.0,100.0,1.0,0.0
2026-08-31 22:47:10.144908,s2,LOCAL:,0,0,0,0,96,Afternoon,baseline,matatiele,8.678,0.0,30.875993,30.0,2,100.0,100.0,1.0,0.0
2026-08-31 22:47:10.144908,s3,1:,103,204,9270,22841,96,Afternoon,baseline,matatiele,8.678,0.0,30.875993,30.0,2,100.0,100.0,1.0,0.0
2026-08-31 22:47:10.144908,s3,2:,203,197,22751,22499,96,Afternoon,baseline,matatiele,8.678,0.0,30.875993,30.0,2,100.0,100.0,1.0,0.0
2026-08-31 22:47:10.144908,s3,LOCAL:,0,0,0,0,96,Afternoon,baseline,matatiele,8.678,0.0,30.875993,30.0,2,100.0,100.0,1.0,0.0
2026-08-31 22:47:10.144908,s4,1:,103,203,9270,22771,96,Afternoon,baseline,matatiele,8.678,0.0,30.875993,30.0,2,100.0,100.0,1.0,0.0
2026-08-31 22:47:10.144908,s4,2:,203,197,22751,22499,96,Afternoon,baseline,matatiele,8.678,0.0,30.875993,30.0,2,100.0,100.0,1.0,0.0
2026-08-31 22:47:10.144908,s4,LOCAL:,0,0,0,0,96,Afternoon,baseline,matatiele,8.678,0.0,30.875993,30.0,2,100.0,100.0,1.0,0.0
2026-08-31 22:47:10.144908,s5,1:,52261,212,77710622,23361,96,Afternoon,baseline,matatiele,8.678,0.0,30.875993,30.0,2,100.0,100.0,1.0,0.0
2026-08-31 22:47:10.144908,s5,2:,211,52352,23271,77720781,96,Afternoon,baseline,matatiele,8.678,0.0,30.875993,30.0,2,100.0,100.0,1.0,0.0
2026-08-31 22:47:10.144908,s5,LOCAL:,0,0,0,0,96,Afternoon,baseline,matatiele,8.678,0.0,30.875993,30.0,2,100.0,100.0,1.0,0.0
2026-08-31 22:47:11.146674,s1,1:,362,132987,33509,197507739,97,Afternoon,baseline,umzimvubu,9.46,0.0,30.845564,30.0,2,100.0,100.0,1.0,0.0
2026-08-31 22:47:11.146674,s1,2:,80603,225,119794963,24692,97,Afternoon,baseline,umzimvubu,9.46,0.0,30.845564,30.0,2,100.0,100.0,1.0,0.0
2026-08-31 22:47:11.146674,s1,3:,197,203,22499,22751,97,Afternoon,baseline,umzimvubu,9.46,0.0,30.845564,30.0,2,100.0,100.0,1.0,0.0
2026-08-31 22:47:11.146674,s1,4:,197,203,22499,22751,97,Afternoon,baseline,umzimvubu,9.46,0.0,30.845564,30.0,2,100.0,100.0,1.0,0.0
2026-08-31 22:47:11.146674,s1,5:,52352,211,77720781,23271,97,Afternoon,baseline,umzimvubu,9.46,0.0,30.845564,30.0,2,100.0,100.0,1.0,0.0
2026-08-31 22:47:11.146674,s1,LOCAL:,0,0,0,0,97,Afternoon,baseline,umzimvubu,9.46,0.0,30.845564,30.0,2,100.0,100.0,1.0,0.0
2026-08-31 22:47:11.146674,s2,1:,80514,226,119786380,24802,97,Afternoon,baseline,umzimvubu,9.46,0.0,30.845564,30.0,2,100.0,100.0,1.0,0.0
2026-08-31 22:47:11.146674,s2,2:,225,80603,24692,119794963,97,Afternoon,baseline,umzimvubu,9.46,0.0,30.845564,30.0,2,100.0,100.0,1.0,0.0
2026-08-31 22:47:11.146674,s2,LOCAL:,0,0,0,0,97,Afternoon,baseline,umzimvubu,9.46,0.0,30.845564,30.0,2,100.0,100.0,1.0,0.0
2026-08-31 22:47:11.146674,s3,1:,103,204,9270,22841,97,Afternoon,baseline,umzimvubu,9.46,0.0,30.845564,30.0,2,100.0,100.0,1.0,0.0
2026-08-31 22:47:11.146674,s3,2:,203,197,22751,22499,97,Afternoon,baseline,umzimvubu,9.46,0.0,30.845564,30.0,2,100.0,100.0,1.0,0.0
2026-08-31 22:47:11.146674,s3,LOCAL:,0,0,0,0,97,Afternoon,baseline,umzimvubu,9.46,0.0,30.845564,30.0,2,100.0,100.0,1.0,0.0
2026-08-31 22:47:11.146674,s4,1:,103,203,9270,22771,97,Afternoon,baseline,umzimvubu,9.46,0.0,30.845564,30.0,2,100.0,100.0,1.0,0.0
2026-08-31 22:47:11.146674,s4,2:,203,197,22751,22499,97,Afternoon,baseline,umzimvubu,9.46,0.0,30.845564,30.0,2,100.0,100.0,1.0,0.0
2026-08-31 22:47:11.146674,s4,LOCAL:,0,0,0,0,97,Afternoon,baseline,umzimvubu,9.46,0.0,30.845564,30.0,2,100.0,100.0,1.0,0.0
2026-08-31 22:47:11.146674,s5,1:,52261,212,77710622,23361,97,Afternoon,baseline,umzimvubu,9.46,0.0,30.845564,30.0,2,100.0,100.0,1.0,0.0
2026-08-31 22:47:11.146674,s5,2:,211,52352,23271,77720781,97,Afternoon,baseline,umzimvubu,9.46,0.0,30.845564,30.0,2,100.0,100.0,1.0,0.0
2026-08-31 22:47:11.146674,s5,LOCAL:,0,0,0,0,97,Afternoon,baseline,umzimvubu,9.46,0.0,30.845564,30.0,2,100.0,100.0,1.0,0.0
2026-08-31 22:47:12.148851,s1,1:,362,132987,33509,197507739,98,Afternoon,baseline,ntabankulu,10.718,0.0,30.946604,30.0,2,100.0,100.0,1.0,0.0
2026-08-31 22:47:12.148851,s1,2:,80603,225,119794963,24692,98,Afternoon,baseline,ntabankulu,10.718,0.0,30.946604,30.0,2,100.0,100.0,1.0,0.0
2026-08-31 22:47:12.148851,s1,3:,197,203,22499,22751,98,Afternoon,baseline,ntabankulu,10.718,0.0,30.946604,30.0,2,100.0,100.0,1.0,0.0
2026-08-31 22:47:12.148851,s1,4:,197,203,22499,22751,98,Afternoon,baseline,ntabankulu,10.718,0.0,30.946604,30.0,2,100.0,100.0,1.0,0.0
2026-08-31 22:47:12.148851,s1,5:,52352,211,77720781,23271,98,Afternoon,baseline,ntabankulu,10.718,0.0,30.946604,30.0,2,100.0,100.0,1.0,0.0
2026-08-31 22:47:12.148851,s1,LOCAL:,0,0,0,0,98,Afternoon,baseline,ntabankulu,10.718,0.0,30.946604,30.0,2,100.0,100.0,1.0,0.0
2026-08-31 22:47:12.148851,s2,1:,80514,226,119786380,24802,98,Afternoon,baseline,ntabankulu,10.718,0.0,30.946604,30.0,2,100.0,100.0,1.0,0.0
2026-08-31 22:47:12.148851,s2,2:,225,80603,24692,119794963,98,Afternoon,baseline,ntabankulu,10.718,0.0,30.946604,30.0,2,100.0,100.0,1.0,0.0
2026-08-31 22:47:12.148851,s2,LOCAL:,0,0,0,0,98,Afternoon,baseline,ntabankulu,10.718,0.0,30.946604,30.0,2,100.0,100.0,1.0,0.0
2026-08-31 22:47:12.148851,s3,1:,103,204,9270,22841,98,Afternoon,baseline,ntabankulu,10.718,0.0,30.946604,30.0,2,100.0,100.0,1.0,0.0
2026-08-31 22:47:12.148851,s3,2:,203,197,22751,22499,98,Afternoon,baseline,ntabankulu,10.718,0.0,30.946604,30.0,2,100.0,100.0,1.0,0.0
2026-08-31 22:47:12.148851,s3,LOCAL:,0,0,0,0,98,Afternoon,baseline,ntabankulu,10.718,0.0,30.946604,30.0,2,100.0,100.0,1.0,0.0
2026-08-31 22:47:12.148851,s4,1:,103,203,9270,22771,98,Afternoon,baseline,ntabankulu,10.718,0.0,30.946604,30.0,2,100.0,100.0,1.0,0.0
2026-08-31 22:47:12.148851,s4,2:,203,197,22751,22499,98,Afternoon,baseline,ntabankulu,10.718,0.0,30.946604,30.0,2,100.0,100.0,1.0,0.0
2026-08-31 22:47:12.148851,s4,LOCAL:,0,0,0,0,98,Afternoon,baseline,ntabankulu,10.718,0.0,30.946604,30.0,2,100.0,100.0,1.0,0.0
2026-08-31 22:47:12.148851,s5,1:,52261,212,77710622,23361,98,Afternoon,baseline,ntabankulu,10.718,0.0,30.946604,30.0,2,100.0,100.0,1.0,0.0
2026-08-31 22:47:12.148851,s5,2:,211,52352,23271,77720781,98,Afternoon,baseline,ntabankulu,10.718,0.0,30.946604,30.0,2,100.0,100.0,1.0,0.0
2026-08-31 22:47:12.148851,s5,LOCAL:,0,0,0,0,98,Afternoon,baseline,ntabankulu,10.718,0.0,30.946604,30.0,2,100.0,100.0,1.0,0.0
2026-08-31 22:47:13.149829,s1,1:,362,132987,33509,197507739,99,Afternoon,baseline,winnie,11.456,0.0,30.650989,30.0,2,100.0,100.0,1.0,0.0
2026-08-31 22:47:13.149829,s1,2:,80603,225,119794963,24692,99,Afternoon,baseline,winnie,11.456,0.0,30.650989,30.0,2,100.0,100.0,1.0,0.0
2026-08-31 22:47:13.149829,s1,3:,197,203,22499,22751,99,Afternoon,baseline,winnie,11.456,0.0,30.650989,30.0,2,100.0,100.0,1.0,0.0
2026-08-31 22:47:13.149829,s1,4:,197,203,22499,22751,99,Afternoon,baseline,winnie,11.456,0.0,30.650989,30.0,2,100.0,100.0,1.0,0.0
2026-08-31 22:47:13.149829,s1,5:,52352,211,77720781,23271,99,Afternoon,baseline,winnie,11.456,0.0,30.650989,30.0,2,100.0,100.0,1.0,0.0
2026-08-31 22:47:13.149829,s1,LOCAL:,0,0,0,0,99,Afternoon,baseline,winnie,11.456,0.0,30.650989,30.0,2,100.0,100.0,1.0,0.0
2026-08-31 22:47:13.149829,s2,1:,80514,226,119786380,24802,99,Afternoon,baseline,winnie,11.456,0.0,30.650989,30.0,2,100.0,100.0,1.0,0.0
2026-08-31 22:47:13.149829,s2,2:,225,80603,24692,119794963,99,Afternoon,baseline,winnie,11.456,0.0,30.650989,30.0,2,100.0,100.0,1.0,0.0
2026-08-31 22:47:13.149829,s2,LOCAL:,0,0,0,0,99,Afternoon,baseline,winnie,11.456,0.0,30.650989,30.0,2,100.0,100.0,1.0,0.0
2026-08-31 22:47:13.149829,s3,1:,103,204,9270,22841,99,Afternoon,baseline,winnie,11.456,0.0,30.650989,30.0,2,100.0,100.0,1.0,0.0
2026-08-31 22:47:13.149829,s3,2:,203,197,22751,22499,99,Afternoon,baseline,winnie,11.456,0.0,30.650989,30.0,2,100.0,100.0,1.0,0.0
2026-08-31 22:47:13.149829,s3,LOCAL:,0,0,0,0,99,Afternoon,baseline,winnie,11.456,0.0,30.650989,30.0,2,100.0,100.0,1.0,0.0
2026-08-31 22:47:13.149829,s4,1:,103,203,9270,22771,99,Afternoon,baseline,winnie,11.456,0.0,30.650989,30.0,2,100.0,100.0,1.0,0.0
2026-08-31 22:47:13.149829,s4,2:,203,197,22751,22499,99,Afternoon,baseline,winnie,11.456,0.0,30.650989,30.0,2,100.0,100.0,1.0,0.0
2026-08-31 22:47:13.149829,s4,LOCAL:,0,0,0,0,99,Afternoon,baseline,winnie,11.456,0.0,30.650989,30.0,2,100.0,100.0,1.0,0.0
2026-08-31 22:47:13.149829,s5,1:,52261,212,77710622,23361,99,Afternoon,baseline,winnie,11.456,0.0,30.650989,30.0,2,100.0,100.0,1.0,0.0
2026-08-31 22:47:13.149829,s5,2:,211,52352,23271,77720781,99,Afternoon,baseline,winnie,11.456,0.0,30.650989,30.0,2,100.0,100.0,1.0,0.0
2026-08-31 22:47:13.149829,s5,LOCAL:,0,0,0,0,99,Afternoon,baseline,winnie,11.456,0.0,30.650989,30.0,2,100.0,100.0,1.0,0.0
2026-08-31 22:47:14.150331,s1,1:,378,145875,35021,216684409,100,Afternoon,baseline,matatiele,13.134,0.0,30.951632,30.0,2,100.0,100.0,1.0,0.0
2026-08-31 22:47:14.150331,s1,2:,87043,233,129379509,25558,100,Afternoon,baseline,matatiele,13.134,0.0,30.951632,30.0,2,100.0,100.0,1.0,0.0
2026-08-31 22:47:14.150331,s1,3:,203,208,23141,23323,100,Afternoon,baseline,matatiele,13.134,0.0,30.951632,30.0,2,100.0,100.0,1.0,0.0
2026-08-31 22:47:14.150331,s1,4:,202,208,23071,23323,100,Afternoon,baseline,matatiele,13.134,0.0,30.951632,30.0,2,100.0,100.0,1.0,0.0
2026-08-31 22:47:14.150331,s1,5:,58790,218,87305075,23955,100,Afternoon,baseline,matatiele,13.134,0.0,30.951632,30.0,2,100.0,100.0,1.0,0.0
2026-08-31 22:47:14.150331,s1,LOCAL:,0,0,0,0,100,Afternoon,baseline,matatiele,13.134,0.0,30.951632,30.0,2,100.0,100.0,1.0,0.0
2026-08-31 22:47:14.150331,s2,1:,86972,234,129400448,25668,100,Afternoon,baseline,matatiele,13.134,0.0,30.951632,30.0,2,100.0,100.0,1.0,0.0
2026-08-31 22:47:14.150331,s2,2:,233,87043,25558,129379509,100,Afternoon,baseline,matatiele,13.134,0.0,30.951632,30.0,2,100.0,100.0,1.0,0.0
2026-08-31 22:47:14.150331,s2,LOCAL:,0,0,0,0,100,Afternoon,baseline,matatiele,13.134,0.0,30.951632,30.0,2,100.0,100.0,1.0,0.0
2026-08-31 22:47:14.150331,s3,1:,107,209,9634,23413,100,Afternoon,baseline,matatiele,13.134,0.0,30.951632,30.0,2,100.0,100.0,1.0,0.0
2026-08-31 22:47:14.150331,s3,2:,208,203,23323,23141,100,Afternoon,baseline,matatiele,13.134,0.0,30.951632,30.0,2,100.0,100.0,1.0,0.0
2026-08-31 22:47:14.150331,s3,LOCAL:,0,0,0,0,100,Afternoon,baseline,matatiele,13.134,0.0,30.951632,30.0,2,100.0,100.0,1.0,0.0
2026-08-31 22:47:14.150331,s4,1:,106,208,9564,23343,100,Afternoon,baseline,matatiele,13.134,0.0,30.951632,30.0,2,100.0,100.0,1.0,0.0
2026-08-31 22:47:14.150331,s4,2:,208,202,23323,23071,100,Afternoon,baseline,matatiele,13.134,0.0,30.951632,30.0,2,100.0,100.0,1.0,0.0
2026-08-31 22:47:14.150331,s4,LOCAL:,0,0,0,0,100,Afternoon,baseline,matatiele,13.134,0.0,30.951632,30.0,2,100.0,100.0,1.0,0.0
2026-08-31 22:47:14.150331,s5,1:,58716,218,87321528,23975,100,Afternoon,baseline,matatiele,13.134,0.0,30.951632,30.0,2,100.0,100.0,1.0,0.0
2026-08-31 22:47:14.150331,s5,2:,218,58790,23955,87305075,100,Afternoon,baseline,matatiele,13.134,0.0,30.951632,30.0,2,100.0,100.0,1.0,0.0
2026-08-31 22:47:14.150331,s5,LOCAL:,0,0,0,0,100,Afternoon,baseline,matatiele,13.134,0.0,30.951632,30.0,2,100.0,100.0,1.0,0.0
2026-08-31 22:47:15.163357,s1,1:,378,145875,35021,216684409,101,Afternoon,baseline,umzimvubu,8.223,0.0,30.919589,30.0,2,100.0,100.0,1.0,0.0
2026-08-31 22:47:15.163357,s1,2:,87043,233,129379509,25558,101,Afternoon,baseline,umzimvubu,8.223,0.0,30.919589,30.0,2,100.0,100.0,1.0,0.0
2026-08-31 22:47:15.163357,s1,3:,203,208,23141,23323,101,Afternoon,baseline,umzimvubu,8.223,0.0,30.919589,30.0,2,100.0,100.0,1.0,0.0
2026-08-31 22:47:15.163357,s1,4:,202,208,23071,23323,101,Afternoon,baseline,umzimvubu,8.223,0.0,30.919589,30.0,2,100.0,100.0,1.0,0.0
2026-08-31 22:47:15.163357,s1,5:,58790,218,87305075,23955,101,Afternoon,baseline,umzimvubu,8.223,0.0,30.919589,30.0,2,100.0,100.0,1.0,0.0
2026-08-31 22:47:15.163357,s1,LOCAL:,0,0,0,0,101,Afternoon,baseline,umzimvubu,8.223,0.0,30.919589,30.0,2,100.0,100.0,1.0,0.0
2026-08-31 22:47:15.163357,s2,1:,86972,234,129400448,25668,101,Afternoon,baseline,umzimvubu,8.223,0.0,30.919589,30.0,2,100.0,100.0,1.0,0.0
2026-08-31 22:47:15.163357,s2,2:,233,87043,25558,129379509,101,Afternoon,baseline,umzimvubu,8.223,0.0,30.919589,30.0,2,100.0,100.0,1.0,0.0
2026-08-31 22:47:15.163357,s2,LOCAL:,0,0,0,0,101,Afternoon,baseline,umzimvubu,8.223,0.0,30.919589,30.0,2,100.0,100.0,1.0,0.0
2026-08-31 22:47:15.163357,s3,1:,107,209,9634,23413,101,Afternoon,baseline,umzimvubu,8.223,0.0,30.919589,30.0,2,100.0,100.0,1.0,0.0
2026-08-31 22:47:15.163357,s3,2:,208,203,23323,23141,101,Afternoon,baseline,umzimvubu,8.223,0.0,30.919589,30.0,2,100.0,100.0,1.0,0.0
2026-08-31 22:47:15.163357,s3,LOCAL:,0,0,0,0,101,Afternoon,baseline,umzimvubu,8.223,0.0,30.919589,30.0,2,100.0,100.0,1.0,0.0
2026-08-31 22:47:15.163357,s4,1:,106,208,9564,23343,101,Afternoon,baseline,umzimvubu,8.223,0.0,30.919589,30.0,2,100.0,100.0,1.0,0.0
2026-08-31 22:47:15.163357,s4,2:,208,202,23323,23071,101,Afternoon,baseline,umzimvubu,8.223,0.0,30.919589,30.0,2,100.0,100.0,1.0,0.0
2026-08-31 22:47:15.163357,s4,LOCAL:,0,0,0,0,101,Afternoon,baseline,umzimvubu,8.223,0.0,30.919589,30.0,2,100.0,100.0,1.0,0.0
2026-08-31 22:47:15.163357,s5,1:,58716,218,87321528,23975,101,Afternoon,baseline,umzimvubu,8.223,0.0,30.919589,30.0,2,100.0,100.0,1.0,0.0
2026-08-31 22:47:15.163357,s5,2:,218,58790,23955,87305075,101,Afternoon,baseline,umzimvubu,8.223,0.0,30.919589,30.0,2,100.0,100.0,1.0,0.0
2026-08-31 22:47:15.163357,s5,LOCAL:,0,0,0,0,101,Afternoon,baseline,umzimvubu,8.223,0.0,30.919589,30.0,2,100.0,100.0,1.0,0.0
2026-08-31 22:47:16.145928,s1,1:,378,145875,35021,216684409,102,Afternoon,baseline,ntabankulu,9.331,0.0,30.88864,30.0,2,100.0,100.0,1.0,0.0
2026-08-31 22:47:16.145928,s1,2:,87043,233,129379509,25558,102,Afternoon,baseline,ntabankulu,9.331,0.0,30.88864,30.0,2,100.0,100.0,1.0,0.0
2026-08-31 22:47:16.145928,s1,3:,203,208,23141,23323,102,Afternoon,baseline,ntabankulu,9.331,0.0,30.88864,30.0,2,100.0,100.0,1.0,0.0
2026-08-31 22:47:16.145928,s1,4:,202,208,23071,23323,102,Afternoon,baseline,ntabankulu,9.331,0.0,30.88864,30.0,2,100.0,100.0,1.0,0.0
2026-08-31 22:47:16.145928,s1,5:,58790,218,87305075,23955,102,Afternoon,baseline,ntabankulu,9.331,0.0,30.88864,30.0,2,100.0,100.0,1.0,0.0
2026-08-31 22:47:16.145928,s1,LOCAL:,0,0,0,0,102,Afternoon,baseline,ntabankulu,9.331,0.0,30.88864,30.0,2,100.0,100.0,1.0,0.0
2026-08-31 22:47:16.145928,s2,1:,86972,234,129400448,25668,102,Afternoon,baseline,ntabankulu,9.331,0.0,30.88864,30.0,2,100.0,100.0,1.0,0.0
2026-08-31 22:47:16.145928,s2,2:,233,87043,25558,129379509,102,Afternoon,baseline,ntabankulu,9.331,0.0,30.88864,30.0,2,100.0,100.0,1.0,0.0
2026-08-31 22:47:16.145928,s2,LOCAL:,0,0,0,0,102,Afternoon,baseline,ntabankulu,9.331,0.0,30.88864,30.0,2,100.0,100.0,1.0,0.0
2026-08-31 22:47:16.145928,s3,1:,107,209,9634,23413,102,Afternoon,baseline,ntabankulu,9.331,0.0,30.88864,30.0,2,100.0,100.0,1.0,0.0
2026-08-31 22:47:16.145928,s3,2:,208,203,23323,23141,102,Afternoon,baseline,ntabankulu,9.331,0.0,30.88864,30.0,2,100.0,100.0,1.0,0.0
2026-08-31 22:47:16.145928,s3,LOCAL:,0,0,0,0,102,Afternoon,baseline,ntabankulu,9.331,0.0,30.88864,30.0,2,100.0,100.0,1.0,0.0
2026-08-31 22:47:16.145928,s4,1:,106,208,9564,23343,102,Afternoon,baseline,ntabankulu,9.331,0.0,30.88864,30.0,2,100.0,100.0,1.0,0.0
2026-08-31 22:47:16.145928,s4,2:,208,202,23323,23071,102,Afternoon,baseline,ntabankulu,9.331,0.0,30.88864,30.0,2,100.0,100.0,1.0,0.0
2026-08-31 22:47:16.145928,s4,LOCAL:,0,0,0,0,102,Afternoon,baseline,ntabankulu,9.331,0.0,30.88864,30.0,2,100.0,100.0,1.0,0.0
2026-08-31 22:47:16.145928,s5,1:,58716,218,87321528,23975,102,Afternoon,baseline,ntabankulu,9.331,0.0,30.88864,30.0,2,100.0,100.0,1.0,0.0
2026-08-31 22:47:16.145928,s5,2:,218,58790,23955,87305075,102,Afternoon,baseline,ntabankulu,9.331,0.0,30.88864,30.0,2,100.0,100.0,1.0,0.0
2026-08-31 22:47:16.145928,s5,LOCAL:,0,0,0,0,102,Afternoon,baseline,ntabankulu,9.331,0.0,30.88864,30.0,2,100.0,100.0,1.0,0.0
2026-08-31 22:47:17.148249,s1,1:,378,145875,35021,216684409,103,Afternoon,baseline,winnie,9.597,0.0,30.956223,30.0,2,100.0,100.0,1.0,0.0
2026-08-31 22:47:17.148249,s1,2:,87043,233,129379509,25558,103,Afternoon,baseline,winnie,9.597,0.0,30.956223,30.0,2,100.0,100.0,1.0,0.0
2026-08-31 22:47:17.148249,s1,3:,203,208,23141,23323,103,Afternoon,baseline,winnie,9.597,0.0,30.956223,30.0,2,100.0,100.0,1.0,0.0
2026-08-31 22:47:17.148249,s1,4:,202,208,23071,23323,103,Afternoon,baseline,winnie,9.597,0.0,30.956223,30.0,2,100.0,100.0,1.0,0.0
2026-08-31 22:47:17.148249,s1,5:,58790,218,87305075,23955,103,Afternoon,baseline,winnie,9.597,0.0,30.956223,30.0,2,100.0,100.0,1.0,0.0
2026-08-31 22:47:17.148249,s1,LOCAL:,0,0,0,0,103,Afternoon,baseline,winnie,9.597,0.0,30.956223,30.0,2,100.0,100.0,1.0,0.0
2026-08-31 22:47:17.148249,s2,1:,86972,234,129400448,25668,103,Afternoon,baseline,winnie,9.597,0.0,30.956223,30.0,2,100.0,100.0,1.0,0.0
2026-08-31 22:47:17.148249,s2,2:,233,87043,25558,129379509,103,Afternoon,baseline,winnie,9.597,0.0,30.956223,30.0,2,100.0,100.0,1.0,0.0
2026-08-31 22:47:17.148249,s2,LOCAL:,0,0,0,0,103,Afternoon,baseline,winnie,9.597,0.0,30.956223,30.0,2,100.0,100.0,1.0,0.0
2026-08-31 22:47:17.148249,s3,1:,107,209,9634,23413,103,Afternoon,baseline,winnie,9.597,0.0,30.956223,30.0,2,100.0,100.0,1.0,0.0
2026-08-31 22:47:17.148249,s3,2:,208,203,23323,23141,103,Afternoon,baseline,winnie,9.597,0.0,30.956223,30.0,2,100.0,100.0,1.0,0.0
2026-08-31 22:47:17.148249,s3,LOCAL:,0,0,0,0,103,Afternoon,baseline,winnie,9.597,0.0,30.956223,30.0,2,100.0,100.0,1.0,0.0
2026-08-31 22:47:17.148249,s4,1:,106,208,9564,23343,103,Afternoon,baseline,winnie,9.597,0.0,30.956223,30.0,2,100.0,100.0,1.0,0.0
2026-08-31 22:47:17.148249,s4,2:,208,202,23323,23071,103,Afternoon,baseline,winnie,9.597,0.0,30.956223,30.0,2,100.0,100.0,1.0,0.0
2026-08-31 22:47:17.148249,s4,LOCAL:,0,0,0,0,103,Afternoon,baseline,winnie,9.597,0.0,30.956223,30.0,2,100.0,100.0,1.0,0.0
2026-08-31 22:47:17.148249,s5,1:,58716,218,87321528,23975,103,Afternoon,baseline,winnie,9.597,0.0,30.956223,30.0,2,100.0,100.0,1.0,0.0
2026-08-31 22:47:17.148249,s5,2:,218,58790,23955,87305075,103,Afternoon,baseline,winnie,9.597,0.0,30.956223,30.0,2,100.0,100.0,1.0,0.0
2026-08-31 22:47:17.148249,s5,LOCAL:,0,0,0,0,103,Afternoon,baseline,winnie,9.597,0.0,30.956223,30.0,2,100.0,100.0,1.0,0.0
2026-08-31 22:47:18.158743,s1,1:,378,145875,35021,216684409,104,Afternoon,baseline,matatiele,21.095,0.0,30.478422,30.0,2,100.0,100.0,1.0,0.0
2026-08-31 22:47:18.158743,s1,2:,87043,233,129379509,25558,104,Afternoon,baseline,matatiele,21.095,0.0,30.478422,30.0,2,100.0,100.0,1.0,0.0
2026-08-31 22:47:18.158743,s1,3:,203,208,23141,23323,104,Afternoon,baseline,matatiele,21.095,0.0,30.478422,30.0,2,100.0,100.0,1.0,0.0
2026-08-31 22:47:18.158743,s1,4:,202,208,23071,23323,104,Afternoon,baseline,matatiele,21.095,0.0,30.478422,30.0,2,100.0,100.0,1.0,0.0
2026-08-31 22:47:18.158743,s1,5:,58790,218,87305075,23955,104,Afternoon,baseline,matatiele,21.095,0.0,30.478422,30.0,2,100.0,100.0,1.0,0.0
2026-08-31 22:47:18.158743,s1,LOCAL:,0,0,0,0,104,Afternoon,baseline,matatiele,21.095,0.0,30.478422,30.0,2,100.0,100.0,1.0,0.0
2026-08-31 22:47:18.158743,s2,1:,86972,234,129400448,25668,104,Afternoon,baseline,matatiele,21.095,0.0,30.478422,30.0,2,100.0,100.0,1.0,0.0
2026-08-31 22:47:18.158743,s2,2:,233,87043,25558,129379509,104,Afternoon,baseline,matatiele,21.095,0.0,30.478422,30.0,2,100.0,100.0,1.0,0.0
2026-08-31 22:47:18.158743,s2,LOCAL:,0,0,0,0,104,Afternoon,baseline,matatiele,21.095,0.0,30.478422,30.0,2,100.0,100.0,1.0,0.0
2026-08-31 22:47:18.158743,s3,1:,107,209,9634,23413,104,Afternoon,baseline,matatiele,21.095,0.0,30.478422,30.0,2,100.0,100.0,1.0,0.0
2026-08-31 22:47:18.158743,s3,2:,208,203,23323,23141,104,Afternoon,baseline,matatiele,21.095,0.0,30.478422,30.0,2,100.0,100.0,1.0,0.0
2026-08-31 22:47:18.158743,s3,LOCAL:,0,0,0,0,104,Afternoon,baseline,matatiele,21.095,0.0,30.478422,30.0,2,100.0,100.0,1.0,0.0
2026-08-31 22:47:18.158743,s4,1:,106,208,9564,23343,104,Afternoon,baseline,matatiele,21.095,0.0,30.478422,30.0,2,100.0,100.0,1.0,0.0
2026-08-31 22:47:18.158743,s4,2:,208,202,23323,23071,104,Afternoon,baseline,matatiele,21.095,0.0,30.478422,30.0,2,100.0,100.0,1.0,0.0
2026-08-31 22:47:18.158743,s4,LOCAL:,0,0,0,0,104,Afternoon,baseline,matatiele,21.095,0.0,30.478422,30.0,2,100.0,100.0,1.0,0.0
2026-08-31 22:47:18.158743,s5,1:,58716,218,87321528,23975,104,Afternoon,baseline,matatiele,21.095,0.0,30.478422,30.0,2,100.0,100.0,1.0,0.0
2026-08-31 22:47:18.158743,s5,2:,218,58790,23955,87305075,104,Afternoon,baseline,matatiele,21.095,0.0,30.478422,30.0,2,100.0,100.0,1.0,0.0
2026-08-31 22:47:18.158743,s5,LOCAL:,0,0,0,0,104,Afternoon,baseline,matatiele,21.095,0.0,30.478422,30.0,2,100.0,100.0,1.0,0.0
2026-08-31 22:47:19.145954,s1,1:,393,158957,36491,236148922,105,Afternoon,baseline,umzimvubu,10.235,0.0,31.233987,30.0,2,100.0,100.0,1.0,0.0
2026-08-31 22:47:19.145954,s1,2:,93584,241,139114636,26515,105,Afternoon,baseline,umzimvubu,10.235,0.0,31.233987,30.0,2,100.0,100.0,1.0,0.0
2026-08-31 22:47:19.145954,s1,3:,214,219,24392,24574,105,Afternoon,baseline,umzimvubu,10.235,0.0,31.233987,30.0,2,100.0,100.0,1.0,0.0
2026-08-31 22:47:19.145954,s1,4:,211,216,24098,24280,105,Afternoon,baseline,umzimvubu,10.235,0.0,31.233987,30.0,2,100.0,100.0,1.0,0.0
2026-08-31 22:47:19.145954,s1,5:,65331,226,97040202,24912,105,Afternoon,baseline,umzimvubu,10.235,0.0,31.233987,30.0,2,100.0,100.0,1.0,0.0
2026-08-31 22:47:19.145954,s1,LOCAL:,0,0,0,0,105,Afternoon,baseline,umzimvubu,10.235,0.0,31.233987,30.0,2,100.0,100.0,1.0,0.0
2026-08-31 22:47:19.145954,s2,1:,93487,242,139103622,26625,105,Afternoon,baseline,umzimvubu,10.235,0.0,31.233987,30.0,2,100.0,100.0,1.0,0.0
2026-08-31 22:47:19.145954,s2,2:,241,93584,26515,139114636,105,Afternoon,baseline,umzimvubu,10.235,0.0,31.233987,30.0,2,100.0,100.0,1.0,0.0
2026-08-31 22:47:19.145954,s2,LOCAL:,0,0,0,0,105,Afternoon,baseline,umzimvubu,10.235,0.0,31.233987,30.0,2,100.0,100.0,1.0,0.0
2026-08-31 22:47:19.145954,s3,1:,113,220,10222,24664,105,Afternoon,baseline,umzimvubu,10.235,0.0,31.233987,30.0,2,100.0,100.0,1.0,0.0
2026-08-31 22:47:19.145954,s3,2:,219,214,24574,24392,105,Afternoon,baseline,umzimvubu,10.235,0.0,31.233987,30.0,2,100.0,100.0,1.0,0.0
2026-08-31 22:47:19.145954,s3,LOCAL:,0,0,0,0,105,Afternoon,baseline,umzimvubu,10.235,0.0,31.233987,30.0,2,100.0,100.0,1.0,0.0
2026-08-31 22:47:19.145954,s4,1:,109,216,9858,24300,105,Afternoon,baseline,umzimvubu,10.235,0.0,31.233987,30.0,2,100.0,100.0,1.0,0.0
2026-08-31 22:47:19.145954,s4,2:,216,211,24280,24098,105,Afternoon,baseline,umzimvubu,10.235,0.0,31.233987,30.0,2,100.0,100.0,1.0,0.0
2026-08-31 22:47:19.145954,s4,LOCAL:,0,0,0,0,105,Afternoon,baseline,umzimvubu,10.235,0.0,31.233987,30.0,2,100.0,100.0,1.0,0.0
2026-08-31 22:47:19.145954,s5,1:,65234,227,97029172,25002,105,Afternoon,baseline,umzimvubu,10.235,0.0,31.233987,30.0,2,100.0,100.0,1.0,0.0
2026-08-31 22:47:19.145954,s5,2:,226,65331,24912,97040202,105,Afternoon,baseline,umzimvubu,10.235,0.0,31.233987,30.0,2,100.0,100.0,1.0,0.0
2026-08-31 22:47:19.145954,s5,LOCAL:,0,0,0,0,105,Afternoon,baseline,umzimvubu,10.235,0.0,31.233987,30.0,2,100.0,100.0,1.0,0.0
2026-08-31 22:47:20.149573,s1,1:,393,158957,36491,236148922,106,Afternoon,baseline,ntabankulu,15.833,0.0,30.807768,30.0,2,100.0,100.0,1.0,0.0
2026-08-31 22:47:20.149573,s1,2:,93584,241,139114636,26515,106,Afternoon,baseline,ntabankulu,15.833,0.0,30.807768,30.0,2,100.0,100.0,1.0,0.0
2026-08-31 22:47:20.149573,s1,3:,214,219,24392,24574,106,Afternoon,baseline,ntabankulu,15.833,0.0,30.807768,30.0,2,100.0,100.0,1.0,0.0
2026-08-31 22:47:20.149573,s1,4:,211,216,24098,24280,106,Afternoon,baseline,ntabankulu,15.833,0.0,30.807768,30.0,2,100.0,100.0,1.0,0.0
2026-08-31 22:47:20.149573,s1,5:,65331,226,97040202,24912,106,Afternoon,baseline,ntabankulu,15.833,0.0,30.807768,30.0,2,100.0,100.0,1.0,0.0
2026-08-31 22:47:20.149573,s1,LOCAL:,0,0,0,0,106,Afternoon,baseline,ntabankulu,15.833,0.0,30.807768,30.0,2,100.0,100.0,1.0,0.0
2026-08-31 22:47:20.149573,s2,1:,93487,242,139103622,26625,106,Afternoon,baseline,ntabankulu,15.833,0.0,30.807768,30.0,2,100.0,100.0,1.0,0.0
2026-08-31 22:47:20.149573,s2,2:,241,93584,26515,139114636,106,Afternoon,baseline,ntabankulu,15.833,0.0,30.807768,30.0,2,100.0,100.0,1.0,0.0
2026-08-31 22:47:20.149573,s2,LOCAL:,0,0,0,0,106,Afternoon,baseline,ntabankulu,15.833,0.0,30.807768,30.0,2,100.0,100.0,1.0,0.0
2026-08-31 22:47:20.149573,s3,1:,113,220,10222,24664,106,Afternoon,baseline,ntabankulu,15.833,0.0,30.807768,30.0,2,100.0,100.0,1.0,0.0
2026-08-31 22:47:20.149573,s3,2:,219,214,24574,24392,106,Afternoon,baseline,ntabankulu,15.833,0.0,30.807768,30.0,2,100.0,100.0,1.0,0.0
2026-08-31 22:47:20.149573,s3,LOCAL:,0,0,0,0,106,Afternoon,baseline,ntabankulu,15.833,0.0,30.807768,30.0,2,100.0,100.0,1.0,0.0
2026-08-31 22:47:20.149573,s4,1:,109,216,9858,24300,106,Afternoon,baseline,ntabankulu,15.833,0.0,30.807768,30.0,2,100.0,100.0,1.0,0.0
2026-08-31 22:47:20.149573,s4,2:,216,211,24280,24098,106,Afternoon,baseline,ntabankulu,15.833,0.0,30.807768,30.0,2,100.0,100.0,1.0,0.0
2026-08-31 22:47:20.149573,s4,LOCAL:,0,0,0,0,106,Afternoon,baseline,ntabankulu,15.833,0.0,30.807768,30.0,2,100.0,100.0,1.0,0.0
2026-08-31 22:47:20.149573,s5,1:,65234,227,97029172,25002,106,Afternoon,baseline,ntabankulu,15.833,0.0,30.807768,30.0,2,100.0,100.0,1.0,0.0
2026-08-31 22:47:20.149573,s5,2:,226,65331,24912,97040202,106,Afternoon,baseline,ntabankulu,15.833,0.0,30.807768,30.0,2,100.0,100.0,1.0,0.0
2026-08-31 22:47:20.149573,s5,LOCAL:,0,0,0,0,106,Afternoon,baseline,ntabankulu,15.833,0.0,30.807768,30.0,2,100.0,100.0,1.0,0.0
2026-08-31 22:47:21.146778,s1,1:,393,158957,36491,236148922,107,Afternoon,baseline,winnie,13.339,0.0,30.941699,30.0,2,100.0,100.0,1.0,0.0
2026-08-31 22:47:21.146778,s1,2:,93584,241,139114636,26515,107,Afternoon,baseline,winnie,13.339,0.0,30.941699,30.0,2,100.0,100.0,1.0,0.0
2026-08-31 22:47:21.146778,s1,3:,214,219,24392,24574,107,Afternoon,baseline,winnie,13.339,0.0,30.941699,30.0,2,100.0,100.0,1.0,0.0
2026-08-31 22:47:21.146778,s1,4:,211,216,24098,24280,107,Afternoon,baseline,winnie,13.339,0.0,30.941699,30.0,2,100.0,100.0,1.0,0.0
2026-08-31 22:47:21.146778,s1,5:,65331,226,97040202,24912,107,Afternoon,baseline,winnie,13.339,0.0,30.941699,30.0,2,100.0,100.0,1.0,0.0
2026-08-31 22:47:21.146778,s1,LOCAL:,0,0,0,0,107,Afternoon,baseline,winnie,13.339,0.0,30.941699,30.0,2,100.0,100.0,1.0,0.0
2026-08-31 22:47:21.146778,s2,1:,93487,242,139103622,26625,107,Afternoon,baseline,winnie,13.339,0.0,30.941699,30.0,2,100.0,100.0,1.0,0.0
2026-08-31 22:47:21.146778,s2,2:,241,93584,26515,139114636,107,Afternoon,baseline,winnie,13.339,0.0,30.941699,30.0,2,100.0,100.0,1.0,0.0
2026-08-31 22:47:21.146778,s2,LOCAL:,0,0,0,0,107,Afternoon,baseline,winnie,13.339,0.0,30.941699,30.0,2,100.0,100.0,1.0,0.0
2026-08-31 22:47:21.146778,s3,1:,113,220,10222,24664,107,Afternoon,baseline,winnie,13.339,0.0,30.941699,30.0,2,100.0,100.0,1.0,0.0
2026-08-31 22:47:21.146778,s3,2:,219,214,24574,24392,107,Afternoon,baseline,winnie,13.339,0.0,30.941699,30.0,2,100.0,100.0,1.0,0.0
2026-08-31 22:47:21.146778,s3,LOCAL:,0,0,0,0,107,Afternoon,baseline,winnie,13.339,0.0,30.941699,30.0,2,100.0,100.0,1.0,0.0
2026-08-31 22:47:21.146778,s4,1:,109,216,9858,24300,107,Afternoon,baseline,winnie,13.339,0.0,30.941699,30.0,2,100.0,100.0,1.0,0.0
2026-08-31 22:47:21.146778,s4,2:,216,211,24280,24098,107,Afternoon,baseline,winnie,13.339,0.0,30.941699,30.0,2,100.0,100.0,1.0,0.0
2026-08-31 22:47:21.146778,s4,LOCAL:,0,0,0,0,107,Afternoon,baseline,winnie,13.339,0.0,30.941699,30.0,2,100.0,100.0,1.0,0.0
2026-08-31 22:47:21.146778,s5,1:,65234,227,97029172,25002,107,Afternoon,baseline,winnie,13.339,0.0,30.941699,30.0,2,100.0,100.0,1.0,0.0
2026-08-31 22:47:21.146778,s5,2:,226,65331,24912,97040202,107,Afternoon,baseline,winnie,13.339,0.0,30.941699,30.0,2,100.0,100.0,1.0,0.0
2026-08-31 22:47:21.146778,s5,LOCAL:,0,0,0,0,107,Afternoon,baseline,winnie,13.339,0.0,30.941699,30.0,2,100.0,100.0,1.0,0.0
2026-08-31 22:47:22.149231,s1,1:,393,158957,36491,236148922,108,Afternoon,baseline,matatiele,10.803,0.0,30.54728,30.0,2,100.0,100.0,1.0,0.0
2026-08-31 22:47:22.149231,s1,2:,93584,241,139114636,26515,108,Afternoon,baseline,matatiele,10.803,0.0,30.54728,30.0,2,100.0,100.0,1.0,0.0
2026-08-31 22:47:22.149231,s1,3:,214,219,24392,24574,108,Afternoon,baseline,matatiele,10.803,0.0,30.54728,30.0,2,100.0,100.0,1.0,0.0
2026-08-31 22:47:22.149231,s1,4:,211,216,24098,24280,108,Afternoon,baseline,matatiele,10.803,0.0,30.54728,30.0,2,100.0,100.0,1.0,0.0
2026-08-31 22:47:22.149231,s1,5:,65331,226,97040202,24912,108,Afternoon,baseline,matatiele,10.803,0.0,30.54728,30.0,2,100.0,100.0,1.0,0.0
2026-08-31 22:47:22.149231,s1,LOCAL:,0,0,0,0,108,Afternoon,baseline,matatiele,10.803,0.0,30.54728,30.0,2,100.0,100.0,1.0,0.0
2026-08-31 22:47:22.149231,s2,1:,93487,242,139103622,26625,108,Afternoon,baseline,matatiele,10.803,0.0,30.54728,30.0,2,100.0,100.0,1.0,0.0
2026-08-31 22:47:22.149231,s2,2:,241,93584,26515,139114636,108,Afternoon,baseline,matatiele,10.803,0.0,30.54728,30.0,2,100.0,100.0,1.0,0.0
2026-08-31 22:47:22.149231,s2,LOCAL:,0,0,0,0,108,Afternoon,baseline,matatiele,10.803,0.0,30.54728,30.0,2,100.0,100.0,1.0,0.0
2026-08-31 22:47:22.149231,s3,1:,113,220,10222,24664,108,Afternoon,baseline,matatiele,10.803,0.0,30.54728,30.0,2,100.0,100.0,1.0,0.0
2026-08-31 22:47:22.149231,s3,2:,219,214,24574,24392,108,Afternoon,baseline,matatiele,10.803,0.0,30.54728,30.0,2,100.0,100.0,1.0,0.0
2026-08-31 22:47:22.149231,s3,LOCAL:,0,0,0,0,108,Afternoon,baseline,matatiele,10.803,0.0,30.54728,30.0,2,100.0,100.0,1.0,0.0
2026-08-31 22:47:22.149231,s4,1:,109,216,9858,24300,108,Afternoon,baseline,matatiele,10.803,0.0,30.54728,30.0,2,100.0,100.0,1.0,0.0
2026-08-31 22:47:22.149231,s4,2:,216,211,24280,24098,108,Afternoon,baseline,matatiele,10.803,0.0,30.54728,30.0,2,100.0,100.0,1.0,0.0
2026-08-31 22:47:22.149231,s4,LOCAL:,0,0,0,0,108,Afternoon,baseline,matatiele,10.803,0.0,30.54728,30.0,2,100.0,100.0,1.0,0.0
2026-08-31 22:47:22.149231,s5,1:,65234,227,97029172,25002,108,Afternoon,baseline,matatiele,10.803,0.0,30.54728,30.0,2,100.0,100.0,1.0,0.0
2026-08-31 22:47:22.149231,s5,2:,226,65331,24912,97040202,108,Afternoon,baseline,matatiele,10.803,0.0,30.54728,30.0,2,100.0,100.0,1.0,0.0
2026-08-31 22:47:22.149231,s5,LOCAL:,0,0,0,0,108,Afternoon,baseline,matatiele,10.803,0.0,30.54728,30.0,2,100.0,100.0,1.0,0.0
2026-08-31 22:47:23.144351,s1,1:,393,158957,36491,236148922,109,Afternoon,baseline,umzimvubu,10.414,0.0,31.139511,30.0,2,100.0,100.0,1.0,0.0
2026-08-31 22:47:23.144351,s1,2:,93584,241,139114636,26515,109,Afternoon,baseline,umzimvubu,10.414,0.0,31.139511,30.0,2,100.0,100.0,1.0,0.0
2026-08-31 22:47:23.144351,s1,3:,214,219,24392,24574,109,Afternoon,baseline,umzimvubu,10.414,0.0,31.139511,30.0,2,100.0,100.0,1.0,0.0
2026-08-31 22:47:23.144351,s1,4:,211,216,24098,24280,109,Afternoon,baseline,umzimvubu,10.414,0.0,31.139511,30.0,2,100.0,100.0,1.0,0.0
2026-08-31 22:47:23.144351,s1,5:,65331,226,97040202,24912,109,Afternoon,baseline,umzimvubu,10.414,0.0,31.139511,30.0,2,100.0,100.0,1.0,0.0
2026-08-31 22:47:23.144351,s1,LOCAL:,0,0,0,0,109,Afternoon,baseline,umzimvubu,10.414,0.0,31.139511,30.0,2,100.0,100.0,1.0,0.0
2026-08-31 22:47:23.144351,s2,1:,93487,242,139103622,26625,109,Afternoon,baseline,umzimvubu,10.414,0.0,31.139511,30.0,2,100.0,100.0,1.0,0.0
2026-08-31 22:47:23.144351,s2,2:,241,93584,26515,139114636,109,Afternoon,baseline,umzimvubu,10.414,0.0,31.139511,30.0,2,100.0,100.0,1.0,0.0
2026-08-31 22:47:23.144351,s2,LOCAL:,0,0,0,0,109,Afternoon,baseline,umzimvubu,10.414,0.0,31.139511,30.0,2,100.0,100.0,1.0,0.0
2026-08-31 22:47:23.144351,s3,1:,113,220,10222,24664,109,Afternoon,baseline,umzimvubu,10.414,0.0,31.139511,30.0,2,100.0,100.0,1.0,0.0
2026-08-31 22:47:23.144351,s3,2:,219,214,24574,24392,109,Afternoon,baseline,umzimvubu,10.414,0.0,31.139511,30.0,2,100.0,100.0,1.0,0.0
2026-08-31 22:47:23.144351,s3,LOCAL:,0,0,0,0,109,Afternoon,baseline,umzimvubu,10.414,0.0,31.139511,30.0,2,100.0,100.0,1.0,0.0
2026-08-31 22:47:23.144351,s4,1:,109,216,9858,24300,109,Afternoon,baseline,umzimvubu,10.414,0.0,31.139511,30.0,2,100.0,100.0,1.0,0.0
2026-08-31 22:47:23.144351,s4,2:,216,211,24280,24098,109,Afternoon,baseline,umzimvubu,10.414,0.0,31.139511,30.0,2,100.0,100.0,1.0,0.0
2026-08-31 22:47:23.144351,s4,LOCAL:,0,0,0,0,109,Afternoon,baseline,umzimvubu,10.414,0.0,31.139511,30.0,2,100.0,100.0,1.0,0.0
2026-08-31 22:47:23.144351,s5,1:,65234,227,97029172,25002,109,Afternoon,baseline,umzimvubu,10.414,0.0,31.139511,30.0,2,100.0,100.0,1.0,0.0
2026-08-31 22:47:23.144351,s5,2:,226,65331,24912,97040202,109,Afternoon,baseline,umzimvubu,10.414,0.0,31.139511,30.0,2,100.0,100.0,1.0,0.0
2026-08-31 22:47:23.144351,s5,LOCAL:,0,0,0,0,109,Afternoon,baseline,umzimvubu,10.414,0.0,31.139511,30.0,2,100.0,100.0,1.0,0.0
2026-08-31 22:47:24.162437,s1,1:,411,171934,38087,255454024,110,Afternoon,baseline,ntabankulu,14.383,0.0,30.498454,30.0,2,100.0,100.0,1.0,0.0
2026-08-31 22:47:24.162437,s1,2:,100069,249,148766258,27407,110,Afternoon,baseline,ntabankulu,14.383,0.0,30.498454,30.0,2,100.0,100.0,1.0,0.0
2026-08-31 22:47:24.162437,s1,3:,222,228,25284,25536,110,Afternoon,baseline,ntabankulu,14.383,0.0,30.498454,30.0,2,100.0,100.0,1.0,0.0
2026-08-31 22:47:24.162437,s1,4:,222,227,25284,25466,110,Afternoon,baseline,ntabankulu,14.383,0.0,30.498454,30.0,2,100.0,100.0,1.0,0.0
2026-08-31 22:47:24.162437,s1,5:,71819,233,106696322,25762,110,Afternoon,baseline,ntabankulu,14.383,0.0,30.498454,30.0,2,100.0,100.0,1.0,0.0
2026-08-31 22:47:24.162437,s1,LOCAL:,0,0,0,0,110,Afternoon,baseline,ntabankulu,14.383,0.0,30.498454,30.0,2,100.0,100.0,1.0,0.0
2026-08-31 22:47:24.162437,s2,1:,99968,251,148754688,27587,110,Afternoon,baseline,ntabankulu,14.383,0.0,30.498454,30.0,2,100.0,100.0,1.0,0.0
2026-08-31 22:47:24.162437,s2,2:,249,100069,27407,148766258,110,Afternoon,baseline,ntabankulu,14.383,0.0,30.498454,30.0,2,100.0,100.0,1.0,0.0
2026-08-31 22:47:24.162437,s2,LOCAL:,0,0,0,0,110,Afternoon,baseline,ntabankulu,14.383,0.0,30.498454,30.0,2,100.0,100.0,1.0,0.0
2026-08-31 22:47:24.162437,s3,1:,117,228,10558,25556,110,Afternoon,baseline,ntabankulu,14.383,0.0,30.498454,30.0,2,100.0,100.0,1.0,0.0
2026-08-31 22:47:24.162437,s3,2:,228,222,25536,25284,110,Afternoon,baseline,ntabankulu,14.383,0.0,30.498454,30.0,2,100.0,100.0,1.0,0.0
2026-08-31 22:47:24.162437,s3,LOCAL:,0,0,0,0,110,Afternoon,baseline,ntabankulu,14.383,0.0,30.498454,30.0,2,100.0,100.0,1.0,0.0
2026-08-31 22:47:24.162437,s4,1:,116,228,10488,25556,110,Afternoon,baseline,ntabankulu,14.383,0.0,30.498454,30.0,2,100.0,100.0,1.0,0.0
2026-08-31 22:47:24.162437,s4,2:,227,222,25466,25284,110,Afternoon,baseline,ntabankulu,14.383,0.0,30.498454,30.0,2,100.0,100.0,1.0,0.0
2026-08-31 22:47:24.162437,s4,LOCAL:,0,0,0,0,110,Afternoon,baseline,ntabankulu,14.383,0.0,30.498454,30.0,2,100.0,100.0,1.0,0.0
2026-08-31 22:47:24.162437,s5,1:,71716,234,106683176,25852,110,Afternoon,baseline,ntabankulu,14.383,0.0,30.498454,30.0,2,100.0,100.0,1.0,0.0
2026-08-31 22:47:24.162437,s5,2:,233,71819,25762,106696322,110,Afternoon,baseline,ntabankulu,14.383,0.0,30.498454,30.0,2,100.0,100.0,1.0,0.0
2026-08-31 22:47:24.162437,s5,LOCAL:,0,0,0,0,110,Afternoon,baseline,ntabankulu,14.383,0.0,30.498454,30.0,2,100.0,100.0,1.0,0.0
2026-08-31 22:47:25.145360,s1,1:,411,171934,38087,255454024,111,Afternoon,baseline,winnie,16.054,0.0,31.292193,30.0,2,100.0,100.0,1.0,0.0
2026-08-31 22:47:25.145360,s1,2:,100069,249,148766258,27407,111,Afternoon,baseline,winnie,16.054,0.0,31.292193,30.0,2,100.0,100.0,1.0,0.0
2026-08-31 22:47:25.145360,s1,3:,222,228,25284,25536,111,Afternoon,baseline,winnie,16.054,0.0,31.292193,30.0,2,100.0,100.0,1.0,0.0
2026-08-31 22:47:25.145360,s1,4:,222,227,25284,25466,111,Afternoon,baseline,winnie,16.054,0.0,31.292193,30.0,2,100.0,100.0,1.0,0.0
2026-08-31 22:47:25.145360,s1,5:,71819,233,106696322,25762,111,Afternoon,baseline,winnie,16.054,0.0,31.292193,30.0,2,100.0,100.0,1.0,0.0
2026-08-31 22:47:25.145360,s1,LOCAL:,0,0,0,0,111,Afternoon,baseline,winnie,16.054,0.0,31.292193,30.0,2,100.0,100.0,1.0,0.0
2026-08-31 22:47:25.145360,s2,1:,99968,251,148754688,27587,111,Afternoon,baseline,winnie,16.054,0.0,31.292193,30.0,2,100.0,100.0,1.0,0.0
2026-08-31 22:47:25.145360,s2,2:,249,100069,27407,148766258,111,Afternoon,baseline,winnie,16.054,0.0,31.292193,30.0,2,100.0,100.0,1.0,0.0
2026-08-31 22:47:25.145360,s2,LOCAL:,0,0,0,0,111,Afternoon,baseline,winnie,16.054,0.0,31.292193,30.0,2,100.0,100.0,1.0,0.0
2026-08-31 22:47:25.145360,s3,1:,117,228,10558,25556,111,Afternoon,baseline,winnie,16.054,0.0,31.292193,30.0,2,100.0,100.0,1.0,0.0
2026-08-31 22:47:25.145360,s3,2:,228,222,25536,25284,111,Afternoon,baseline,winnie,16.054,0.0,31.292193,30.0,2,100.0,100.0,1.0,0.0
2026-08-31 22:47:25.145360,s3,LOCAL:,0,0,0,0,111,Afternoon,baseline,winnie,16.054,0.0,31.292193,30.0,2,100.0,100.0,1.0,0.0
2026-08-31 22:47:25.145360,s4,1:,116,228,10488,25556,111,Afternoon,baseline,winnie,16.054,0.0,31.292193,30.0,2,100.0,100.0,1.0,0.0
2026-08-31 22:47:25.145360,s4,2:,227,222,25466,25284,111,Afternoon,baseline,winnie,16.054,0.0,31.292193,30.0,2,100.0,100.0,1.0,0.0
2026-08-31 22:47:25.145360,s4,LOCAL:,0,0,0,0,111,Afternoon,baseline,winnie,16.054,0.0,31.292193,30.0,2,100.0,100.0,1.0,0.0
2026-08-31 22:47:25.145360,s5,1:,71716,234,106683176,25852,111,Afternoon,baseline,winnie,16.054,0.0,31.292193,30.0,2,100.0,100.0,1.0,0.0
2026-08-31 22:47:25.145360,s5,2:,233,71819,25762,106696322,111,Afternoon,baseline,winnie,16.054,0.0,31.292193,30.0,2,100.0,100.0,1.0,0.0
2026-08-31 22:47:25.145360,s5,LOCAL:,0,0,0,0,111,Afternoon,baseline,winnie,16.054,0.0,31.292193,30.0,2,100.0,100.0,1.0,0.0
2026-08-31 22:47:26.146068,s1,1:,411,171934,38087,255454024,112,Afternoon,baseline,matatiele,14.452,0.0,30.857511,30.0,2,100.0,100.0,1.0,0.0
2026-08-31 22:47:26.146068,s1,2:,100069,249,148766258,27407,112,Afternoon,baseline,matatiele,14.452,0.0,30.857511,30.0,2,100.0,100.0,1.0,0.0
2026-08-31 22:47:26.146068,s1,3:,222,228,25284,25536,112,Afternoon,baseline,matatiele,14.452,0.0,30.857511,30.0,2,100.0,100.0,1.0,0.0
2026-08-31 22:47:26.146068,s1,4:,222,227,25284,25466,112,Afternoon,baseline,matatiele,14.452,0.0,30.857511,30.0,2,100.0,100.0,1.0,0.0
2026-08-31 22:47:26.146068,s1,5:,71819,233,106696322,25762,112,Afternoon,baseline,matatiele,14.452,0.0,30.857511,30.0,2,100.0,100.0,1.0,0.0
2026-08-31 22:47:26.146068,s1,LOCAL:,0,0,0,0,112,Afternoon,baseline,matatiele,14.452,0.0,30.857511,30.0,2,100.0,100.0,1.0,0.0
2026-08-31 22:47:26.146068,s2,1:,99968,251,148754688,27587,112,Afternoon,baseline,matatiele,14.452,0.0,30.857511,30.0,2,100.0,100.0,1.0,0.0
2026-08-31 22:47:26.146068,s2,2:,249,100069,27407,148766258,112,Afternoon,baseline,matatiele,14.452,0.0,30.857511,30.0,2,100.0,100.0,1.0,0.0
2026-08-31 22:47:26.146068,s2,LOCAL:,0,0,0,0,112,Afternoon,baseline,matatiele,14.452,0.0,30.857511,30.0,2,100.0,100.0,1.0,0.0
2026-08-31 22:47:26.146068,s3,1:,117,228,10558,25556,112,Afternoon,baseline,matatiele,14.452,0.0,30.857511,30.0,2,100.0,100.0,1.0,0.0
2026-08-31 22:47:26.146068,s3,2:,228,222,25536,25284,112,Afternoon,baseline,matatiele,14.452,0.0,30.857511,30.0,2,100.0,100.0,1.0,0.0
2026-08-31 22:47:26.146068,s3,LOCAL:,0,0,0,0,112,Afternoon,baseline,matatiele,14.452,0.0,30.857511,30.0,2,100.0,100.0,1.0,0.0
2026-08-31 22:47:26.146068,s4,1:,116,228,10488,25556,112,Afternoon,baseline,matatiele,14.452,0.0,30.857511,30.0,2,100.0,100.0,1.0,0.0
2026-08-31 22:47:26.146068,s4,2:,227,222,25466,25284,112,Afternoon,baseline,matatiele,14.452,0.0,30.857511,30.0,2,100.0,100.0,1.0,0.0
2026-08-31 22:47:26.146068,s4,LOCAL:,0,0,0,0,112,Afternoon,baseline,matatiele,14.452,0.0,30.857511,30.0,2,100.0,100.0,1.0,0.0
2026-08-31 22:47:26.146068,s5,1:,71716,234,106683176,25852,112,Afternoon,baseline,matatiele,14.452,0.0,30.857511,30.0,2,100.0,100.0,1.0,0.0
2026-08-31 22:47:26.146068,s5,2:,233,71819,25762,106696322,112,Afternoon,baseline,matatiele,14.452,0.0,30.857511,30.0,2,100.0,100.0,1.0,0.0
2026-08-31 22:47:26.146068,s5,LOCAL:,0,0,0,0,112,Afternoon,baseline,matatiele,14.452,0.0,30.857511,30.0,2,100.0,100.0,1.0,0.0
2026-08-31 22:47:27.145648,s1,1:,411,171934,38087,255454024,113,Afternoon,baseline,umzimvubu,12.775,0.0,30.912412,30.0,2,100.0,100.0,1.0,0.0
2026-08-31 22:47:27.145648,s1,2:,100069,249,148766258,27407,113,Afternoon,baseline,umzimvubu,12.775,0.0,30.912412,30.0,2,100.0,100.0,1.0,0.0
2026-08-31 22:47:27.145648,s1,3:,222,228,25284,25536,113,Afternoon,baseline,umzimvubu,12.775,0.0,30.912412,30.0,2,100.0,100.0,1.0,0.0
2026-08-31 22:47:27.145648,s1,4:,222,227,25284,25466,113,Afternoon,baseline,umzimvubu,12.775,0.0,30.912412,30.0,2,100.0,100.0,1.0,0.0
2026-08-31 22:47:27.145648,s1,5:,71819,233,106696322,25762,113,Afternoon,baseline,umzimvubu,12.775,0.0,30.912412,30.0,2,100.0,100.0,1.0,0.0
2026-08-31 22:47:27.145648,s1,LOCAL:,0,0,0,0,113,Afternoon,baseline,umzimvubu,12.775,0.0,30.912412,30.0,2,100.0,100.0,1.0,0.0
2026-08-31 22:47:27.145648,s2,1:,99968,251,148754688,27587,113,Afternoon,baseline,umzimvubu,12.775,0.0,30.912412,30.0,2,100.0,100.0,1.0,0.0
2026-08-31 22:47:27.145648,s2,2:,249,100069,27407,148766258,113,Afternoon,baseline,umzimvubu,12.775,0.0,30.912412,30.0,2,100.0,100.0,1.0,0.0
2026-08-31 22:47:27.145648,s2,LOCAL:,0,0,0,0,113,Afternoon,baseline,umzimvubu,12.775,0.0,30.912412,30.0,2,100.0,100.0,1.0,0.0
2026-08-31 22:47:27.145648,s3,1:,117,228,10558,25556,113,Afternoon,baseline,umzimvubu,12.775,0.0,30.912412,30.0,2,100.0,100.0,1.0,0.0
2026-08-31 22:47:27.145648,s3,2:,228,222,25536,25284,113,Afternoon,baseline,umzimvubu,12.775,0.0,30.912412,30.0,2,100.0,100.0,1.0,0.0
2026-08-31 22:47:27.145648,s3,LOCAL:,0,0,0,0,113,Afternoon,baseline,umzimvubu,12.775,0.0,30.912412,30.0,2,100.0,100.0,1.0,0.0
2026-08-31 22:47:27.145648,s4,1:,116,228,10488,25556,113,Afternoon,baseline,umzimvubu,12.775,0.0,30.912412,30.0,2,100.0,100.0,1.0,0.0
2026-08-31 22:47:27.145648,s4,2:,227,222,25466,25284,113,Afternoon,baseline,umzimvubu,12.775,0.0,30.912412,30.0,2,100.0,100.0,1.0,0.0
2026-08-31 22:47:27.145648,s4,LOCAL:,0,0,0,0,113,Afternoon,baseline,umzimvubu,12.775,0.0,30.912412,30.0,2,100.0,100.0,1.0,0.0
2026-08-31 22:47:27.145648,s5,1:,71716,234,106683176,25852,113,Afternoon,baseline,umzimvubu,12.775,0.0,30.912412,30.0,2,100.0,100.0,1.0,0.0
2026-08-31 22:47:27.145648,s5,2:,233,71819,25762,106696322,113,Afternoon,baseline,umzimvubu,12.775,0.0,30.912412,30.0,2,100.0,100.0,1.0,0.0
2026-08-31 22:47:27.145648,s5,LOCAL:,0,0,0,0,113,Afternoon,baseline,umzimvubu,12.775,0.0,30.912412,30.0,2,100.0,100.0,1.0,0.0
2026-08-31 22:47:28.148958,s1,1:,411,171934,38087,255454024,114,Afternoon,baseline,ntabankulu,14.226,0.0,30.896481,30.0,2,100.0,100.0,1.0,0.0
2026-08-31 22:47:28.148958,s1,2:,100069,249,148766258,27407,114,Afternoon,baseline,ntabankulu,14.226,0.0,30.896481,30.0,2,100.0,100.0,1.0,0.0
2026-08-31 22:47:28.148958,s1,3:,222,228,25284,25536,114,Afternoon,baseline,ntabankulu,14.226,0.0,30.896481,30.0,2,100.0,100.0,1.0,0.0
2026-08-31 22:47:28.148958,s1,4:,222,227,25284,25466,114,Afternoon,baseline,ntabankulu,14.226,0.0,30.896481,30.0,2,100.0,100.0,1.0,0.0
2026-08-31 22:47:28.148958,s1,5:,71819,233,106696322,25762,114,Afternoon,baseline,ntabankulu,14.226,0.0,30.896481,30.0,2,100.0,100.0,1.0,0.0
2026-08-31 22:47:28.148958,s1,LOCAL:,0,0,0,0,114,Afternoon,baseline,ntabankulu,14.226,0.0,30.896481,30.0,2,100.0,100.0,1.0,0.0
2026-08-31 22:47:28.148958,s2,1:,99968,251,148754688,27587,114,Afternoon,baseline,ntabankulu,14.226,0.0,30.896481,30.0,2,100.0,100.0,1.0,0.0
2026-08-31 22:47:28.148958,s2,2:,249,100069,27407,148766258,114,Afternoon,baseline,ntabankulu,14.226,0.0,30.896481,30.0,2,100.0,100.0,1.0,0.0
2026-08-31 22:47:28.148958,s2,LOCAL:,0,0,0,0,114,Afternoon,baseline,ntabankulu,14.226,0.0,30.896481,30.0,2,100.0,100.0,1.0,0.0
2026-08-31 22:47:28.148958,s3,1:,117,228,10558,25556,114,Afternoon,baseline,ntabankulu,14.226,0.0,30.896481,30.0,2,100.0,100.0,1.0,0.0
2026-08-31 22:47:28.148958,s3,2:,228,222,25536,25284,114,Afternoon,baseline,ntabankulu,14.226,0.0,30.896481,30.0,2,100.0,100.0,1.0,0.0
2026-08-31 22:47:28.148958,s3,LOCAL:,0,0,0,0,114,Afternoon,baseline,ntabankulu,14.226,0.0,30.896481,30.0,2,100.0,100.0,1.0,0.0
2026-08-31 22:47:28.148958,s4,1:,116,228,10488,25556,114,Afternoon,baseline,ntabankulu,14.226,0.0,30.896481,30.0,2,100.0,100.0,1.0,0.0
2026-08-31 22:47:28.148958,s4,2:,227,222,25466,25284,114,Afternoon,baseline,ntabankulu,14.226,0.0,30.896481,30.0,2,100.0,100.0,1.0,0.0
2026-08-31 22:47:28.148958,s4,LOCAL:,0,0,0,0,114,Afternoon,baseline,ntabankulu,14.226,0.0,30.896481,30.0,2,100.0,100.0,1.0,0.0
2026-08-31 22:47:28.148958,s5,1:,71716,234,106683176,25852,114,Afternoon,baseline,ntabankulu,14.226,0.0,30.896481,30.0,2,100.0,100.0,1.0,0.0
2026-08-31 22:47:28.148958,s5,2:,233,71819,25762,106696322,114,Afternoon,baseline,ntabankulu,14.226,0.0,30.896481,30.0,2,100.0,100.0,1.0,0.0
2026-08-31 22:47:28.148958,s5,LOCAL:,0,0,0,0,114,Afternoon,baseline,ntabankulu,14.226,0.0,30.896481,30.0,2,100.0,100.0,1.0,0.0
2026-08-31 22:47:29.145109,s1,1:,427,184909,39599,274761744,115,Afternoon,baseline,winnie,10.372,0.0,30.812982,30.0,2,100.0,100.0,1.0,0.0
2026-08-31 22:47:29.145109,s1,2:,106552,254,158419050,27979,115,Afternoon,baseline,winnie,10.372,0.0,30.812982,30.0,2,100.0,100.0,1.0,0.0
2026-08-31 22:47:29.145109,s1,3:,228,234,25898,26150,115,Afternoon,baseline,winnie,10.372,0.0,30.812982,30.0,2,100.0,100.0,1.0,0.0
2026-08-31 22:47:29.145109,s1,4:,227,232,25856,26038,115,Afternoon,baseline,winnie,10.372,0.0,30.812982,30.0,2,100.0,100.0,1.0,0.0
2026-08-31 22:47:29.145109,s1,5:,78303,241,116346428,26628,115,Afternoon,baseline,winnie,10.372,0.0,30.812982,30.0,2,100.0,100.0,1.0,0.0
2026-08-31 22:47:29.145109,s1,LOCAL:,0,0,0,0,115,Afternoon,baseline,winnie,10.372,0.0,30.812982,30.0,2,100.0,100.0,1.0,0.0
2026-08-31 22:47:29.145109,s2,1:,106450,256,158408692,28159,115,Afternoon,baseline,winnie,10.372,0.0,30.812982,30.0,2,100.0,100.0,1.0,0.0
2026-08-31 22:47:29.145109,s2,2:,254,106552,27979,158419050,115,Afternoon,baseline,winnie,10.372,0.0,30.812982,30.0,2,100.0,100.0,1.0,0.0
2026-08-31 22:47:29.145109,s2,LOCAL:,0,0,0,0,115,Afternoon,baseline,winnie,10.372,0.0,30.812982,30.0,2,100.0,100.0,1.0,0.0
2026-08-31 22:47:29.145109,s3,1:,121,235,10894,26240,115,Afternoon,baseline,winnie,10.372,0.0,30.812982,30.0,2,100.0,100.0,1.0,0.0
2026-08-31 22:47:29.145109,s3,2:,234,228,26150,25898,115,Afternoon,baseline,winnie,10.372,0.0,30.812982,30.0,2,100.0,100.0,1.0,0.0
2026-08-31 22:47:29.145109,s3,LOCAL:,0,0,0,0,115,Afternoon,baseline,winnie,10.372,0.0,30.812982,30.0,2,100.0,100.0,1.0,0.0
2026-08-31 22:47:29.145109,s4,1:,119,233,10782,26128,115,Afternoon,baseline,winnie,10.372,0.0,30.812982,30.0,2,100.0,100.0,1.0,0.0
2026-08-31 22:47:29.145109,s4,2:,232,227,26038,25856,115,Afternoon,baseline,winnie,10.372,0.0,30.812982,30.0,2,100.0,100.0,1.0,0.0
2026-08-31 22:47:29.145109,s4,LOCAL:,0,0,0,0,115,Afternoon,baseline,winnie,10.372,0.0,30.812982,30.0,2,100.0,100.0,1.0,0.0
2026-08-31 22:47:29.145109,s5,1:,78199,242,116334494,26718,115,Afternoon,baseline,winnie,10.372,0.0,30.812982,30.0,2,100.0,100.0,1.0,0.0
2026-08-31 22:47:29.145109,s5,2:,241,78303,26628,116346428,115,Afternoon,baseline,winnie,10.372,0.0,30.812982,30.0,2,100.0,100.0,1.0,0.0
2026-08-31 22:47:29.145109,s5,LOCAL:,0,0,0,0,115,Afternoon,baseline,winnie,10.372,0.0,30.812982,30.0,2,100.0,100.0,1.0,0.0
2026-08-31 22:47:30.144964,s1,1:,427,184909,39599,274761744,116,Afternoon,baseline,matatiele,12.791,0.0,30.852034,30.0,2,100.0,100.0,1.0,0.0
2026-08-31 22:47:30.144964,s1,2:,106552,254,158419050,27979,116,Afternoon,baseline,matatiele,12.791,0.0,30.852034,30.0,2,100.0,100.0,1.0,0.0
2026-08-31 22:47:30.144964,s1,3:,228,234,25898,26150,116,Afternoon,baseline,matatiele,12.791,0.0,30.852034,30.0,2,100.0,100.0,1.0,0.0
2026-08-31 22:47:30.144964,s1,4:,227,232,25856,26038,116,Afternoon,baseline,matatiele,12.791,0.0,30.852034,30.0,2,100.0,100.0,1.0,0.0
2026-08-31 22:47:30.144964,s1,5:,78303,241,116346428,26628,116,Afternoon,baseline,matatiele,12.791,0.0,30.852034,30.0,2,100.0,100.0,1.0,0.0
2026-08-31 22:47:30.144964,s1,LOCAL:,0,0,0,0,116,Afternoon,baseline,matatiele,12.791,0.0,30.852034,30.0,2,100.0,100.0,1.0,0.0
2026-08-31 22:47:30.144964,s2,1:,106450,256,158408692,28159,116,Afternoon,baseline,matatiele,12.791,0.0,30.852034,30.0,2,100.0,100.0,1.0,0.0
2026-08-31 22:47:30.144964,s2,2:,254,106552,27979,158419050,116,Afternoon,baseline,matatiele,12.791,0.0,30.852034,30.0,2,100.0,100.0,1.0,0.0
2026-08-31 22:47:30.144964,s2,LOCAL:,0,0,0,0,116,Afternoon,baseline,matatiele,12.791,0.0,30.852034,30.0,2,100.0,100.0,1.0,0.0
2026-08-31 22:47:30.144964,s3,1:,121,235,10894,26240,116,Afternoon,baseline,matatiele,12.791,0.0,30.852034,30.0,2,100.0,100.0,1.0,0.0
2026-08-31 22:47:30.144964,s3,2:,234,228,26150,25898,116,Afternoon,baseline,matatiele,12.791,0.0,30.852034,30.0,2,100.0,100.0,1.0,0.0
2026-08-31 22:47:30.144964,s3,LOCAL:,0,0,0,0,116,Afternoon,baseline,matatiele,12.791,0.0,30.852034,30.0,2,100.0,100.0,1.0,0.0
2026-08-31 22:47:30.144964,s4,1:,119,233,10782,26128,116,Afternoon,baseline,matatiele,12.791,0.0,30.852034,30.0,2,100.0,100.0,1.0,0.0
2026-08-31 22:47:30.144964,s4,2:,232,227,26038,25856,116,Afternoon,baseline,matatiele,12.791,0.0,30.852034,30.0,2,100.0,100.0,1.0,0.0
2026-08-31 22:47:30.144964,s4,LOCAL:,0,0,0,0,116,Afternoon,baseline,matatiele,12.791,0.0,30.852034,30.0,2,100.0,100.0,1.0,0.0
2026-08-31 22:47:30.144964,s5,1:,78199,242,116334494,26718,116,Afternoon,baseline,matatiele,12.791,0.0,30.852034,30.0,2,100.0,100.0,1.0,0.0
2026-08-31 22:47:30.144964,s5,2:,241,78303,26628,116346428,116,Afternoon,baseline,matatiele,12.791,0.0,30.852034,30.0,2,100.0,100.0,1.0,0.0
2026-08-31 22:47:30.144964,s5,LOCAL:,0,0,0,0,116,Afternoon,baseline,matatiele,12.791,0.0,30.852034,30.0,2,100.0,100.0,1.0,0.0
2026-08-31 22:47:31.145727,s1,1:,427,184909,39599,274761744,117,Afternoon,baseline,umzimvubu,9.065,0.0,30.928136,30.0,2,100.0,100.0,1.0,0.0
2026-08-31 22:47:31.145727,s1,2:,106552,254,158419050,27979,117,Afternoon,baseline,umzimvubu,9.065,0.0,30.928136,30.0,2,100.0,100.0,1.0,0.0
2026-08-31 22:47:31.145727,s1,3:,228,234,25898,26150,117,Afternoon,baseline,umzimvubu,9.065,0.0,30.928136,30.0,2,100.0,100.0,1.0,0.0
2026-08-31 22:47:31.145727,s1,4:,227,232,25856,26038,117,Afternoon,baseline,umzimvubu,9.065,0.0,30.928136,30.0,2,100.0,100.0,1.0,0.0
2026-08-31 22:47:31.145727,s1,5:,78303,241,116346428,26628,117,Afternoon,baseline,umzimvubu,9.065,0.0,30.928136,30.0,2,100.0,100.0,1.0,0.0
2026-08-31 22:47:31.145727,s1,LOCAL:,0,0,0,0,117,Afternoon,baseline,umzimvubu,9.065,0.0,30.928136,30.0,2,100.0,100.0,1.0,0.0
2026-08-31 22:47:31.145727,s2,1:,106450,256,158408692,28159,117,Afternoon,baseline,umzimvubu,9.065,0.0,30.928136,30.0,2,100.0,100.0,1.0,0.0
2026-08-31 22:47:31.145727,s2,2:,254,106552,27979,158419050,117,Afternoon,baseline,umzimvubu,9.065,0.0,30.928136,30.0,2,100.0,100.0,1.0,0.0
2026-08-31 22:47:31.145727,s2,LOCAL:,0,0,0,0,117,Afternoon,baseline,umzimvubu,9.065,0.0,30.928136,30.0,2,100.0,100.0,1.0,0.0
2026-08-31 22:47:31.145727,s3,1:,121,235,10894,26240,117,Afternoon,baseline,umzimvubu,9.065,0.0,30.928136,30.0,2,100.0,100.0,1.0,0.0
2026-08-31 22:47:31.145727,s3,2:,234,228,26150,25898,117,Afternoon,baseline,umzimvubu,9.065,0.0,30.928136,30.0,2,100.0,100.0,1.0,0.0
2026-08-31 22:47:31.145727,s3,LOCAL:,0,0,0,0,117,Afternoon,baseline,umzimvubu,9.065,0.0,30.928136,30.0,2,100.0,100.0,1.0,0.0
2026-08-31 22:47:31.145727,s4,1:,119,233,10782,26128,117,Afternoon,baseline,umzimvubu,9.065,0.0,30.928136,30.0,2,100.0,100.0,1.0,0.0
2026-08-31 22:47:31.145727,s4,2:,232,227,26038,25856,117,Afternoon,baseline,umzimvubu,9.065,0.0,30.928136,30.0,2,100.0,100.0,1.0,0.0
2026-08-31 22:47:31.145727,s4,LOCAL:,0,0,0,0,117,Afternoon,baseline,umzimvubu,9.065,0.0,30.928136,30.0,2,100.0,100.0,1.0,0.0
2026-08-31 22:47:31.145727,s5,1:,78199,242,116334494,26718,117,Afternoon,baseline,umzimvubu,9.065,0.0,30.928136,30.0,2,100.0,100.0,1.0,0.0
2026-08-31 22:47:31.145727,s5,2:,241,78303,26628,116346428,117,Afternoon,baseline,umzimvubu,9.065,0.0,30.928136,30.0,2,100.0,100.0,1.0,0.0
2026-08-31 22:47:31.145727,s5,LOCAL:,0,0,0,0,117,Afternoon,baseline,umzimvubu,9.065,0.0,30.928136,30.0,2,100.0,100.0,1.0,0.0
2026-08-31 22:47:32.145947,s1,1:,427,184909,39599,274761744,118,Afternoon,baseline,ntabankulu,8.658,0.0,30.897852,30.0,2,100.0,100.0,1.0,0.0
2026-08-31 22:47:32.145947,s1,2:,106552,254,158419050,27979,118,Afternoon,baseline,ntabankulu,8.658,0.0,30.897852,30.0,2,100.0,100.0,1.0,0.0
2026-08-31 22:47:32.145947,s1,3:,228,234,25898,26150,118,Afternoon,baseline,ntabankulu,8.658,0.0,30.897852,30.0,2,100.0,100.0,1.0,0.0
2026-08-31 22:47:32.145947,s1,4:,227,232,25856,26038,118,Afternoon,baseline,ntabankulu,8.658,0.0,30.897852,30.0,2,100.0,100.0,1.0,0.0
2026-08-31 22:47:32.145947,s1,5:,78303,241,116346428,26628,118,Afternoon,baseline,ntabankulu,8.658,0.0,30.897852,30.0,2,100.0,100.0,1.0,0.0
2026-08-31 22:47:32.145947,s1,LOCAL:,0,0,0,0,118,Afternoon,baseline,ntabankulu,8.658,0.0,30.897852,30.0,2,100.0,100.0,1.0,0.0
2026-08-31 22:47:32.145947,s2,1:,106450,256,158408692,28159,118,Afternoon,baseline,ntabankulu,8.658,0.0,30.897852,30.0,2,100.0,100.0,1.0,0.0
2026-08-31 22:47:32.145947,s2,2:,254,106552,27979,158419050,118,Afternoon,baseline,ntabankulu,8.658,0.0,30.897852,30.0,2,100.0,100.0,1.0,0.0
2026-08-31 22:47:32.145947,s2,LOCAL:,0,0,0,0,118,Afternoon,baseline,ntabankulu,8.658,0.0,30.897852,30.0,2,100.0,100.0,1.0,0.0
2026-08-31 22:47:32.145947,s3,1:,121,235,10894,26240,118,Afternoon,baseline,ntabankulu,8.658,0.0,30.897852,30.0,2,100.0,100.0,1.0,0.0
2026-08-31 22:47:32.145947,s3,2:,234,228,26150,25898,118,Afternoon,baseline,ntabankulu,8.658,0.0,30.897852,30.0,2,100.0,100.0,1.0,0.0
2026-08-31 22:47:32.145947,s3,LOCAL:,0,0,0,0,118,Afternoon,baseline,ntabankulu,8.658,0.0,30.897852,30.0,2,100.0,100.0,1.0,0.0
2026-08-31 22:47:32.145947,s4,1:,119,233,10782,26128,118,Afternoon,baseline,ntabankulu,8.658,0.0,30.897852,30.0,2,100.0,100.0,1.0,0.0
2026-08-31 22:47:32.145947,s4,2:,232,227,26038,25856,118,Afternoon,baseline,ntabankulu,8.658,0.0,30.897852,30.0,2,100.0,100.0,1.0,0.0
2026-08-31 22:47:32.145947,s4,LOCAL:,0,0,0,0,118,Afternoon,baseline,ntabankulu,8.658,0.0,30.897852,30.0,2,100.0,100.0,1.0,0.0
2026-08-31 22:47:32.145947,s5,1:,78199,242,116334494,26718,118,Afternoon,baseline,ntabankulu,8.658,0.0,30.897852,30.0,2,100.0,100.0,1.0,0.0
2026-08-31 22:47:32.145947,s5,2:,241,78303,26628,116346428,118,Afternoon,baseline,ntabankulu,8.658,0.0,30.897852,30.0,2,100.0,100.0,1.0,0.0
2026-08-31 22:47:32.145947,s5,LOCAL:,0,0,0,0,118,Afternoon,baseline,ntabankulu,8.658,0.0,30.897852,30.0,2,100.0,100.0,1.0,0.0
2026-08-31 22:47:33.146890,s1,1:,427,184909,39599,274761744,119,Afternoon,baseline,winnie,9.308,0.0,30.845098,30.0,2,100.0,100.0,1.0,0.0
2026-08-31 22:47:33.146890,s1,2:,106552,254,158419050,27979,119,Afternoon,baseline,winnie,9.308,0.0,30.845098,30.0,2,100.0,100.0,1.0,0.0
2026-08-31 22:47:33.146890,s1,3:,228,234,25898,26150,119,Afternoon,baseline,winnie,9.308,0.0,30.845098,30.0,2,100.0,100.0,1.0,0.0
2026-08-31 22:47:33.146890,s1,4:,227,232,25856,26038,119,Afternoon,baseline,winnie,9.308,0.0,30.845098,30.0,2,100.0,100.0,1.0,0.0
2026-08-31 22:47:33.146890,s1,5:,78303,241,116346428,26628,119,Afternoon,baseline,winnie,9.308,0.0,30.845098,30.0,2,100.0,100.0,1.0,0.0
2026-08-31 22:47:33.146890,s1,LOCAL:,0,0,0,0,119,Afternoon,baseline,winnie,9.308,0.0,30.845098,30.0,2,100.0,100.0,1.0,0.0
2026-08-31 22:47:33.146890,s2,1:,106450,256,158408692,28159,119,Afternoon,baseline,winnie,9.308,0.0,30.845098,30.0,2,100.0,100.0,1.0,0.0
2026-08-31 22:47:33.146890,s2,2:,254,106552,27979,158419050,119,Afternoon,baseline,winnie,9.308,0.0,30.845098,30.0,2,100.0,100.0,1.0,0.0
2026-08-31 22:47:33.146890,s2,LOCAL:,0,0,0,0,119,Afternoon,baseline,winnie,9.308,0.0,30.845098,30.0,2,100.0,100.0,1.0,0.0
2026-08-31 22:47:33.146890,s3,1:,121,235,10894,26240,119,Afternoon,baseline,winnie,9.308,0.0,30.845098,30.0,2,100.0,100.0,1.0,0.0
2026-08-31 22:47:33.146890,s3,2:,234,228,26150,25898,119,Afternoon,baseline,winnie,9.308,0.0,30.845098,30.0,2,100.0,100.0,1.0,0.0
2026-08-31 22:47:33.146890,s3,LOCAL:,0,0,0,0,119,Afternoon,baseline,winnie,9.308,0.0,30.845098,30.0,2,100.0,100.0,1.0,0.0
2026-08-31 22:47:33.146890,s4,1:,119,233,10782,26128,119,Afternoon,baseline,winnie,9.308,0.0,30.845098,30.0,2,100.0,100.0,1.0,0.0
2026-08-31 22:47:33.146890,s4,2:,232,227,26038,25856,119,Afternoon,baseline,winnie,9.308,0.0,30.845098,30.0,2,100.0,100.0,1.0,0.0
2026-08-31 22:47:33.146890,s4,LOCAL:,0,0,0,0,119,Afternoon,baseline,winnie,9.308,0.0,30.845098,30.0,2,100.0,100.0,1.0,0.0
2026-08-31 22:47:33.146890,s5,1:,78199,242,116334494,26718,119,Afternoon,baseline,winnie,9.308,0.0,30.845098,30.0,2,100.0,100.0,1.0,0.0
2026-08-31 22:47:33.146890,s5,2:,241,78303,26628,116346428,119,Afternoon,baseline,winnie,9.308,0.0,30.845098,30.0,2,100.0,100.0,1.0,0.0
2026-08-31 22:47:33.146890,s5,LOCAL:,0,0,0,0,119,Afternoon,baseline,winnie,9.308,0.0,30.845098,30.0,2,100.0,100.0,1.0,0.0
2026-08-31 22:47:44.447722,s1,1:,464,200350,44543,297708889,120,Night,baseline,matatiele,10.335,0.0,8.273004,8.0,1,100.0,100.0,1.0,0.0
2026-08-31 22:47:44.447722,s1,2:,112510,276,167268889,31378,120,Night,baseline,matatiele,10.335,0.0,8.273004,8.0,1,100.0,100.0,1.0,0.0
2026-08-31 22:47:44.447722,s1,3:,3770,255,5273123,28354,120,Night,baseline,matatiele,10.335,0.0,8.273004,8.0,1,100.0,100.0,1.0,0.0
2026-08-31 22:47:44.447722,s1,4:,240,246,27540,27792,120,Night,baseline,matatiele,10.335,0.0,8.273004,8.0,1,100.0,100.0,1.0,0.0
2026-08-31 22:47:44.447722,s1,5:,84259,261,125196015,29775,120,Night,baseline,matatiele,10.335,0.0,8.273004,8.0,1,100.0,100.0,1.0,0.0
2026-08-31 22:47:44.447722,s1,LOCAL:,0,0,0,0,120,Night,baseline,matatiele,10.335,0.0,8.273004,8.0,1,100.0,100.0,1.0,0.0
2026-08-31 22:47:44.447722,s2,1:,112395,278,167252671,31558,120,Night,baseline,matatiele,10.335,0.0,8.273004,8.0,1,100.0,100.0,1.0,0.0
2026-08-31 22:47:44.447722,s2,2:,276,112510,31378,167268889,120,Night,baseline,matatiele,10.335,0.0,8.273004,8.0,1,100.0,100.0,1.0,0.0
2026-08-31 22:47:44.447722,s2,LOCAL:,0,0,0,0,120,Night,baseline,matatiele,10.335,0.0,8.273004,8.0,1,100.0,100.0,1.0,0.0
2026-08-31 22:47:44.447722,s3,1:,3654,256,5258219,28444,120,Night,baseline,matatiele,10.335,0.0,8.273004,8.0,1,100.0,100.0,1.0,0.0
2026-08-31 22:47:44.447722,s3,2:,255,3770,28354,5273123,120,Night,baseline,matatiele,10.335,0.0,8.273004,8.0,1,100.0,100.0,1.0,0.0
2026-08-31 22:47:44.447722,s3,LOCAL:,0,0,0,0,120,Night,baseline,matatiele,10.335,0.0,8.273004,8.0,1,100.0,100.0,1.0,0.0
2026-08-31 22:47:44.447722,s4,1:,123,246,11146,27812,120,Night,baseline,matatiele,10.335,0.0,8.273004,8.0,1,100.0,100.0,1.0,0.0
2026-08-31 22:47:44.447722,s4,2:,246,240,27792,27540,120,Night,baseline,matatiele,10.335,0.0,8.273004,8.0,1,100.0,100.0,1.0,0.0
2026-08-31 22:47:44.447722,s4,LOCAL:,0,0,0,0,120,Night,baseline,matatiele,10.335,0.0,8.273004,8.0,1,100.0,100.0,1.0,0.0
2026-08-31 22:47:44.447722,s5,1:,84143,262,125179711,29865,120,Night,baseline,matatiele,10.335,0.0,8.273004,8.0,1,100.0,100.0,1.0,0.0
2026-08-31 22:47:44.447722,s5,2:,261,84259,29775,125196015,120,Night,baseline,matatiele,10.335,0.0,8.273004,8.0,1,100.0,100.0,1.0,0.0
2026-08-31 22:47:44.447722,s5,LOCAL:,0,0,0,0,120,Night,baseline,matatiele,10.335,0.0,8.273004,8.0,1,100.0,100.0,1.0,0.0
2026-08-31 22:47:45.446623,s1,1:,464,200350,44543,297708889,121,Night,baseline,umzimvubu,12.191,0.0,8.214885,8.0,1,100.0,100.0,1.0,0.0
2026-08-31 22:47:45.446623,s1,2:,112510,276,167268889,31378,121,Night,baseline,umzimvubu,12.191,0.0,8.214885,8.0,1,100.0,100.0,1.0,0.0
2026-08-31 22:47:45.446623,s1,3:,3770,255,5273123,28354,121,Night,baseline,umzimvubu,12.191,0.0,8.214885,8.0,1,100.0,100.0,1.0,0.0
2026-08-31 22:47:45.446623,s1,4:,240,246,27540,27792,121,Night,baseline,umzimvubu,12.191,0.0,8.214885,8.0,1,100.0,100.0,1.0,0.0
2026-08-31 22:47:45.446623,s1,5:,84259,261,125196015,29775,121,Night,baseline,umzimvubu,12.191,0.0,8.214885,8.0,1,100.0,100.0,1.0,0.0
2026-08-31 22:47:45.446623,s1,LOCAL:,0,0,0,0,121,Night,baseline,umzimvubu,12.191,0.0,8.214885,8.0,1,100.0,100.0,1.0,0.0
2026-08-31 22:47:45.446623,s2,1:,112395,278,167252671,31558,121,Night,baseline,umzimvubu,12.191,0.0,8.214885,8.0,1,100.0,100.0,1.0,0.0
2026-08-31 22:47:45.446623,s2,2:,276,112510,31378,167268889,121,Night,baseline,umzimvubu,12.191,0.0,8.214885,8.0,1,100.0,100.0,1.0,0.0
2026-08-31 22:47:45.446623,s2,LOCAL:,0,0,0,0,121,Night,baseline,umzimvubu,12.191,0.0,8.214885,8.0,1,100.0,100.0,1.0,0.0
2026-08-31 22:47:45.446623,s3,1:,3654,256,5258219,28444,121,Night,baseline,umzimvubu,12.191,0.0,8.214885,8.0,1,100.0,100.0,1.0,0.0
2026-08-31 22:47:45.446623,s3,2:,255,3770,28354,5273123,121,Night,baseline,umzimvubu,12.191,0.0,8.214885,8.0,1,100.0,100.0,1.0,0.0
2026-08-31 22:47:45.446623,s3,LOCAL:,0,0,0,0,121,Night,baseline,umzimvubu,12.191,0.0,8.214885,8.0,1,100.0,100.0,1.0,0.0
2026-08-31 22:47:45.446623,s4,1:,123,246,11146,27812,121,Night,baseline,umzimvubu,12.191,0.0,8.214885,8.0,1,100.0,100.0,1.0,0.0
2026-08-31 22:47:45.446623,s4,2:,246,240,27792,27540,121,Night,baseline,umzimvubu,12.191,0.0,8.214885,8.0,1,100.0,100.0,1.0,0.0
2026-08-31 22:47:45.446623,s4,LOCAL:,0,0,0,0,121,Night,baseline,umzimvubu,12.191,0.0,8.214885,8.0,1,100.0,100.0,1.0,0.0
2026-08-31 22:47:45.446623,s5,1:,84143,262,125179711,29865,121,Night,baseline,umzimvubu,12.191,0.0,8.214885,8.0,1,100.0,100.0,1.0,0.0
2026-08-31 22:47:45.446623,s5,2:,261,84259,29775,125196015,121,Night,baseline,umzimvubu,12.191,0.0,8.214885,8.0,1,100.0,100.0,1.0,0.0
2026-08-31 22:47:45.446623,s5,LOCAL:,0,0,0,0,121,Night,baseline,umzimvubu,12.191,0.0,8.214885,8.0,1,100.0,100.0,1.0,0.0
2026-08-31 22:47:46.447081,s1,1:,464,200350,44543,297708889,122,Night,baseline,ntabankulu,14.51,0.0,8.253223,8.0,1,100.0,100.0,1.0,0.0
2026-08-31 22:47:46.447081,s1,2:,112510,276,167268889,31378,122,Night,baseline,ntabankulu,14.51,0.0,8.253223,8.0,1,100.0,100.0,1.0,0.0
2026-08-31 22:47:46.447081,s1,3:,3770,255,5273123,28354,122,Night,baseline,ntabankulu,14.51,0.0,8.253223,8.0,1,100.0,100.0,1.0,0.0
2026-08-31 22:47:46.447081,s1,4:,240,246,27540,27792,122,Night,baseline,ntabankulu,14.51,0.0,8.253223,8.0,1,100.0,100.0,1.0,0.0
2026-08-31 22:47:46.447081,s1,5:,84259,261,125196015,29775,122,Night,baseline,ntabankulu,14.51,0.0,8.253223,8.0,1,100.0,100.0,1.0,0.0
2026-08-31 22:47:46.447081,s1,LOCAL:,0,0,0,0,122,Night,baseline,ntabankulu,14.51,0.0,8.253223,8.0,1,100.0,100.0,1.0,0.0
2026-08-31 22:47:46.447081,s2,1:,112395,278,167252671,31558,122,Night,baseline,ntabankulu,14.51,0.0,8.253223,8.0,1,100.0,100.0,1.0,0.0
2026-08-31 22:47:46.447081,s2,2:,276,112510,31378,167268889,122,Night,baseline,ntabankulu,14.51,0.0,8.253223,8.0,1,100.0,100.0,1.0,0.0
2026-08-31 22:47:46.447081,s2,LOCAL:,0,0,0,0,122,Night,baseline,ntabankulu,14.51,0.0,8.253223,8.0,1,100.0,100.0,1.0,0.0
2026-08-31 22:47:46.447081,s3,1:,3654,256,5258219,28444,122,Night,baseline,ntabankulu,14.51,0.0,8.253223,8.0,1,100.0,100.0,1.0,0.0
2026-08-31 22:47:46.447081,s3,2:,255,3770,28354,5273123,122,Night,baseline,ntabankulu,14.51,0.0,8.253223,8.0,1,100.0,100.0,1.0,0.0
2026-08-31 22:47:46.447081,s3,LOCAL:,0,0,0,0,122,Night,baseline,ntabankulu,14.51,0.0,8.253223,8.0,1,100.0,100.0,1.0,0.0
2026-08-31 22:47:46.447081,s4,1:,123,246,11146,27812,122,Night,baseline,ntabankulu,14.51,0.0,8.253223,8.0,1,100.0,100.0,1.0,0.0
2026-08-31 22:47:46.447081,s4,2:,246,240,27792,27540,122,Night,baseline,ntabankulu,14.51,0.0,8.253223,8.0,1,100.0,100.0,1.0,0.0
2026-08-31 22:47:46.447081,s4,LOCAL:,0,0,0,0,122,Night,baseline,ntabankulu,14.51,0.0,8.253223,8.0,1,100.0,100.0,1.0,0.0
2026-08-31 22:47:46.447081,s5,1:,84143,262,125179711,29865,122,Night,baseline,ntabankulu,14.51,0.0,8.253223,8.0,1,100.0,100.0,1.0,0.0
2026-08-31 22:47:46.447081,s5,2:,261,84259,29775,125196015,122,Night,baseline,ntabankulu,14.51,0.0,8.253223,8.0,1,100.0,100.0,1.0,0.0
2026-08-31 22:47:46.447081,s5,LOCAL:,0,0,0,0,122,Night,baseline,ntabankulu,14.51,0.0,8.253223,8.0,1,100.0,100.0,1.0,0.0
2026-08-31 22:47:47.454227,s1,1:,464,200350,44543,297708889,123,Night,baseline,winnie,12.415,0.0,8.270925,8.0,1,100.0,100.0,1.0,0.0
2026-08-31 22:47:47.454227,s1,2:,112510,276,167268889,31378,123,Night,baseline,winnie,12.415,0.0,8.270925,8.0,1,100.0,100.0,1.0,0.0
2026-08-31 22:47:47.454227,s1,3:,3770,255,5273123,28354,123,Night,baseline,winnie,12.415,0.0,8.270925,8.0,1,100.0,100.0,1.0,0.0
2026-08-31 22:47:47.454227,s1,4:,240,246,27540,27792,123,Night,baseline,winnie,12.415,0.0,8.270925,8.0,1,100.0,100.0,1.0,0.0
2026-08-31 22:47:47.454227,s1,5:,84259,261,125196015,29775,123,Night,baseline,winnie,12.415,0.0,8.270925,8.0,1,100.0,100.0,1.0,0.0
2026-08-31 22:47:47.454227,s1,LOCAL:,0,0,0,0,123,Night,baseline,winnie,12.415,0.0,8.270925,8.0,1,100.0,100.0,1.0,0.0
2026-08-31 22:47:47.454227,s2,1:,112395,278,167252671,31558,123,Night,baseline,winnie,12.415,0.0,8.270925,8.0,1,100.0,100.0,1.0,0.0
2026-08-31 22:47:47.454227,s2,2:,276,112510,31378,167268889,123,Night,baseline,winnie,12.415,0.0,8.270925,8.0,1,100.0,100.0,1.0,0.0
2026-08-31 22:47:47.454227,s2,LOCAL:,0,0,0,0,123,Night,baseline,winnie,12.415,0.0,8.270925,8.0,1,100.0,100.0,1.0,0.0
2026-08-31 22:47:47.454227,s3,1:,3654,256,5258219,28444,123,Night,baseline,winnie,12.415,0.0,8.270925,8.0,1,100.0,100.0,1.0,0.0
2026-08-31 22:47:47.454227,s3,2:,255,3770,28354,5273123,123,Night,baseline,winnie,12.415,0.0,8.270925,8.0,1,100.0,100.0,1.0,0.0
2026-08-31 22:47:47.454227,s3,LOCAL:,0,0,0,0,123,Night,baseline,winnie,12.415,0.0,8.270925,8.0,1,100.0,100.0,1.0,0.0
2026-08-31 22:47:47.454227,s4,1:,123,246,11146,27812,123,Night,baseline,winnie,12.415,0.0,8.270925,8.0,1,100.0,100.0,1.0,0.0
2026-08-31 22:47:47.454227,s4,2:,246,240,27792,27540,123,Night,baseline,winnie,12.415,0.0,8.270925,8.0,1,100.0,100.0,1.0,0.0
2026-08-31 22:47:47.454227,s4,LOCAL:,0,0,0,0,123,Night,baseline,winnie,12.415,0.0,8.270925,8.0,1,100.0,100.0,1.0,0.0
2026-08-31 22:47:47.454227,s5,1:,84143,262,125179711,29865,123,Night,baseline,winnie,12.415,0.0,8.270925,8.0,1,100.0,100.0,1.0,0.0
2026-08-31 22:47:47.454227,s5,2:,261,84259,29775,125196015,123,Night,baseline,winnie,12.415,0.0,8.270925,8.0,1,100.0,100.0,1.0,0.0
2026-08-31 22:47:47.454227,s5,LOCAL:,0,0,0,0,123,Night,baseline,winnie,12.415,0.0,8.270925,8.0,1,100.0,100.0,1.0,0.0
2026-08-31 22:47:48.450927,s1,1:,464,200350,44543,297708889,124,Night,baseline,matatiele,14.409,0.0,8.196019,8.0,1,100.0,100.0,1.0,0.0
2026-08-31 22:47:48.450927,s1,2:,112510,276,167268889,31378,124,Night,baseline,matatiele,14.409,0.0,8.196019,8.0,1,100.0,100.0,1.0,0.0
2026-08-31 22:47:48.450927,s1,3:,3770,255,5273123,28354,124,Night,baseline,matatiele,14.409,0.0,8.196019,8.0,1,100.0,100.0,1.0,0.0
2026-08-31 22:47:48.450927,s1,4:,240,246,27540,27792,124,Night,baseline,matatiele,14.409,0.0,8.196019,8.0,1,100.0,100.0,1.0,0.0
2026-08-31 22:47:48.450927,s1,5:,84259,261,125196015,29775,124,Night,baseline,matatiele,14.409,0.0,8.196019,8.0,1,100.0,100.0,1.0,0.0
2026-08-31 22:47:48.450927,s1,LOCAL:,0,0,0,0,124,Night,baseline,matatiele,14.409,0.0,8.196019,8.0,1,100.0,100.0,1.0,0.0
2026-08-31 22:47:48.450927,s2,1:,112395,278,167252671,31558,124,Night,baseline,matatiele,14.409,0.0,8.196019,8.0,1,100.0,100.0,1.0,0.0
2026-08-31 22:47:48.450927,s2,2:,276,112510,31378,167268889,124,Night,baseline,matatiele,14.409,0.0,8.196019,8.0,1,100.0,100.0,1.0,0.0
2026-08-31 22:47:48.450927,s2,LOCAL:,0,0,0,0,124,Night,baseline,matatiele,14.409,0.0,8.196019,8.0,1,100.0,100.0,1.0,0.0
2026-08-31 22:47:48.450927,s3,1:,3654,256,5258219,28444,124,Night,baseline,matatiele,14.409,0.0,8.196019,8.0,1,100.0,100.0,1.0,0.0
2026-08-31 22:47:48.450927,s3,2:,255,3770,28354,5273123,124,Night,baseline,matatiele,14.409,0.0,8.196019,8.0,1,100.0,100.0,1.0,0.0
2026-08-31 22:47:48.450927,s3,LOCAL:,0,0,0,0,124,Night,baseline,matatiele,14.409,0.0,8.196019,8.0,1,100.0,100.0,1.0,0.0
2026-08-31 22:47:48.450927,s4,1:,123,246,11146,27812,124,Night,baseline,matatiele,14.409,0.0,8.196019,8.0,1,100.0,100.0,1.0,0.0
2026-08-31 22:47:48.450927,s4,2:,246,240,27792,27540,124,Night,baseline,matatiele,14.409,0.0,8.196019,8.0,1,100.0,100.0,1.0,0.0
2026-08-31 22:47:48.450927,s4,LOCAL:,0,0,0,0,124,Night,baseline,matatiele,14.409,0.0,8.196019,8.0,1,100.0,100.0,1.0,0.0
2026-08-31 22:47:48.450927,s5,1:,84143,262,125179711,29865,124,Night,baseline,matatiele,14.409,0.0,8.196019,8.0,1,100.0,100.0,1.0,0.0
2026-08-31 22:47:48.450927,s5,2:,261,84259,29775,125196015,124,Night,baseline,matatiele,14.409,0.0,8.196019,8.0,1,100.0,100.0,1.0,0.0
2026-08-31 22:47:48.450927,s5,LOCAL:,0,0,0,0,124,Night,baseline,matatiele,14.409,0.0,8.196019,8.0,1,100.0,100.0,1.0,0.0
2026-08-31 22:47:49.447552,s1,1:,479,203824,45957,302858809,125,Night,baseline,umzimvubu,20.31,0.0,8.225845,8.0,1,100.0,100.0,1.0,0.0
2026-08-31 22:47:49.447552,s1,2:,112518,284,167269781,32270,125,Night,baseline,umzimvubu,20.31,0.0,8.225845,8.0,1,100.0,100.0,1.0,0.0
2026-08-31 22:47:49.447552,s1,3:,7234,264,10422119,29400,125,Night,baseline,umzimvubu,20.31,0.0,8.225845,8.0,1,100.0,100.0,1.0,0.0
2026-08-31 22:47:49.447552,s1,4:,247,253,28390,28642,125,Night,baseline,umzimvubu,20.31,0.0,8.225845,8.0,1,100.0,100.0,1.0,0.0
2026-08-31 22:47:49.447552,s1,5:,84266,268,125196865,30625,125,Night,baseline,umzimvubu,20.31,0.0,8.225845,8.0,1,100.0,100.0,1.0,0.0
2026-08-31 22:47:49.447552,s1,LOCAL:,0,0,0,0,125,Night,baseline,umzimvubu,20.31,0.0,8.225845,8.0,1,100.0,100.0,1.0,0.0
2026-08-31 22:47:49.447552,s2,1:,112399,286,167253007,32450,125,Night,baseline,umzimvubu,20.31,0.0,8.225845,8.0,1,100.0,100.0,1.0,0.0
2026-08-31 22:47:49.447552,s2,2:,284,112518,32270,167269781,125,Night,baseline,umzimvubu,20.31,0.0,8.225845,8.0,1,100.0,100.0,1.0,0.0
2026-08-31 22:47:49.447552,s2,LOCAL:,0,0,0,0,125,Night,baseline,umzimvubu,20.31,0.0,8.225845,8.0,1,100.0,100.0,1.0,0.0
2026-08-31 22:47:49.447552,s3,1:,7114,265,10406659,29490,125,Night,baseline,umzimvubu,20.31,0.0,8.225845,8.0,1,100.0,100.0,1.0,0.0
2026-08-31 22:47:49.447552,s3,2:,264,7234,29400,10422119,125,Night,baseline,umzimvubu,20.31,0.0,8.225845,8.0,1,100.0,100.0,1.0,0.0
2026-08-31 22:47:49.447552,s3,LOCAL:,0,0,0,0,125,Night,baseline,umzimvubu,20.31,0.0,8.225845,8.0,1,100.0,100.0,1.0,0.0
2026-08-31 22:47:49.447552,s4,1:,126,253,11440,28662,125,Night,baseline,umzimvubu,20.31,0.0,8.225845,8.0,1,100.0,100.0,1.0,0.0
2026-08-31 22:47:49.447552,s4,2:,253,247,28642,28390,125,Night,baseline,umzimvubu,20.31,0.0,8.225845,8.0,1,100.0,100.0,1.0,0.0
2026-08-31 22:47:49.447552,s4,LOCAL:,0,0,0,0,125,Night,baseline,umzimvubu,20.31,0.0,8.225845,8.0,1,100.0,100.0,1.0,0.0
2026-08-31 22:47:49.447552,s5,1:,84146,269,125180005,30715,125,Night,baseline,umzimvubu,20.31,0.0,8.225845,8.0,1,100.0,100.0,1.0,0.0
2026-08-31 22:47:49.447552,s5,2:,268,84266,30625,125196865,125,Night,baseline,umzimvubu,20.31,0.0,8.225845,8.0,1,100.0,100.0,1.0,0.0
2026-08-31 22:47:49.447552,s5,LOCAL:,0,0,0,0,125,Night,baseline,umzimvubu,20.31,0.0,8.225845,8.0,1,100.0,100.0,1.0,0.0
2026-08-31 22:47:50.446135,s1,1:,479,203824,45957,302858809,126,Night,baseline,ntabankulu,10.975,0.0,8.221202,8.0,1,100.0,100.0,1.0,0.0
2026-08-31 22:47:50.446135,s1,2:,112518,284,167269781,32270,126,Night,baseline,ntabankulu,10.975,0.0,8.221202,8.0,1,100.0,100.0,1.0,0.0
2026-08-31 22:47:50.446135,s1,3:,7234,264,10422119,29400,126,Night,baseline,ntabankulu,10.975,0.0,8.221202,8.0,1,100.0,100.0,1.0,0.0
2026-08-31 22:47:50.446135,s1,4:,247,253,28390,28642,126,Night,baseline,ntabankulu,10.975,0.0,8.221202,8.0,1,100.0,100.0,1.0,0.0
2026-08-31 22:47:50.446135,s1,5:,84266,268,125196865,30625,126,Night,baseline,ntabankulu,10.975,0.0,8.221202,8.0,1,100.0,100.0,1.0,0.0
2026-08-31 22:47:50.446135,s1,LOCAL:,0,0,0,0,126,Night,baseline,ntabankulu,10.975,0.0,8.221202,8.0,1,100.0,100.0,1.0,0.0
2026-08-31 22:47:50.446135,s2,1:,112399,286,167253007,32450,126,Night,baseline,ntabankulu,10.975,0.0,8.221202,8.0,1,100.0,100.0,1.0,0.0
2026-08-31 22:47:50.446135,s2,2:,284,112518,32270,167269781,126,Night,baseline,ntabankulu,10.975,0.0,8.221202,8.0,1,100.0,100.0,1.0,0.0
2026-08-31 22:47:50.446135,s2,LOCAL:,0,0,0,0,126,Night,baseline,ntabankulu,10.975,0.0,8.221202,8.0,1,100.0,100.0,1.0,0.0
2026-08-31 22:47:50.446135,s3,1:,7114,265,10406659,29490,126,Night,baseline,ntabankulu,10.975,0.0,8.221202,8.0,1,100.0,100.0,1.0,0.0
2026-08-31 22:47:50.446135,s3,2:,264,7234,29400,10422119,126,Night,baseline,ntabankulu,10.975,0.0,8.221202,8.0,1,100.0,100.0,1.0,0.0
2026-08-31 22:47:50.446135,s3,LOCAL:,0,0,0,0,126,Night,baseline,ntabankulu,10.975,0.0,8.221202,8.0,1,100.0,100.0,1.0,0.0
2026-08-31 22:47:50.446135,s4,1:,126,253,11440,28662,126,Night,baseline,ntabankulu,10.975,0.0,8.221202,8.0,1,100.0,100.0,1.0,0.0
2026-08-31 22:47:50.446135,s4,2:,253,247,28642,28390,126,Night,baseline,ntabankulu,10.975,0.0,8.221202,8.0,1,100.0,100.0,1.0,0.0
2026-08-31 22:47:50.446135,s4,LOCAL:,0,0,0,0,126,Night,baseline,ntabankulu,10.975,0.0,8.221202,8.0,1,100.0,100.0,1.0,0.0
2026-08-31 22:47:50.446135,s5,1:,84146,269,125180005,30715,126,Night,baseline,ntabankulu,10.975,0.0,8.221202,8.0,1,100.0,100.0,1.0,0.0
2026-08-31 22:47:50.446135,s5,2:,268,84266,30625,125196865,126,Night,baseline,ntabankulu,10.975,0.0,8.221202,8.0,1,100.0,100.0,1.0,0.0
2026-08-31 22:47:50.446135,s5,LOCAL:,0,0,0,0,126,Night,baseline,ntabankulu,10.975,0.0,8.221202,8.0,1,100.0,100.0,1.0,0.0
2026-08-31 22:47:51.448255,s1,1:,479,203824,45957,302858809,127,Night,baseline,winnie,10.494,0.0,8.212862,8.0,1,100.0,100.0,1.0,0.0
2026-08-31 22:47:51.448255,s1,2:,112518,284,167269781,32270,127,Night,baseline,winnie,10.494,0.0,8.212862,8.0,1,100.0,100.0,1.0,0.0
2026-08-31 22:47:51.448255,s1,3:,7234,264,10422119,29400,127,Night,baseline,winnie,10.494,0.0,8.212862,8.0,1,100.0,100.0,1.0,0.0
2026-08-31 22:47:51.448255,s1,4:,247,253,28390,28642,127,Night,baseline,winnie,10.494,0.0,8.212862,8.0,1,100.0,100.0,1.0,0.0
2026-08-31 22:47:51.448255,s1,5:,84266,268,125196865,30625,127,Night,baseline,winnie,10.494,0.0,8.212862,8.0,1,100.0,100.0,1.0,0.0
2026-08-31 22:47:51.448255,s1,LOCAL:,0,0,0,0,127,Night,baseline,winnie,10.494,0.0,8.212862,8.0,1,100.0,100.0,1.0,0.0
2026-08-31 22:47:51.448255,s2,1:,112399,286,167253007,32450,127,Night,baseline,winnie,10.494,0.0,8.212862,8.0,1,100.0,100.0,1.0,0.0
2026-08-31 22:47:51.448255,s2,2:,284,112518,32270,167269781,127,Night,baseline,winnie,10.494,0.0,8.212862,8.0,1,100.0,100.0,1.0,0.0
2026-08-31 22:47:51.448255,s2,LOCAL:,0,0,0,0,127,Night,baseline,winnie,10.494,0.0,8.212862,8.0,1,100.0,100.0,1.0,0.0
2026-08-31 22:47:51.448255,s3,1:,7114,265,10406659,29490,127,Night,baseline,winnie,10.494,0.0,8.212862,8.0,1,100.0,100.0,1.0,0.0
2026-08-31 22:47:51.448255,s3,2:,264,7234,29400,10422119,127,Night,baseline,winnie,10.494,0.0,8.212862,8.0,1,100.0,100.0,1.0,0.0
2026-08-31 22:47:51.448255,s3,LOCAL:,0,0,0,0,127,Night,baseline,winnie,10.494,0.0,8.212862,8.0,1,100.0,100.0,1.0,0.0
2026-08-31 22:47:51.448255,s4,1:,126,253,11440,28662,127,Night,baseline,winnie,10.494,0.0,8.212862,8.0,1,100.0,100.0,1.0,0.0
2026-08-31 22:47:51.448255,s4,2:,253,247,28642,28390,127,Night,baseline,winnie,10.494,0.0,8.212862,8.0,1,100.0,100.0,1.0,0.0
2026-08-31 22:47:51.448255,s4,LOCAL:,0,0,0,0,127,Night,baseline,winnie,10.494,0.0,8.212862,8.0,1,100.0,100.0,1.0,0.0
2026-08-31 22:47:51.448255,s5,1:,84146,269,125180005,30715,127,Night,baseline,winnie,10.494,0.0,8.212862,8.0,1,100.0,100.0,1.0,0.0
2026-08-31 22:47:51.448255,s5,2:,268,84266,30625,125196865,127,Night,baseline,winnie,10.494,0.0,8.212862,8.0,1,100.0,100.0,1.0,0.0
2026-08-31 22:47:51.448255,s5,LOCAL:,0,0,0,0,127,Night,baseline,winnie,10.494,0.0,8.212862,8.0,1,100.0,100.0,1.0,0.0
2026-08-31 22:47:52.450049,s1,1:,479,203824,45957,302858809,128,Night,baseline,matatiele,13.289,0.0,8.28461,8.0,1,100.0,100.0,1.0,0.0
2026-08-31 22:47:52.450049,s1,2:,112518,284,167269781,32270,128,Night,baseline,matatiele,13.289,0.0,8.28461,8.0,1,100.0,100.0,1.0,0.0
2026-08-31 22:47:52.450049,s1,3:,7234,264,10422119,29400,128,Night,baseline,matatiele,13.289,0.0,8.28461,8.0,1,100.0,100.0,1.0,0.0
2026-08-31 22:47:52.450049,s1,4:,247,253,28390,28642,128,Night,baseline,matatiele,13.289,0.0,8.28461,8.0,1,100.0,100.0,1.0,0.0
2026-08-31 22:47:52.450049,s1,5:,84266,268,125196865,30625,128,Night,baseline,matatiele,13.289,0.0,8.28461,8.0,1,100.0,100.0,1.0,0.0
2026-08-31 22:47:52.450049,s1,LOCAL:,0,0,0,0,128,Night,baseline,matatiele,13.289,0.0,8.28461,8.0,1,100.0,100.0,1.0,0.0
2026-08-31 22:47:52.450049,s2,1:,112399,286,167253007,32450,128,Night,baseline,matatiele,13.289,0.0,8.28461,8.0,1,100.0,100.0,1.0,0.0
2026-08-31 22:47:52.450049,s2,2:,284,112518,32270,167269781,128,Night,baseline,matatiele,13.289,0.0,8.28461,8.0,1,100.0,100.0,1.0,0.0
2026-08-31 22:47:52.450049,s2,LOCAL:,0,0,0,0,128,Night,baseline,matatiele,13.289,0.0,8.28461,8.0,1,100.0,100.0,1.0,0.0
2026-08-31 22:47:52.450049,s3,1:,7114,265,10406659,29490,128,Night,baseline,matatiele,13.289,0.0,8.28461,8.0,1,100.0,100.0,1.0,0.0
2026-08-31 22:47:52.450049,s3,2:,264,7234,29400,10422119,128,Night,baseline,matatiele,13.289,0.0,8.28461,8.0,1,100.0,100.0,1.0,0.0
2026-08-31 22:47:52.450049,s3,LOCAL:,0,0,0,0,128,Night,baseline,matatiele,13.289,0.0,8.28461,8.0,1,100.0,100.0,1.0,0.0
2026-08-31 22:47:52.450049,s4,1:,126,253,11440,28662,128,Night,baseline,matatiele,13.289,0.0,8.28461,8.0,1,100.0,100.0,1.0,0.0
2026-08-31 22:47:52.450049,s4,2:,253,247,28642,28390,128,Night,baseline,matatiele,13.289,0.0,8.28461,8.0,1,100.0,100.0,1.0,0.0
2026-08-31 22:47:52.450049,s4,LOCAL:,0,0,0,0,128,Night,baseline,matatiele,13.289,0.0,8.28461,8.0,1,100.0,100.0,1.0,0.0
2026-08-31 22:47:52.450049,s5,1:,84146,269,125180005,30715,128,Night,baseline,matatiele,13.289,0.0,8.28461,8.0,1,100.0,100.0,1.0,0.0
2026-08-31 22:47:52.450049,s5,2:,268,84266,30625,125196865,128,Night,baseline,matatiele,13.289,0.0,8.28461,8.0,1,100.0,100.0,1.0,0.0
2026-08-31 22:47:52.450049,s5,LOCAL:,0,0,0,0,128,Night,baseline,matatiele,13.289,0.0,8.28461,8.0,1,100.0,100.0,1.0,0.0
2026-08-31 22:47:53.449755,s1,1:,479,203824,45957,302858809,129,Night,baseline,umzimvubu,15.451,0.0,8.256191,8.0,1,100.0,100.0,1.0,0.0
2026-08-31 22:47:53.449755,s1,2:,112518,284,167269781,32270,129,Night,baseline,umzimvubu,15.451,0.0,8.256191,8.0,1,100.0,100.0,1.0,0.0
2026-08-31 22:47:53.449755,s1,3:,7234,264,10422119,29400,129,Night,baseline,umzimvubu,15.451,0.0,8.256191,8.0,1,100.0,100.0,1.0,0.0
2026-08-31 22:47:53.449755,s1,4:,247,253,28390,28642,129,Night,baseline,umzimvubu,15.451,0.0,8.256191,8.0,1,100.0,100.0,1.0,0.0
2026-08-31 22:47:53.449755,s1,5:,84266,268,125196865,30625,129,Night,baseline,umzimvubu,15.451,0.0,8.256191,8.0,1,100.0,100.0,1.0,0.0
2026-08-31 22:47:53.449755,s1,LOCAL:,0,0,0,0,129,Night,baseline,umzimvubu,15.451,0.0,8.256191,8.0,1,100.0,100.0,1.0,0.0
2026-08-31 22:47:53.449755,s2,1:,112399,286,167253007,32450,129,Night,baseline,umzimvubu,15.451,0.0,8.256191,8.0,1,100.0,100.0,1.0,0.0
2026-08-31 22:47:53.449755,s2,2:,284,112518,32270,167269781,129,Night,baseline,umzimvubu,15.451,0.0,8.256191,8.0,1,100.0,100.0,1.0,0.0
2026-08-31 22:47:53.449755,s2,LOCAL:,0,0,0,0,129,Night,baseline,umzimvubu,15.451,0.0,8.256191,8.0,1,100.0,100.0,1.0,0.0
2026-08-31 22:47:53.449755,s3,1:,7114,265,10406659,29490,129,Night,baseline,umzimvubu,15.451,0.0,8.256191,8.0,1,100.0,100.0,1.0,0.0
2026-08-31 22:47:53.449755,s3,2:,264,7234,29400,10422119,129,Night,baseline,umzimvubu,15.451,0.0,8.256191,8.0,1,100.0,100.0,1.0,0.0
2026-08-31 22:47:53.449755,s3,LOCAL:,0,0,0,0,129,Night,baseline,umzimvubu,15.451,0.0,8.256191,8.0,1,100.0,100.0,1.0,0.0
2026-08-31 22:47:53.449755,s4,1:,126,253,11440,28662,129,Night,baseline,umzimvubu,15.451,0.0,8.256191,8.0,1,100.0,100.0,1.0,0.0
2026-08-31 22:47:53.449755,s4,2:,253,247,28642,28390,129,Night,baseline,umzimvubu,15.451,0.0,8.256191,8.0,1,100.0,100.0,1.0,0.0
2026-08-31 22:47:53.449755,s4,LOCAL:,0,0,0,0,129,Night,baseline,umzimvubu,15.451,0.0,8.256191,8.0,1,100.0,100.0,1.0,0.0
2026-08-31 22:47:53.449755,s5,1:,84146,269,125180005,30715,129,Night,baseline,umzimvubu,15.451,0.0,8.256191,8.0,1,100.0,100.0,1.0,0.0
2026-08-31 22:47:53.449755,s5,2:,268,84266,30625,125196865,129,Night,baseline,umzimvubu,15.451,0.0,8.256191,8.0,1,100.0,100.0,1.0,0.0
2026-08-31 22:47:53.449755,s5,LOCAL:,0,0,0,0,129,Night,baseline,umzimvubu,15.451,0.0,8.256191,8.0,1,100.0,100.0,1.0,0.0
2026-08-31 22:47:54.468683,s1,1:,495,207296,47525,308007115,130,Night,baseline,ntabankulu,11.621,0.0,8.215852,8.0,1,100.0,100.0,1.0,0.0
2026-08-31 22:47:54.468683,s1,2:,112523,289,167270353,32842,130,Night,baseline,ntabankulu,11.621,0.0,8.215852,8.0,1,100.0,100.0,1.0,0.0
2026-08-31 22:47:54.468683,s1,3:,10695,270,15570739,30070,130,Night,baseline,ntabankulu,11.621,0.0,8.215852,8.0,1,100.0,100.0,1.0,0.0
2026-08-31 22:47:54.468683,s1,4:,255,261,29256,29508,130,Night,baseline,ntabankulu,11.621,0.0,8.215852,8.0,1,100.0,100.0,1.0,0.0
2026-08-31 22:47:54.468683,s1,5:,84271,273,125197437,31197,130,Night,baseline,ntabankulu,11.621,0.0,8.215852,8.0,1,100.0,100.0,1.0,0.0
2026-08-31 22:47:54.468683,s1,LOCAL:,0,0,0,0,130,Night,baseline,ntabankulu,11.621,0.0,8.215852,8.0,1,100.0,100.0,1.0,0.0
2026-08-31 22:47:54.468683,s2,1:,112402,291,167253301,33022,130,Night,baseline,ntabankulu,11.621,0.0,8.215852,8.0,1,100.0,100.0,1.0,0.0
2026-08-31 22:47:54.468683,s2,2:,289,112523,32842,167270353,130,Night,baseline,ntabankulu,11.621,0.0,8.215852,8.0,1,100.0,100.0,1.0,0.0
2026-08-31 22:47:54.468683,s2,LOCAL:,0,0,0,0,130,Night,baseline,ntabankulu,11.621,0.0,8.215852,8.0,1,100.0,100.0,1.0,0.0
2026-08-31 22:47:54.468683,s3,1:,10572,271,15553511,30160,130,Night,baseline,ntabankulu,11.621,0.0,8.215852,8.0,1,100.0,100.0,1.0,0.0
2026-08-31 22:47:54.468683,s3,2:,270,10695,30070,15570739,130,Night,baseline,ntabankulu,11.621,0.0,8.215852,8.0,1,100.0,100.0,1.0,0.0
2026-08-31 22:47:54.468683,s3,LOCAL:,0,0,0,0,130,Night,baseline,ntabankulu,11.621,0.0,8.215852,8.0,1,100.0,100.0,1.0,0.0
2026-08-31 22:47:54.468683,s4,1:,132,261,12028,29528,130,Night,baseline,ntabankulu,11.621,0.0,8.215852,8.0,1,100.0,100.0,1.0,0.0
2026-08-31 22:47:54.468683,s4,2:,261,255,29508,29256,130,Night,baseline,ntabankulu,11.621,0.0,8.215852,8.0,1,100.0,100.0,1.0,0.0
2026-08-31 22:47:54.468683,s4,LOCAL:,0,0,0,0,130,Night,baseline,ntabankulu,11.621,0.0,8.215852,8.0,1,100.0,100.0,1.0,0.0
2026-08-31 22:47:54.468683,s5,1:,84149,274,125180299,31287,130,Night,baseline,ntabankulu,11.621,0.0,8.215852,8.0,1,100.0,100.0,1.0,0.0
2026-08-31 22:47:54.468683,s5,2:,273,84271,31197,125197437,130,Night,baseline,ntabankulu,11.621,0.0,8.215852,8.0,1,100.0,100.0,1.0,0.0
2026-08-31 22:47:54.468683,s5,LOCAL:,0,0,0,0,130,Night,baseline,ntabankulu,11.621,0.0,8.215852,8.0,1,100.0,100.0,1.0,0.0
2026-08-31 22:47:55.446976,s1,1:,495,207296,47525,308007115,131,Night,baseline,winnie,9.763,0.0,8.195238,8.0,1,100.0,100.0,1.0,0.0
2026-08-31 22:47:55.446976,s1,2:,112523,289,167270353,32842,131,Night,baseline,winnie,9.763,0.0,8.195238,8.0,1,100.0,100.0,1.0,0.0
2026-08-31 22:47:55.446976,s1,3:,10695,270,15570739,30070,131,Night,baseline,winnie,9.763,0.0,8.195238,8.0,1,100.0,100.0,1.0,0.0
2026-08-31 22:47:55.446976,s1,4:,255,261,29256,29508,131,Night,baseline,winnie,9.763,0.0,8.195238,8.0,1,100.0,100.0,1.0,0.0
2026-08-31 22:47:55.446976,s1,5:,84271,273,125197437,31197,131,Night,baseline,winnie,9.763,0.0,8.195238,8.0,1,100.0,100.0,1.0,0.0
2026-08-31 22:47:55.446976,s1,LOCAL:,0,0,0,0,131,Night,baseline,winnie,9.763,0.0,8.195238,8.0,1,100.0,100.0,1.0,0.0
2026-08-31 22:47:55.446976,s2,1:,112402,291,167253301,33022,131,Night,baseline,winnie,9.763,0.0,8.195238,8.0,1,100.0,100.0,1.0,0.0
2026-08-31 22:47:55.446976,s2,2:,289,112523,32842,167270353,131,Night,baseline,winnie,9.763,0.0,8.195238,8.0,1,100.0,100.0,1.0,0.0
2026-08-31 22:47:55.446976,s2,LOCAL:,0,0,0,0,131,Night,baseline,winnie,9.763,0.0,8.195238,8.0,1,100.0,100.0,1.0,0.0
2026-08-31 22:47:55.446976,s3,1:,10572,271,15553511,30160,131,Night,baseline,winnie,9.763,0.0,8.195238,8.0,1,100.0,100.0,1.0,0.0
2026-08-31 22:47:55.446976,s3,2:,270,10695,30070,15570739,131,Night,baseline,winnie,9.763,0.0,8.195238,8.0,1,100.0,100.0,1.0,0.0
2026-08-31 22:47:55.446976,s3,LOCAL:,0,0,0,0,131,Night,baseline,winnie,9.763,0.0,8.195238,8.0,1,100.0,100.0,1.0,0.0
2026-08-31 22:47:55.446976,s4,1:,132,261,12028,29528,131,Night,baseline,winnie,9.763,0.0,8.195238,8.0,1,100.0,100.0,1.0,0.0
2026-08-31 22:47:55.446976,s4,2:,261,255,29508,29256,131,Night,baseline,winnie,9.763,0.0,8.195238,8.0,1,100.0,100.0,1.0,0.0
2026-08-31 22:47:55.446976,s4,LOCAL:,0,0,0,0,131,Night,baseline,winnie,9.763,0.0,8.195238,8.0,1,100.0,100.0,1.0,0.0
2026-08-31 22:47:55.446976,s5,1:,84149,274,125180299,31287,131,Night,baseline,winnie,9.763,0.0,8.195238,8.0,1,100.0,100.0,1.0,0.0
2026-08-31 22:47:55.446976,s5,2:,273,84271,31197,125197437,131,Night,baseline,winnie,9.763,0.0,8.195238,8.0,1,100.0,100.0,1.0,0.0
2026-08-31 22:47:55.446976,s5,LOCAL:,0,0,0,0,131,Night,baseline,winnie,9.763,0.0,8.195238,8.0,1,100.0,100.0,1.0,0.0
2026-08-31 22:47:56.446923,s1,1:,495,207296,47525,308007115,132,Night,baseline,matatiele,12.652,0.0,8.275239,8.0,1,100.0,100.0,1.0,0.0
2026-08-31 22:47:56.446923,s1,2:,112523,289,167270353,32842,132,Night,baseline,matatiele,12.652,0.0,8.275239,8.0,1,100.0,100.0,1.0,0.0
2026-08-31 22:47:56.446923,s1,3:,10695,270,15570739,30070,132,Night,baseline,matatiele,12.652,0.0,8.275239,8.0,1,100.0,100.0,1.0,0.0
2026-08-31 22:47:56.446923,s1,4:,255,261,29256,29508,132,Night,baseline,matatiele,12.652,0.0,8.275239,8.0,1,100.0,100.0,1.0,0.0
2026-08-31 22:47:56.446923,s1,5:,84271,273,125197437,31197,132,Night,baseline,matatiele,12.652,0.0,8.275239,8.0,1,100.0,100.0,1.0,0.0
2026-08-31 22:47:56.446923,s1,LOCAL:,0,0,0,0,132,Night,baseline,matatiele,12.652,0.0,8.275239,8.0,1,100.0,100.0,1.0,0.0
2026-08-31 22:47:56.446923,s2,1:,112402,291,167253301,33022,132,Night,baseline,matatiele,12.652,0.0,8.275239,8.0,1,100.0,100.0,1.0,0.0
2026-08-31 22:47:56.446923,s2,2:,289,112523,32842,167270353,132,Night,baseline,matatiele,12.652,0.0,8.275239,8.0,1,100.0,100.0,1.0,0.0
2026-08-31 22:47:56.446923,s2,LOCAL:,0,0,0,0,132,Night,baseline,matatiele,12.652,0.0,8.275239,8.0,1,100.0,100.0,1.0,0.0
2026-08-31 22:47:56.446923,s3,1:,10572,271,15553511,30160,132,Night,baseline,matatiele,12.652,0.0,8.275239,8.0,1,100.0,100.0,1.0,0.0
2026-08-31 22:47:56.446923,s3,2:,270,10695,30070,15570739,132,Night,baseline,matatiele,12.652,0.0,8.275239,8.0,1,100.0,100.0,1.0,0.0
2026-08-31 22:47:56.446923,s3,LOCAL:,0,0,0,0,132,Night,baseline,matatiele,12.652,0.0,8.275239,8.0,1,100.0,100.0,1.0,0.0
2026-08-31 22:47:56.446923,s4,1:,132,261,12028,29528,132,Night,baseline,matatiele,12.652,0.0,8.275239,8.0,1,100.0,100.0,1.0,0.0
2026-08-31 22:47:56.446923,s4,2:,261,255,29508,29256,132,Night,baseline,matatiele,12.652,0.0,8.275239,8.0,1,100.0,100.0,1.0,0.0
2026-08-31 22:47:56.446923,s4,LOCAL:,0,0,0,0,132,Night,baseline,matatiele,12.652,0.0,8.275239,8.0,1,100.0,100.0,1.0,0.0
2026-08-31 22:47:56.446923,s5,1:,84149,274,125180299,31287,132,Night,baseline,matatiele,12.652,0.0,8.275239,8.0,1,100.0,100.0,1.0,0.0
2026-08-31 22:47:56.446923,s5,2:,273,84271,31197,125197437,132,Night,baseline,matatiele,12.652,0.0,8.275239,8.0,1,100.0,100.0,1.0,0.0
2026-08-31 22:47:56.446923,s5,LOCAL:,0,0,0,0,132,Night,baseline,matatiele,12.652,0.0,8.275239,8.0,1,100.0,100.0,1.0,0.0
2026-08-31 22:47:57.446869,s1,1:,495,207296,47525,308007115,133,Night,baseline,umzimvubu,11.376,0.0,8.23362,8.0,1,100.0,100.0,1.0,0.0
2026-08-31 22:47:57.446869,s1,2:,112523,289,167270353,32842,133,Night,baseline,umzimvubu,11.376,0.0,8.23362,8.0,1,100.0,100.0,1.0,0.0
2026-08-31 22:47:57.446869,s1,3:,10695,270,15570739,30070,133,Night,baseline,umzimvubu,11.376,0.0,8.23362,8.0,1,100.0,100.0,1.0,0.0
2026-08-31 22:47:57.446869,s1,4:,255,261,29256,29508,133,Night,baseline,umzimvubu,11.376,0.0,8.23362,8.0,1,100.0,100.0,1.0,0.0
2026-08-31 22:47:57.446869,s1,5:,84271,273,125197437,31197,133,Night,baseline,umzimvubu,11.376,0.0,8.23362,8.0,1,100.0,100.0,1.0,0.0
2026-08-31 22:47:57.446869,s1,LOCAL:,0,0,0,0,133,Night,baseline,umzimvubu,11.376,0.0,8.23362,8.0,1,100.0,100.0,1.0,0.0
2026-08-31 22:47:57.446869,s2,1:,112402,291,167253301,33022,133,Night,baseline,umzimvubu,11.376,0.0,8.23362,8.0,1,100.0,100.0,1.0,0.0
2026-08-31 22:47:57.446869,s2,2:,289,112523,32842,167270353,133,Night,baseline,umzimvubu,11.376,0.0,8.23362,8.0,1,100.0,100.0,1.0,0.0
2026-08-31 22:47:57.446869,s2,LOCAL:,0,0,0,0,133,Night,baseline,umzimvubu,11.376,0.0,8.23362,8.0,1,100.0,100.0,1.0,0.0
2026-08-31 22:47:57.446869,s3,1:,10572,271,15553511,30160,133,Night,baseline,umzimvubu,11.376,0.0,8.23362,8.0,1,100.0,100.0,1.0,0.0
2026-08-31 22:47:57.446869,s3,2:,270,10695,30070,15570739,133,Night,baseline,umzimvubu,11.376,0.0,8.23362,8.0,1,100.0,100.0,1.0,0.0
2026-08-31 22:47:57.446869,s3,LOCAL:,0,0,0,0,133,Night,baseline,umzimvubu,11.376,0.0,8.23362,8.0,1,100.0,100.0,1.0,0.0
2026-08-31 22:47:57.446869,s4,1:,132,261,12028,29528,133,Night,baseline,umzimvubu,11.376,0.0,8.23362,8.0,1,100.0,100.0,1.0,0.0
2026-08-31 22:47:57.446869,s4,2:,261,255,29508,29256,133,Night,baseline,umzimvubu,11.376,0.0,8.23362,8.0,1,100.0,100.0,1.0,0.0
2026-08-31 22:47:57.446869,s4,LOCAL:,0,0,0,0,133,Night,baseline,umzimvubu,11.376,0.0,8.23362,8.0,1,100.0,100.0,1.0,0.0
2026-08-31 22:47:57.446869,s5,1:,84149,274,125180299,31287,133,Night,baseline,umzimvubu,11.376,0.0,8.23362,8.0,1,100.0,100.0,1.0,0.0
2026-08-31 22:47:57.446869,s5,2:,273,84271,31197,125197437,133,Night,baseline,umzimvubu,11.376,0.0,8.23362,8.0,1,100.0,100.0,1.0,0.0
2026-08-31 22:47:57.446869,s5,LOCAL:,0,0,0,0,133,Night,baseline,umzimvubu,11.376,0.0,8.23362,8.0,1,100.0,100.0,1.0,0.0
2026-08-31 22:47:58.449899,s1,1:,495,207296,47525,308007115,134,Night,baseline,ntabankulu,18.621,0.0,8.239044,8.0,1,100.0,100.0,1.0,0.0
2026-08-31 22:47:58.449899,s1,2:,112523,289,167270353,32842,134,Night,baseline,ntabankulu,18.621,0.0,8.239044,8.0,1,100.0,100.0,1.0,0.0
2026-08-31 22:47:58.449899,s1,3:,10695,270,15570739,30070,134,Night,baseline,ntabankulu,18.621,0.0,8.239044,8.0,1,100.0,100.0,1.0,0.0
2026-08-31 22:47:58.449899,s1,4:,255,261,29256,29508,134,Night,baseline,ntabankulu,18.621,0.0,8.239044,8.0,1,100.0,100.0,1.0,0.0
2026-08-31 22:47:58.449899,s1,5:,84271,273,125197437,31197,134,Night,baseline,ntabankulu,18.621,0.0,8.239044,8.0,1,100.0,100.0,1.0,0.0
2026-08-31 22:47:58.449899,s1,LOCAL:,0,0,0,0,134,Night,baseline,ntabankulu,18.621,0.0,8.239044,8.0,1,100.0,100.0,1.0,0.0
2026-08-31 22:47:58.449899,s2,1:,112402,291,167253301,33022,134,Night,baseline,ntabankulu,18.621,0.0,8.239044,8.0,1,100.0,100.0,1.0,0.0
2026-08-31 22:47:58.449899,s2,2:,289,112523,32842,167270353,134,Night,baseline,ntabankulu,18.621,0.0,8.239044,8.0,1,100.0,100.0,1.0,0.0
2026-08-31 22:47:58.449899,s2,LOCAL:,0,0,0,0,134,Night,baseline,ntabankulu,18.621,0.0,8.239044,8.0,1,100.0,100.0,1.0,0.0
2026-08-31 22:47:58.449899,s3,1:,10572,271,15553511,30160,134,Night,baseline,ntabankulu,18.621,0.0,8.239044,8.0,1,100.0,100.0,1.0,0.0
2026-08-31 22:47:58.449899,s3,2:,270,10695,30070,15570739,134,Night,baseline,ntabankulu,18.621,0.0,8.239044,8.0,1,100.0,100.0,1.0,0.0
2026-08-31 22:47:58.449899,s3,LOCAL:,0,0,0,0,134,Night,baseline,ntabankulu,18.621,0.0,8.239044,8.0,1,100.0,100.0,1.0,0.0
2026-08-31 22:47:58.449899,s4,1:,132,261,12028,29528,134,Night,baseline,ntabankulu,18.621,0.0,8.239044,8.0,1,100.0,100.0,1.0,0.0
2026-08-31 22:47:58.449899,s4,2:,261,255,29508,29256,134,Night,baseline,ntabankulu,18.621,0.0,8.239044,8.0,1,100.0,100.0,1.0,0.0
2026-08-31 22:47:58.449899,s4,LOCAL:,0,0,0,0,134,Night,baseline,ntabankulu,18.621,0.0,8.239044,8.0,1,100.0,100.0,1.0,0.0
2026-08-31 22:47:58.449899,s5,1:,84149,274,125180299,31287,134,Night,baseline,ntabankulu,18.621,0.0,8.239044,8.0,1,100.0,100.0,1.0,0.0
2026-08-31 22:47:58.449899,s5,2:,273,84271,31197,125197437,134,Night,baseline,ntabankulu,18.621,0.0,8.239044,8.0,1,100.0,100.0,1.0,0.0
2026-08-31 22:47:58.449899,s5,LOCAL:,0,0,0,0,134,Night,baseline,ntabankulu,18.621,0.0,8.239044,8.0,1,100.0,100.0,1.0,0.0
2026-08-31 22:47:59.447290,s1,1:,510,210768,48939,313154055,135,Night,baseline,winnie,11.281,0.0,8.227383,8.0,1,100.0,100.0,1.0,0.0
2026-08-31 22:47:59.447290,s1,2:,112530,296,167271203,33692,135,Night,baseline,winnie,11.281,0.0,8.227383,8.0,1,100.0,100.0,1.0,0.0
2026-08-31 22:47:59.447290,s1,3:,14155,277,20716559,30920,135,Night,baseline,winnie,11.281,0.0,8.227383,8.0,1,100.0,100.0,1.0,0.0
2026-08-31 22:47:59.447290,s1,4:,263,269,30148,30400,135,Night,baseline,winnie,11.281,0.0,8.227383,8.0,1,100.0,100.0,1.0,0.0
2026-08-31 22:47:59.447290,s1,5:,84280,282,125198483,32243,135,Night,baseline,winnie,11.281,0.0,8.227383,8.0,1,100.0,100.0,1.0,0.0
2026-08-31 22:47:59.447290,s1,LOCAL:,0,0,0,0,135,Night,baseline,winnie,11.281,0.0,8.227383,8.0,1,100.0,100.0,1.0,0.0
2026-08-31 22:47:59.447290,s2,1:,112405,298,167253595,33872,135,Night,baseline,winnie,11.281,0.0,8.227383,8.0,1,100.0,100.0,1.0,0.0
2026-08-31 22:47:59.447290,s2,2:,296,112530,33692,167271203,135,Night,baseline,winnie,11.281,0.0,8.227383,8.0,1,100.0,100.0,1.0,0.0
2026-08-31 22:47:59.447290,s2,LOCAL:,0,0,0,0,135,Night,baseline,winnie,11.281,0.0,8.227383,8.0,1,100.0,100.0,1.0,0.0
2026-08-31 22:47:59.447290,s3,1:,14029,278,20700265,31010,135,Night,baseline,winnie,11.281,0.0,8.227383,8.0,1,100.0,100.0,1.0,0.0
2026-08-31 22:47:59.447290,s3,2:,277,14155,30920,20716559,135,Night,baseline,winnie,11.281,0.0,8.227383,8.0,1,100.0,100.0,1.0,0.0
2026-08-31 22:47:59.447290,s3,LOCAL:,0,0,0,0,135,Night,baseline,winnie,11.281,0.0,8.227383,8.0,1,100.0,100.0,1.0,0.0
2026-08-31 22:47:59.447290,s4,1:,136,269,12364,30420,135,Night,baseline,winnie,11.281,0.0,8.227383,8.0,1,100.0,100.0,1.0,0.0
2026-08-31 22:47:59.447290,s4,2:,269,263,30400,30148,135,Night,baseline,winnie,11.281,0.0,8.227383,8.0,1,100.0,100.0,1.0,0.0
2026-08-31 22:47:59.447290,s4,LOCAL:,0,0,0,0,135,Night,baseline,winnie,11.281,0.0,8.227383,8.0,1,100.0,100.0,1.0,0.0
2026-08-31 22:47:59.447290,s5,1:,84154,283,125180789,32333,135,Night,baseline,winnie,11.281,0.0,8.227383,8.0,1,100.0,100.0,1.0,0.0
2026-08-31 22:47:59.447290,s5,2:,282,84280,32243,125198483,135,Night,baseline,winnie,11.281,0.0,8.227383,8.0,1,100.0,100.0,1.0,0.0
2026-08-31 22:47:59.447290,s5,LOCAL:,0,0,0,0,135,Night,baseline,winnie,11.281,0.0,8.227383,8.0,1,100.0,100.0,1.0,0.0
2026-08-31 22:48:00.445922,s1,1:,510,210768,48939,313154055,136,Night,baseline,matatiele,16.694,0.0,8.233621,8.0,1,100.0,100.0,1.0,0.0
2026-08-31 22:48:00.445922,s1,2:,112530,296,167271203,33692,136,Night,baseline,matatiele,16.694,0.0,8.233621,8.0,1,100.0,100.0,1.0,0.0
2026-08-31 22:48:00.445922,s1,3:,14155,277,20716559,30920,136,Night,baseline,matatiele,16.694,0.0,8.233621,8.0,1,100.0,100.0,1.0,0.0
2026-08-31 22:48:00.445922,s1,4:,263,269,30148,30400,136,Night,baseline,matatiele,16.694,0.0,8.233621,8.0,1,100.0,100.0,1.0,0.0
2026-08-31 22:48:00.445922,s1,5:,84280,282,125198483,32243,136,Night,baseline,matatiele,16.694,0.0,8.233621,8.0,1,100.0,100.0,1.0,0.0
2026-08-31 22:48:00.445922,s1,LOCAL:,0,0,0,0,136,Night,baseline,matatiele,16.694,0.0,8.233621,8.0,1,100.0,100.0,1.0,0.0
2026-08-31 22:48:00.445922,s2,1:,112405,298,167253595,33872,136,Night,baseline,matatiele,16.694,0.0,8.233621,8.0,1,100.0,100.0,1.0,0.0
2026-08-31 22:48:00.445922,s2,2:,296,112530,33692,167271203,136,Night,baseline,matatiele,16.694,0.0,8.233621,8.0,1,100.0,100.0,1.0,0.0
2026-08-31 22:48:00.445922,s2,LOCAL:,0,0,0,0,136,Night,baseline,matatiele,16.694,0.0,8.233621,8.0,1,100.0,100.0,1.0,0.0
2026-08-31 22:48:00.445922,s3,1:,14029,278,20700265,31010,136,Night,baseline,matatiele,16.694,0.0,8.233621,8.0,1,100.0,100.0,1.0,0.0
2026-08-31 22:48:00.445922,s3,2:,277,14155,30920,20716559,136,Night,baseline,matatiele,16.694,0.0,8.233621,8.0,1,100.0,100.0,1.0,0.0
2026-08-31 22:48:00.445922,s3,LOCAL:,0,0,0,0,136,Night,baseline,matatiele,16.694,0.0,8.233621,8.0,1,100.0,100.0,1.0,0.0
2026-08-31 22:48:00.445922,s4,1:,136,269,12364,30420,136,Night,baseline,matatiele,16.694,0.0,8.233621,8.0,1,100.0,100.0,1.0,0.0
2026-08-31 22:48:00.445922,s4,2:,269,263,30400,30148,136,Night,baseline,matatiele,16.694,0.0,8.233621,8.0,1,100.0,100.0,1.0,0.0
2026-08-31 22:48:00.445922,s4,LOCAL:,0,0,0,0,136,Night,baseline,matatiele,16.694,0.0,8.233621,8.0,1,100.0,100.0,1.0,0.0
2026-08-31 22:48:00.445922,s5,1:,84154,283,125180789,32333,136,Night,baseline,matatiele,16.694,0.0,8.233621,8.0,1,100.0,100.0,1.0,0.0
2026-08-31 22:48:00.445922,s5,2:,282,84280,32243,125198483,136,Night,baseline,matatiele,16.694,0.0,8.233621,8.0,1,100.0,100.0,1.0,0.0
2026-08-31 22:48:00.445922,s5,LOCAL:,0,0,0,0,136,Night,baseline,matatiele,16.694,0.0,8.233621,8.0,1,100.0,100.0,1.0,0.0
2026-08-31 22:48:01.447188,s1,1:,510,210768,48939,313154055,137,Night,baseline,umzimvubu,10.806,0.0,8.229608,8.0,1,100.0,100.0,1.0,0.0
2026-08-31 22:48:01.447188,s1,2:,112530,296,167271203,33692,137,Night,baseline,umzimvubu,10.806,0.0,8.229608,8.0,1,100.0,100.0,1.0,0.0
2026-08-31 22:48:01.447188,s1,3:,14155,277,20716559,30920,137,Night,baseline,umzimvubu,10.806,0.0,8.229608,8.0,1,100.0,100.0,1.0,0.0
2026-08-31 22:48:01.447188,s1,4:,263,269,30148,30400,137,Night,baseline,umzimvubu,10.806,0.0,8.229608,8.0,1,100.0,100.0,1.0,0.0
2026-08-31 22:48:01.447188,s1,5:,84280,282,125198483,32243,137,Night,baseline,umzimvubu,10.806,0.0,8.229608,8.0,1,100.0,100.0,1.0,0.0
2026-08-31 22:48:01.447188,s1,LOCAL:,0,0,0,0,137,Night,baseline,umzimvubu,10.806,0.0,8.229608,8.0,1,100.0,100.0,1.0,0.0
2026-08-31 22:48:01.447188,s2,1:,112405,298,167253595,33872,137,Night,baseline,umzimvubu,10.806,0.0,8.229608,8.0,1,100.0,100.0,1.0,0.0
2026-08-31 22:48:01.447188,s2,2:,296,112530,33692,167271203,137,Night,baseline,umzimvubu,10.806,0.0,8.229608,8.0,1,100.0,100.0,1.0,0.0
2026-08-31 22:48:01.447188,s2,LOCAL:,0,0,0,0,137,Night,baseline,umzimvubu,10.806,0.0,8.229608,8.0,1,100.0,100.0,1.0,0.0
2026-08-31 22:48:01.447188,s3,1:,14029,278,20700265,31010,137,Night,baseline,umzimvubu,10.806,0.0,8.229608,8.0,1,100.0,100.0,1.0,0.0
2026-08-31 22:48:01.447188,s3,2:,277,14155,30920,20716559,137,Night,baseline,umzimvubu,10.806,0.0,8.229608,8.0,1,100.0,100.0,1.0,0.0
2026-08-31 22:48:01.447188,s3,LOCAL:,0,0,0,0,137,Night,baseline,umzimvubu,10.806,0.0,8.229608,8.0,1,100.0,100.0,1.0,0.0
2026-08-31 22:48:01.447188,s4,1:,136,269,12364,30420,137,Night,baseline,umzimvubu,10.806,0.0,8.229608,8.0,1,100.0,100.0,1.0,0.0
2026-08-31 22:48:01.447188,s4,2:,269,263,30400,30148,137,Night,baseline,umzimvubu,10.806,0.0,8.229608,8.0,1,100.0,100.0,1.0,0.0
2026-08-31 22:48:01.447188,s4,LOCAL:,0,0,0,0,137,Night,baseline,umzimvubu,10.806,0.0,8.229608,8.0,1,100.0,100.0,1.0,0.0
2026-08-31 22:48:01.447188,s5,1:,84154,283,125180789,32333,137,Night,baseline,umzimvubu,10.806,0.0,8.229608,8.0,1,100.0,100.0,1.0,0.0
2026-08-31 22:48:01.447188,s5,2:,282,84280,32243,125198483,137,Night,baseline,umzimvubu,10.806,0.0,8.229608,8.0,1,100.0,100.0,1.0,0.0
2026-08-31 22:48:01.447188,s5,LOCAL:,0,0,0,0,137,Night,baseline,umzimvubu,10.806,0.0,8.229608,8.0,1,100.0,100.0,1.0,0.0
2026-08-31 22:48:02.447968,s1,1:,510,210768,48939,313154055,138,Night,baseline,ntabankulu,18.309,0.0,8.218703,8.0,1,100.0,100.0,1.0,0.0
2026-08-31 22:48:02.447968,s1,2:,112530,296,167271203,33692,138,Night,baseline,ntabankulu,18.309,0.0,8.218703,8.0,1,100.0,100.0,1.0,0.0
2026-08-31 22:48:02.447968,s1,3:,14155,277,20716559,30920,138,Night,baseline,ntabankulu,18.309,0.0,8.218703,8.0,1,100.0,100.0,1.0,0.0
2026-08-31 22:48:02.447968,s1,4:,263,269,30148,30400,138,Night,baseline,ntabankulu,18.309,0.0,8.218703,8.0,1,100.0,100.0,1.0,0.0
2026-08-31 22:48:02.447968,s1,5:,84280,282,125198483,32243,138,Night,baseline,ntabankulu,18.309,0.0,8.218703,8.0,1,100.0,100.0,1.0,0.0
2026-08-31 22:48:02.447968,s1,LOCAL:,0,0,0,0,138,Night,baseline,ntabankulu,18.309,0.0,8.218703,8.0,1,100.0,100.0,1.0,0.0
2026-08-31 22:48:02.447968,s2,1:,112405,298,167253595,33872,138,Night,baseline,ntabankulu,18.309,0.0,8.218703,8.0,1,100.0,100.0,1.0,0.0
2026-08-31 22:48:02.447968,s2,2:,296,112530,33692,167271203,138,Night,baseline,ntabankulu,18.309,0.0,8.218703,8.0,1,100.0,100.0,1.0,0.0
2026-08-31 22:48:02.447968,s2,LOCAL:,0,0,0,0,138,Night,baseline,ntabankulu,18.309,0.0,8.218703,8.0,1,100.0,100.0,1.0,0.0
2026-08-31 22:48:02.447968,s3,1:,14029,278,20700265,31010,138,Night,baseline,ntabankulu,18.309,0.0,8.218703,8.0,1,100.0,100.0,1.0,0.0
2026-08-31 22:48:02.447968,s3,2:,277,14155,30920,20716559,138,Night,baseline,ntabankulu,18.309,0.0,8.218703,8.0,1,100.0,100.0,1.0,0.0
2026-08-31 22:48:02.447968,s3,LOCAL:,0,0,0,0,138,Night,baseline,ntabankulu,18.309,0.0,8.218703,8.0,1,100.0,100.0,1.0,0.0
2026-08-31 22:48:02.447968,s4,1:,136,269,12364,30420,138,Night,baseline,ntabankulu,18.309,0.0,8.218703,8.0,1,100.0,100.0,1.0,0.0
2026-08-31 22:48:02.447968,s4,2:,269,263,30400,30148,138,Night,baseline,ntabankulu,18.309,0.0,8.218703,8.0,1,100.0,100.0,1.0,0.0
2026-08-31 22:48:02.447968,s4,LOCAL:,0,0,0,0,138,Night,baseline,ntabankulu,18.309,0.0,8.218703,8.0,1,100.0,100.0,1.0,0.0
2026-08-31 22:48:02.447968,s5,1:,84154,283,125180789,32333,138,Night,baseline,ntabankulu,18.309,0.0,8.218703,8.0,1,100.0,100.0,1.0,0.0
2026-08-31 22:48:02.447968,s5,2:,282,84280,32243,125198483,138,Night,baseline,ntabankulu,18.309,0.0,8.218703,8.0,1,100.0,100.0,1.0,0.0
2026-08-31 22:48:02.447968,s5,LOCAL:,0,0,0,0,138,Night,baseline,ntabankulu,18.309,0.0,8.218703,8.0,1,100.0,100.0,1.0,0.0
2026-08-31 22:48:03.446112,s1,1:,510,210768,48939,313154055,139,Night,baseline,winnie,10.425,0.0,8.243772,8.0,1,100.0,100.0,1.0,0.0
2026-08-31 22:48:03.446112,s1,2:,112530,296,167271203,33692,139,Night,baseline,winnie,10.425,0.0,8.243772,8.0,1,100.0,100.0,1.0,0.0
2026-08-31 22:48:03.446112,s1,3:,14155,277,20716559,30920,139,Night,baseline,winnie,10.425,0.0,8.243772,8.0,1,100.0,100.0,1.0,0.0
2026-08-31 22:48:03.446112,s1,4:,263,269,30148,30400,139,Night,baseline,winnie,10.425,0.0,8.243772,8.0,1,100.0,100.0,1.0,0.0
2026-08-31 22:48:03.446112,s1,5:,84280,282,125198483,32243,139,Night,baseline,winnie,10.425,0.0,8.243772,8.0,1,100.0,100.0,1.0,0.0
2026-08-31 22:48:03.446112,s1,LOCAL:,0,0,0,0,139,Night,baseline,winnie,10.425,0.0,8.243772,8.0,1,100.0,100.0,1.0,0.0
2026-08-31 22:48:03.446112,s2,1:,112405,298,167253595,33872,139,Night,baseline,winnie,10.425,0.0,8.243772,8.0,1,100.0,100.0,1.0,0.0
2026-08-31 22:48:03.446112,s2,2:,296,112530,33692,167271203,139,Night,baseline,winnie,10.425,0.0,8.243772,8.0,1,100.0,100.0,1.0,0.0
2026-08-31 22:48:03.446112,s2,LOCAL:,0,0,0,0,139,Night,baseline,winnie,10.425,0.0,8.243772,8.0,1,100.0,100.0,1.0,0.0
2026-08-31 22:48:03.446112,s3,1:,14029,278,20700265,31010,139,Night,baseline,winnie,10.425,0.0,8.243772,8.0,1,100.0,100.0,1.0,0.0
2026-08-31 22:48:03.446112,s3,2:,277,14155,30920,20716559,139,Night,baseline,winnie,10.425,0.0,8.243772,8.0,1,100.0,100.0,1.0,0.0
2026-08-31 22:48:03.446112,s3,LOCAL:,0,0,0,0,139,Night,baseline,winnie,10.425,0.0,8.243772,8.0,1,100.0,100.0,1.0,0.0
2026-08-31 22:48:03.446112,s4,1:,136,269,12364,30420,139,Night,baseline,winnie,10.425,0.0,8.243772,8.0,1,100.0,100.0,1.0,0.0
2026-08-31 22:48:03.446112,s4,2:,269,263,30400,30148,139,Night,baseline,winnie,10.425,0.0,8.243772,8.0,1,100.0,100.0,1.0,0.0
2026-08-31 22:48:03.446112,s4,LOCAL:,0,0,0,0,139,Night,baseline,winnie,10.425,0.0,8.243772,8.0,1,100.0,100.0,1.0,0.0
2026-08-31 22:48:03.446112,s5,1:,84154,283,125180789,32333,139,Night,baseline,winnie,10.425,0.0,8.243772,8.0,1,100.0,100.0,1.0,0.0
2026-08-31 22:48:03.446112,s5,2:,282,84280,32243,125198483,139,Night,baseline,winnie,10.425,0.0,8.243772,8.0,1,100.0,100.0,1.0,0.0
2026-08-31 22:48:03.446112,s5,LOCAL:,0,0,0,0,139,Night,baseline,winnie,10.425,0.0,8.243772,8.0,1,100.0,100.0,1.0,0.0
2026-08-31 22:48:04.455694,s1,1:,527,214246,50549,318307151,140,Night,baseline,matatiele,11.122,0.0,8.264461,8.0,1,100.0,100.0,1.0,0.0
2026-08-31 22:48:04.455694,s1,2:,112540,306,167272347,34836,140,Night,baseline,matatiele,11.122,0.0,8.264461,8.0,1,100.0,100.0,1.0,0.0
2026-08-31 22:48:04.455694,s1,3:,17619,284,25868339,31770,140,Night,baseline,matatiele,11.122,0.0,8.264461,8.0,1,100.0,100.0,1.0,0.0
2026-08-31 22:48:04.455694,s1,4:,271,277,31040,31292,140,Night,baseline,matatiele,11.122,0.0,8.264461,8.0,1,100.0,100.0,1.0,0.0
2026-08-31 22:48:04.455694,s1,5:,84288,290,125199431,33191,140,Night,baseline,matatiele,11.122,0.0,8.264461,8.0,1,100.0,100.0,1.0,0.0
2026-08-31 22:48:04.455694,s1,LOCAL:,0,0,0,0,140,Night,baseline,matatiele,11.122,0.0,8.264461,8.0,1,100.0,100.0,1.0,0.0
2026-08-31 22:48:04.455694,s2,1:,112411,308,167254183,35016,140,Night,baseline,matatiele,11.122,0.0,8.264461,8.0,1,100.0,100.0,1.0,0.0
2026-08-31 22:48:04.455694,s2,2:,306,112540,34836,167272347,140,Night,baseline,matatiele,11.122,0.0,8.264461,8.0,1,100.0,100.0,1.0,0.0
2026-08-31 22:48:04.455694,s2,LOCAL:,0,0,0,0,140,Night,baseline,matatiele,11.122,0.0,8.264461,8.0,1,100.0,100.0,1.0,0.0
2026-08-31 22:48:04.455694,s3,1:,17488,285,25849999,31860,140,Night,baseline,matatiele,11.122,0.0,8.264461,8.0,1,100.0,100.0,1.0,0.0
2026-08-31 22:48:04.455694,s3,2:,284,17619,31770,25868339,140,Night,baseline,matatiele,11.122,0.0,8.264461,8.0,1,100.0,100.0,1.0,0.0
2026-08-31 22:48:04.455694,s3,LOCAL:,0,0,0,0,140,Night,baseline,matatiele,11.122,0.0,8.264461,8.0,1,100.0,100.0,1.0,0.0
2026-08-31 22:48:04.455694,s4,1:,140,277,12700,31312,140,Night,baseline,matatiele,11.122,0.0,8.264461,8.0,1,100.0,100.0,1.0,0.0
2026-08-31 22:48:04.455694,s4,2:,277,271,31292,31040,140,Night,baseline,matatiele,11.122,0.0,8.264461,8.0,1,100.0,100.0,1.0,0.0
2026-08-31 22:48:04.455694,s4,LOCAL:,0,0,0,0,140,Night,baseline,matatiele,11.122,0.0,8.264461,8.0,1,100.0,100.0,1.0,0.0
2026-08-31 22:48:04.455694,s5,1:,84158,291,125181181,33281,140,Night,baseline,matatiele,11.122,0.0,8.264461,8.0,1,100.0,100.0,1.0,0.0
2026-08-31 22:48:04.455694,s5,2:,290,84288,33191,125199431,140,Night,baseline,matatiele,11.122,0.0,8.264461,8.0,1,100.0,100.0,1.0,0.0
2026-08-31 22:48:04.455694,s5,LOCAL:,0,0,0,0,140,Night,baseline,matatiele,11.122,0.0,8.264461,8.0,1,100.0,100.0,1.0,0.0
2026-08-31 22:48:05.485026,s1,1:,527,214246,50549,318307151,141,Night,baseline,umzimvubu,18.308,0.0,8.235947,8.0,1,100.0,100.0,1.0,0.0
2026-08-31 22:48:05.485026,s1,2:,112540,306,167272347,34836,141,Night,baseline,umzimvubu,18.308,0.0,8.235947,8.0,1,100.0,100.0,1.0,0.0
2026-08-31 22:48:05.485026,s1,3:,17619,284,25868339,31770,141,Night,baseline,umzimvubu,18.308,0.0,8.235947,8.0,1,100.0,100.0,1.0,0.0
2026-08-31 22:48:05.485026,s1,4:,271,277,31040,31292,141,Night,baseline,umzimvubu,18.308,0.0,8.235947,8.0,1,100.0,100.0,1.0,0.0
2026-08-31 22:48:05.485026,s1,5:,84288,290,125199431,33191,141,Night,baseline,umzimvubu,18.308,0.0,8.235947,8.0,1,100.0,100.0,1.0,0.0
2026-08-31 22:48:05.485026,s1,LOCAL:,0,0,0,0,141,Night,baseline,umzimvubu,18.308,0.0,8.235947,8.0,1,100.0,100.0,1.0,0.0
2026-08-31 22:48:05.485026,s2,1:,112411,308,167254183,35016,141,Night,baseline,umzimvubu,18.308,0.0,8.235947,8.0,1,100.0,100.0,1.0,0.0
2026-08-31 22:48:05.485026,s2,2:,306,112540,34836,167272347,141,Night,baseline,umzimvubu,18.308,0.0,8.235947,8.0,1,100.0,100.0,1.0,0.0
2026-08-31 22:48:05.485026,s2,LOCAL:,0,0,0,0,141,Night,baseline,umzimvubu,18.308,0.0,8.235947,8.0,1,100.0,100.0,1.0,0.0
2026-08-31 22:48:05.485026,s3,1:,17488,285,25849999,31860,141,Night,baseline,umzimvubu,18.308,0.0,8.235947,8.0,1,100.0,100.0,1.0,0.0
2026-08-31 22:48:05.485026,s3,2:,284,17619,31770,25868339,141,Night,baseline,umzimvubu,18.308,0.0,8.235947,8.0,1,100.0,100.0,1.0,0.0
2026-08-31 22:48:05.485026,s3,LOCAL:,0,0,0,0,141,Night,baseline,umzimvubu,18.308,0.0,8.235947,8.0,1,100.0,100.0,1.0,0.0
2026-08-31 22:48:05.485026,s4,1:,140,277,12700,31312,141,Night,baseline,umzimvubu,18.308,0.0,8.235947,8.0,1,100.0,100.0,1.0,0.0
2026-08-31 22:48:05.485026,s4,2:,277,271,31292,31040,141,Night,baseline,umzimvubu,18.308,0.0,8.235947,8.0,1,100.0,100.0,1.0,0.0
2026-08-31 22:48:05.485026,s4,LOCAL:,0,0,0,0,141,Night,baseline,umzimvubu,18.308,0.0,8.235947,8.0,1,100.0,100.0,1.0,0.0
2026-08-31 22:48:05.485026,s5,1:,84158,291,125181181,33281,141,Night,baseline,umzimvubu,18.308,0.0,8.235947,8.0,1,100.0,100.0,1.0,0.0
2026-08-31 22:48:05.485026,s5,2:,290,84288,33191,125199431,141,Night,baseline,umzimvubu,18.308,0.0,8.235947,8.0,1,100.0,100.0,1.0,0.0
2026-08-31 22:48:05.485026,s5,LOCAL:,0,0,0,0,141,Night,baseline,umzimvubu,18.308,0.0,8.235947,8.0,1,100.0,100.0,1.0,0.0
2026-08-31 22:48:06.447915,s1,1:,527,214246,50549,318307151,142,Night,baseline,ntabankulu,10.758,0.0,8.216913,8.0,1,100.0,100.0,1.0,0.0
2026-08-31 22:48:06.447915,s1,2:,112540,306,167272347,34836,142,Night,baseline,ntabankulu,10.758,0.0,8.216913,8.0,1,100.0,100.0,1.0,0.0
2026-08-31 22:48:06.447915,s1,3:,17619,284,25868339,31770,142,Night,baseline,ntabankulu,10.758,0.0,8.216913,8.0,1,100.0,100.0,1.0,0.0
2026-08-31 22:48:06.447915,s1,4:,271,277,31040,31292,142,Night,baseline,ntabankulu,10.758,0.0,8.216913,8.0,1,100.0,100.0,1.0,0.0
2026-08-31 22:48:06.447915,s1,5:,84288,290,125199431,33191,142,Night,baseline,ntabankulu,10.758,0.0,8.216913,8.0,1,100.0,100.0,1.0,0.0
2026-08-31 22:48:06.447915,s1,LOCAL:,0,0,0,0,142,Night,baseline,ntabankulu,10.758,0.0,8.216913,8.0,1,100.0,100.0,1.0,0.0
2026-08-31 22:48:06.447915,s2,1:,112411,308,167254183,35016,142,Night,baseline,ntabankulu,10.758,0.0,8.216913,8.0,1,100.0,100.0,1.0,0.0
2026-08-31 22:48:06.447915,s2,2:,306,112540,34836,167272347,142,Night,baseline,ntabankulu,10.758,0.0,8.216913,8.0,1,100.0,100.0,1.0,0.0
2026-08-31 22:48:06.447915,s2,LOCAL:,0,0,0,0,142,Night,baseline,ntabankulu,10.758,0.0,8.216913,8.0,1,100.0,100.0,1.0,0.0
2026-08-31 22:48:06.447915,s3,1:,17488,285,25849999,31860,142,Night,baseline,ntabankulu,10.758,0.0,8.216913,8.0,1,100.0,100.0,1.0,0.0
2026-08-31 22:48:06.447915,s3,2:,284,17619,31770,25868339,142,Night,baseline,ntabankulu,10.758,0.0,8.216913,8.0,1,100.0,100.0,1.0,0.0
2026-08-31 22:48:06.447915,s3,LOCAL:,0,0,0,0,142,Night,baseline,ntabankulu,10.758,0.0,8.216913,8.0,1,100.0,100.0,1.0,0.0
2026-08-31 22:48:06.447915,s4,1:,140,277,12700,31312,142,Night,baseline,ntabankulu,10.758,0.0,8.216913,8.0,1,100.0,100.0,1.0,0.0
2026-08-31 22:48:06.447915,s4,2:,277,271,31292,31040,142,Night,baseline,ntabankulu,10.758,0.0,8.216913,8.0,1,100.0,100.0,1.0,0.0
2026-08-31 22:48:06.447915,s4,LOCAL:,0,0,0,0,142,Night,baseline,ntabankulu,10.758,0.0,8.216913,8.0,1,100.0,100.0,1.0,0.0
2026-08-31 22:48:06.447915,s5,1:,84158,291,125181181,33281,142,Night,baseline,ntabankulu,10.758,0.0,8.216913,8.0,1,100.0,100.0,1.0,0.0
2026-08-31 22:48:06.447915,s5,2:,290,84288,33191,125199431,142,Night,baseline,ntabankulu,10.758,0.0,8.216913,8.0,1,100.0,100.0,1.0,0.0
2026-08-31 22:48:06.447915,s5,LOCAL:,0,0,0,0,142,Night,baseline,ntabankulu,10.758,0.0,8.216913,8.0,1,100.0,100.0,1.0,0.0
2026-08-31 22:48:07.447099,s1,1:,527,214246,50549,318307151,143,Night,baseline,winnie,15.061,0.0,8.253207,8.0,1,100.0,100.0,1.0,0.0
2026-08-31 22:48:07.447099,s1,2:,112540,306,167272347,34836,143,Night,baseline,winnie,15.061,0.0,8.253207,8.0,1,100.0,100.0,1.0,0.0
2026-08-31 22:48:07.447099,s1,3:,17619,284,25868339,31770,143,Night,baseline,winnie,15.061,0.0,8.253207,8.0,1,100.0,100.0,1.0,0.0
2026-08-31 22:48:07.447099,s1,4:,271,277,31040,31292,143,Night,baseline,winnie,15.061,0.0,8.253207,8.0,1,100.0,100.0,1.0,0.0
2026-08-31 22:48:07.447099,s1,5:,84288,290,125199431,33191,143,Night,baseline,winnie,15.061,0.0,8.253207,8.0,1,100.0,100.0,1.0,0.0
2026-08-31 22:48:07.447099,s1,LOCAL:,0,0,0,0,143,Night,baseline,winnie,15.061,0.0,8.253207,8.0,1,100.0,100.0,1.0,0.0
2026-08-31 22:48:07.447099,s2,1:,112411,308,167254183,35016,143,Night,baseline,winnie,15.061,0.0,8.253207,8.0,1,100.0,100.0,1.0,0.0
2026-08-31 22:48:07.447099,s2,2:,306,112540,34836,167272347,143,Night,baseline,winnie,15.061,0.0,8.253207,8.0,1,100.0,100.0,1.0,0.0
2026-08-31 22:48:07.447099,s2,LOCAL:,0,0,0,0,143,Night,baseline,winnie,15.061,0.0,8.253207,8.0,1,100.0,100.0,1.0,0.0
2026-08-31 22:48:07.447099,s3,1:,17488,285,25849999,31860,143,Night,baseline,winnie,15.061,0.0,8.253207,8.0,1,100.0,100.0,1.0,0.0
2026-08-31 22:48:07.447099,s3,2:,284,17619,31770,25868339,143,Night,baseline,winnie,15.061,0.0,8.253207,8.0,1,100.0,100.0,1.0,0.0
2026-08-31 22:48:07.447099,s3,LOCAL:,0,0,0,0,143,Night,baseline,winnie,15.061,0.0,8.253207,8.0,1,100.0,100.0,1.0,0.0
2026-08-31 22:48:07.447099,s4,1:,140,277,12700,31312,143,Night,baseline,winnie,15.061,0.0,8.253207,8.0,1,100.0,100.0,1.0,0.0
2026-08-31 22:48:07.447099,s4,2:,277,271,31292,31040,143,Night,baseline,winnie,15.061,0.0,8.253207,8.0,1,100.0,100.0,1.0,0.0
2026-08-31 22:48:07.447099,s4,LOCAL:,0,0,0,0,143,Night,baseline,winnie,15.061,0.0,8.253207,8.0,1,100.0,100.0,1.0,0.0
2026-08-31 22:48:07.447099,s5,1:,84158,291,125181181,33281,143,Night,baseline,winnie,15.061,0.0,8.253207,8.0,1,100.0,100.0,1.0,0.0
2026-08-31 22:48:07.447099,s5,2:,290,84288,33191,125199431,143,Night,baseline,winnie,15.061,0.0,8.253207,8.0,1,100.0,100.0,1.0,0.0
2026-08-31 22:48:07.447099,s5,LOCAL:,0,0,0,0,143,Night,baseline,winnie,15.061,0.0,8.253207,8.0,1,100.0,100.0,1.0,0.0
2026-08-31 22:48:08.472947,s1,1:,527,214246,50549,318307151,144,Night,baseline,matatiele,10.013,0.0,8.237736,8.0,1,100.0,100.0,1.0,0.0
2026-08-31 22:48:08.472947,s1,2:,112540,306,167272347,34836,144,Night,baseline,matatiele,10.013,0.0,8.237736,8.0,1,100.0,100.0,1.0,0.0
2026-08-31 22:48:08.472947,s1,3:,17619,284,25868339,31770,144,Night,baseline,matatiele,10.013,0.0,8.237736,8.0,1,100.0,100.0,1.0,0.0
2026-08-31 22:48:08.472947,s1,4:,271,277,31040,31292,144,Night,baseline,matatiele,10.013,0.0,8.237736,8.0,1,100.0,100.0,1.0,0.0
2026-08-31 22:48:08.472947,s1,5:,84288,290,125199431,33191,144,Night,baseline,matatiele,10.013,0.0,8.237736,8.0,1,100.0,100.0,1.0,0.0
2026-08-31 22:48:08.472947,s1,LOCAL:,0,0,0,0,144,Night,baseline,matatiele,10.013,0.0,8.237736,8.0,1,100.0,100.0,1.0,0.0
2026-08-31 22:48:08.472947,s2,1:,112411,308,167254183,35016,144,Night,baseline,matatiele,10.013,0.0,8.237736,8.0,1,100.0,100.0,1.0,0.0
2026-08-31 22:48:08.472947,s2,2:,306,112540,34836,167272347,144,Night,baseline,matatiele,10.013,0.0,8.237736,8.0,1,100.0,100.0,1.0,0.0
2026-08-31 22:48:08.472947,s2,LOCAL:,0,0,0,0,144,Night,baseline,matatiele,10.013,0.0,8.237736,8.0,1,100.0,100.0,1.0,0.0
2026-08-31 22:48:08.472947,s3,1:,17488,285,25849999,31860,144,Night,baseline,matatiele,10.013,0.0,8.237736,8.0,1,100.0,100.0,1.0,0.0
2026-08-31 22:48:08.472947,s3,2:,284,17619,31770,25868339,144,Night,baseline,matatiele,10.013,0.0,8.237736,8.0,1,100.0,100.0,1.0,0.0
2026-08-31 22:48:08.472947,s3,LOCAL:,0,0,0,0,144,Night,baseline,matatiele,10.013,0.0,8.237736,8.0,1,100.0,100.0,1.0,0.0
2026-08-31 22:48:08.472947,s4,1:,140,277,12700,31312,144,Night,baseline,matatiele,10.013,0.0,8.237736,8.0,1,100.0,100.0,1.0,0.0
2026-08-31 22:48:08.472947,s4,2:,277,271,31292,31040,144,Night,baseline,matatiele,10.013,0.0,8.237736,8.0,1,100.0,100.0,1.0,0.0
2026-08-31 22:48:08.472947,s4,LOCAL:,0,0,0,0,144,Night,baseline,matatiele,10.013,0.0,8.237736,8.0,1,100.0,100.0,1.0,0.0
2026-08-31 22:48:08.472947,s5,1:,84158,291,125181181,33281,144,Night,baseline,matatiele,10.013,0.0,8.237736,8.0,1,100.0,100.0,1.0,0.0
2026-08-31 22:48:08.472947,s5,2:,290,84288,33191,125199431,144,Night,baseline,matatiele,10.013,0.0,8.237736,8.0,1,100.0,100.0,1.0,0.0
2026-08-31 22:48:08.472947,s5,LOCAL:,0,0,0,0,144,Night,baseline,matatiele,10.013,0.0,8.237736,8.0,1,100.0,100.0,1.0,0.0
2026-08-31 22:48:09.453722,s1,1:,541,217705,51921,323438871,145,Night,baseline,umzimvubu,9.121,0.0,8.243288,8.0,1,100.0,100.0,1.0,0.0
2026-08-31 22:48:09.453722,s1,2:,112545,311,167272919,35408,145,Night,baseline,umzimvubu,9.121,0.0,8.243288,8.0,1,100.0,100.0,1.0,0.0
2026-08-31 22:48:09.453722,s1,3:,21068,291,30997687,32538,145,Night,baseline,umzimvubu,9.121,0.0,8.243288,8.0,1,100.0,100.0,1.0,0.0
2026-08-31 22:48:09.453722,s1,4:,276,282,31612,31864,145,Night,baseline,umzimvubu,9.121,0.0,8.243288,8.0,1,100.0,100.0,1.0,0.0
2026-08-31 22:48:09.453722,s1,5:,84293,295,125200003,33763,145,Night,baseline,umzimvubu,9.121,0.0,8.243288,8.0,1,100.0,100.0,1.0,0.0
2026-08-31 22:48:09.453722,s1,LOCAL:,0,0,0,0,145,Night,baseline,umzimvubu,9.121,0.0,8.243288,8.0,1,100.0,100.0,1.0,0.0
2026-08-31 22:48:09.453722,s2,1:,112414,313,167254477,35588,145,Night,baseline,umzimvubu,9.121,0.0,8.243288,8.0,1,100.0,100.0,1.0,0.0
2026-08-31 22:48:09.453722,s2,2:,311,112545,35408,167272919,145,Night,baseline,umzimvubu,9.121,0.0,8.243288,8.0,1,100.0,100.0,1.0,0.0
2026-08-31 22:48:09.453722,s2,LOCAL:,0,0,0,0,145,Night,baseline,umzimvubu,9.121,0.0,8.243288,8.0,1,100.0,100.0,1.0,0.0
2026-08-31 22:48:09.453722,s3,1:,20937,292,30982049,32628,145,Night,baseline,umzimvubu,9.121,0.0,8.243288,8.0,1,100.0,100.0,1.0,0.0
2026-08-31 22:48:09.453722,s3,2:,291,21068,32538,30997687,145,Night,baseline,umzimvubu,9.121,0.0,8.243288,8.0,1,100.0,100.0,1.0,0.0
2026-08-31 22:48:09.453722,s3,LOCAL:,0,0,0,0,145,Night,baseline,umzimvubu,9.121,0.0,8.243288,8.0,1,100.0,100.0,1.0,0.0
2026-08-31 22:48:09.453722,s4,1:,143,282,12994,31884,145,Night,baseline,umzimvubu,9.121,0.0,8.243288,8.0,1,100.0,100.0,1.0,0.0
2026-08-31 22:48:09.453722,s4,2:,282,276,31864,31612,145,Night,baseline,umzimvubu,9.121,0.0,8.243288,8.0,1,100.0,100.0,1.0,0.0
2026-08-31 22:48:09.453722,s4,LOCAL:,0,0,0,0,145,Night,baseline,umzimvubu,9.121,0.0,8.243288,8.0,1,100.0,100.0,1.0,0.0
2026-08-31 22:48:09.453722,s5,1:,84161,296,125181475,33853,145,Night,baseline,umzimvubu,9.121,0.0,8.243288,8.0,1,100.0,100.0,1.0,0.0
2026-08-31 22:48:09.453722,s5,2:,295,84293,33763,125200003,145,Night,baseline,umzimvubu,9.121,0.0,8.243288,8.0,1,100.0,100.0,1.0,0.0
2026-08-31 22:48:09.453722,s5,LOCAL:,0,0,0,0,145,Night,baseline,umzimvubu,9.121,0.0,8.243288,8.0,1,100.0,100.0,1.0,0.0
2026-08-31 22:48:10.455681,s1,1:,541,217705,51921,323438871,146,Night,baseline,ntabankulu,8.827,0.0,8.214316,8.0,1,100.0,100.0,1.0,0.0
2026-08-31 22:48:10.455681,s1,2:,112545,311,167272919,35408,146,Night,baseline,ntabankulu,8.827,0.0,8.214316,8.0,1,100.0,100.0,1.0,0.0
2026-08-31 22:48:10.455681,s1,3:,21068,291,30997687,32538,146,Night,baseline,ntabankulu,8.827,0.0,8.214316,8.0,1,100.0,100.0,1.0,0.0
2026-08-31 22:48:10.455681,s1,4:,276,282,31612,31864,146,Night,baseline,ntabankulu,8.827,0.0,8.214316,8.0,1,100.0,100.0,1.0,0.0
2026-08-31 22:48:10.455681,s1,5:,84293,295,125200003,33763,146,Night,baseline,ntabankulu,8.827,0.0,8.214316,8.0,1,100.0,100.0,1.0,0.0
2026-08-31 22:48:10.455681,s1,LOCAL:,0,0,0,0,146,Night,baseline,ntabankulu,8.827,0.0,8.214316,8.0,1,100.0,100.0,1.0,0.0
2026-08-31 22:48:10.455681,s2,1:,112414,313,167254477,35588,146,Night,baseline,ntabankulu,8.827,0.0,8.214316,8.0,1,100.0,100.0,1.0,0.0
2026-08-31 22:48:10.455681,s2,2:,311,112545,35408,167272919,146,Night,baseline,ntabankulu,8.827,0.0,8.214316,8.0,1,100.0,100.0,1.0,0.0
2026-08-31 22:48:10.455681,s2,LOCAL:,0,0,0,0,146,Night,baseline,ntabankulu,8.827,0.0,8.214316,8.0,1,100.0,100.0,1.0,0.0
2026-08-31 22:48:10.455681,s3,1:,20937,292,30982049,32628,146,Night,baseline,ntabankulu,8.827,0.0,8.214316,8.0,1,100.0,100.0,1.0,0.0
2026-08-31 22:48:10.455681,s3,2:,291,21068,32538,30997687,146,Night,baseline,ntabankulu,8.827,0.0,8.214316,8.0,1,100.0,100.0,1.0,0.0
2026-08-31 22:48:10.455681,s3,LOCAL:,0,0,0,0,146,Night,baseline,ntabankulu,8.827,0.0,8.214316,8.0,1,100.0,100.0,1.0,0.0
2026-08-31 22:48:10.455681,s4,1:,143,282,12994,31884,146,Night,baseline,ntabankulu,8.827,0.0,8.214316,8.0,1,100.0,100.0,1.0,0.0
2026-08-31 22:48:10.455681,s4,2:,282,276,31864,31612,146,Night,baseline,ntabankulu,8.827,0.0,8.214316,8.0,1,100.0,100.0,1.0,0.0
2026-08-31 22:48:10.455681,s4,LOCAL:,0,0,0,0,146,Night,baseline,ntabankulu,8.827,0.0,8.214316,8.0,1,100.0,100.0,1.0,0.0
2026-08-31 22:48:10.455681,s5,1:,84161,296,125181475,33853,146,Night,baseline,ntabankulu,8.827,0.0,8.214316,8.0,1,100.0,100.0,1.0,0.0
2026-08-31 22:48:10.455681,s5,2:,295,84293,33763,125200003,146,Night,baseline,ntabankulu,8.827,0.0,8.214316,8.0,1,100.0,100.0,1.0,0.0
2026-08-31 22:48:10.455681,s5,LOCAL:,0,0,0,0,146,Night,baseline,ntabankulu,8.827,0.0,8.214316,8.0,1,100.0,100.0,1.0,0.0
2026-08-31 22:48:11.448541,s1,1:,541,217705,51921,323438871,147,Night,baseline,winnie,11.05,0.0,8.240554,8.0,1,100.0,100.0,1.0,0.0
2026-08-31 22:48:11.448541,s1,2:,112545,311,167272919,35408,147,Night,baseline,winnie,11.05,0.0,8.240554,8.0,1,100.0,100.0,1.0,0.0
2026-08-31 22:48:11.448541,s1,3:,21068,291,30997687,32538,147,Night,baseline,winnie,11.05,0.0,8.240554,8.0,1,100.0,100.0,1.0,0.0
2026-08-31 22:48:11.448541,s1,4:,276,282,31612,31864,147,Night,baseline,winnie,11.05,0.0,8.240554,8.0,1,100.0,100.0,1.0,0.0
2026-08-31 22:48:11.448541,s1,5:,84293,295,125200003,33763,147,Night,baseline,winnie,11.05,0.0,8.240554,8.0,1,100.0,100.0,1.0,0.0
2026-08-31 22:48:11.448541,s1,LOCAL:,0,0,0,0,147,Night,baseline,winnie,11.05,0.0,8.240554,8.0,1,100.0,100.0,1.0,0.0
2026-08-31 22:48:11.448541,s2,1:,112414,313,167254477,35588,147,Night,baseline,winnie,11.05,0.0,8.240554,8.0,1,100.0,100.0,1.0,0.0
2026-08-31 22:48:11.448541,s2,2:,311,112545,35408,167272919,147,Night,baseline,winnie,11.05,0.0,8.240554,8.0,1,100.0,100.0,1.0,0.0
2026-08-31 22:48:11.448541,s2,LOCAL:,0,0,0,0,147,Night,baseline,winnie,11.05,0.0,8.240554,8.0,1,100.0,100.0,1.0,0.0
2026-08-31 22:48:11.448541,s3,1:,20937,292,30982049,32628,147,Night,baseline,winnie,11.05,0.0,8.240554,8.0,1,100.0,100.0,1.0,0.0
2026-08-31 22:48:11.448541,s3,2:,291,21068,32538,30997687,147,Night,baseline,winnie,11.05,0.0,8.240554,8.0,1,100.0,100.0,1.0,0.0
2026-08-31 22:48:11.448541,s3,LOCAL:,0,0,0,0,147,Night,baseline,winnie,11.05,0.0,8.240554,8.0,1,100.0,100.0,1.0,0.0
2026-08-31 22:48:11.448541,s4,1:,143,282,12994,31884,147,Night,baseline,winnie,11.05,0.0,8.240554,8.0,1,100.0,100.0,1.0,0.0
2026-08-31 22:48:11.448541,s4,2:,282,276,31864,31612,147,Night,baseline,winnie,11.05,0.0,8.240554,8.0,1,100.0,100.0,1.0,0.0
2026-08-31 22:48:11.448541,s4,LOCAL:,0,0,0,0,147,Night,baseline,winnie,11.05,0.0,8.240554,8.0,1,100.0,100.0,1.0,0.0
2026-08-31 22:48:11.448541,s5,1:,84161,296,125181475,33853,147,Night,baseline,winnie,11.05,0.0,8.240554,8.0,1,100.0,100.0,1.0,0.0
2026-08-31 22:48:11.448541,s5,2:,295,84293,33763,125200003,147,Night,baseline,winnie,11.05,0.0,8.240554,8.0,1,100.0,100.0,1.0,0.0
2026-08-31 22:48:11.448541,s5,LOCAL:,0,0,0,0,147,Night,baseline,winnie,11.05,0.0,8.240554,8.0,1,100.0,100.0,1.0,0.0
2026-08-31 22:48:12.503713,s1,1:,541,217705,51921,323438871,148,Night,baseline,matatiele,15.651,0.0,7.596866,8.0,1,100.0,100.0,1.0,0.0
2026-08-31 22:48:12.503713,s1,2:,112545,311,167272919,35408,148,Night,baseline,matatiele,15.651,0.0,7.596866,8.0,1,100.0,100.0,1.0,0.0
2026-08-31 22:48:12.503713,s1,3:,21068,291,30997687,32538,148,Night,baseline,matatiele,15.651,0.0,7.596866,8.0,1,100.0,100.0,1.0,0.0
2026-08-31 22:48:12.503713,s1,4:,276,282,31612,31864,148,Night,baseline,matatiele,15.651,0.0,7.596866,8.0,1,100.0,100.0,1.0,0.0
2026-08-31 22:48:12.503713,s1,5:,84293,295,125200003,33763,148,Night,baseline,matatiele,15.651,0.0,7.596866,8.0,1,100.0,100.0,1.0,0.0
2026-08-31 22:48:12.503713,s1,LOCAL:,0,0,0,0,148,Night,baseline,matatiele,15.651,0.0,7.596866,8.0,1,100.0,100.0,1.0,0.0
2026-08-31 22:48:12.503713,s2,1:,112414,313,167254477,35588,148,Night,baseline,matatiele,15.651,0.0,7.596866,8.0,1,100.0,100.0,1.0,0.0
2026-08-31 22:48:12.503713,s2,2:,311,112545,35408,167272919,148,Night,baseline,matatiele,15.651,0.0,7.596866,8.0,1,100.0,100.0,1.0,0.0
2026-08-31 22:48:12.503713,s2,LOCAL:,0,0,0,0,148,Night,baseline,matatiele,15.651,0.0,7.596866,8.0,1,100.0,100.0,1.0,0.0
2026-08-31 22:48:12.503713,s3,1:,20937,292,30982049,32628,148,Night,baseline,matatiele,15.651,0.0,7.596866,8.0,1,100.0,100.0,1.0,0.0
2026-08-31 22:48:12.503713,s3,2:,291,21068,32538,30997687,148,Night,baseline,matatiele,15.651,0.0,7.596866,8.0,1,100.0,100.0,1.0,0.0
2026-08-31 22:48:12.503713,s3,LOCAL:,0,0,0,0,148,Night,baseline,matatiele,15.651,0.0,7.596866,8.0,1,100.0,100.0,1.0,0.0
2026-08-31 22:48:12.503713,s4,1:,143,282,12994,31884,148,Night,baseline,matatiele,15.651,0.0,7.596866,8.0,1,100.0,100.0,1.0,0.0
2026-08-31 22:48:12.503713,s4,2:,282,276,31864,31612,148,Night,baseline,matatiele,15.651,0.0,7.596866,8.0,1,100.0,100.0,1.0,0.0
2026-08-31 22:48:12.503713,s4,LOCAL:,0,0,0,0,148,Night,baseline,matatiele,15.651,0.0,7.596866,8.0,1,100.0,100.0,1.0,0.0
2026-08-31 22:48:12.503713,s5,1:,84161,296,125181475,33853,148,Night,baseline,matatiele,15.651,0.0,7.596866,8.0,1,100.0,100.0,1.0,0.0
2026-08-31 22:48:12.503713,s5,2:,295,84293,33763,125200003,148,Night,baseline,matatiele,15.651,0.0,7.596866,8.0,1,100.0,100.0,1.0,0.0
2026-08-31 22:48:12.503713,s5,LOCAL:,0,0,0,0,148,Night,baseline,matatiele,15.651,0.0,7.596866,8.0,1,100.0,100.0,1.0,0.0
2026-08-31 22:48:13.448452,s1,1:,541,217705,51921,323438871,149,Night,baseline,umzimvubu,14.071,0.0,8.922548,8.0,1,100.0,100.0,1.0,0.0
2026-08-31 22:48:13.448452,s1,2:,112545,311,167272919,35408,149,Night,baseline,umzimvubu,14.071,0.0,8.922548,8.0,1,100.0,100.0,1.0,0.0
2026-08-31 22:48:13.448452,s1,3:,21068,291,30997687,32538,149,Night,baseline,umzimvubu,14.071,0.0,8.922548,8.0,1,100.0,100.0,1.0,0.0
2026-08-31 22:48:13.448452,s1,4:,276,282,31612,31864,149,Night,baseline,umzimvubu,14.071,0.0,8.922548,8.0,1,100.0,100.0,1.0,0.0
2026-08-31 22:48:13.448452,s1,5:,84293,295,125200003,33763,149,Night,baseline,umzimvubu,14.071,0.0,8.922548,8.0,1,100.0,100.0,1.0,0.0
2026-08-31 22:48:13.448452,s1,LOCAL:,0,0,0,0,149,Night,baseline,umzimvubu,14.071,0.0,8.922548,8.0,1,100.0,100.0,1.0,0.0
2026-08-31 22:48:13.448452,s2,1:,112414,313,167254477,35588,149,Night,baseline,umzimvubu,14.071,0.0,8.922548,8.0,1,100.0,100.0,1.0,0.0
2026-08-31 22:48:13.448452,s2,2:,311,112545,35408,167272919,149,Night,baseline,umzimvubu,14.071,0.0,8.922548,8.0,1,100.0,100.0,1.0,0.0
2026-08-31 22:48:13.448452,s2,LOCAL:,0,0,0,0,149,Night,baseline,umzimvubu,14.071,0.0,8.922548,8.0,1,100.0,100.0,1.0,0.0
2026-08-31 22:48:13.448452,s3,1:,20937,292,30982049,32628,149,Night,baseline,umzimvubu,14.071,0.0,8.922548,8.0,1,100.0,100.0,1.0,0.0
2026-08-31 22:48:13.448452,s3,2:,291,21068,32538,30997687,149,Night,baseline,umzimvubu,14.071,0.0,8.922548,8.0,1,100.0,100.0,1.0,0.0
2026-08-31 22:48:13.448452,s3,LOCAL:,0,0,0,0,149,Night,baseline,umzimvubu,14.071,0.0,8.922548,8.0,1,100.0,100.0,1.0,0.0
2026-08-31 22:48:13.448452,s4,1:,143,282,12994,31884,149,Night,baseline,umzimvubu,14.071,0.0,8.922548,8.0,1,100.0,100.0,1.0,0.0
2026-08-31 22:48:13.448452,s4,2:,282,276,31864,31612,149,Night,baseline,umzimvubu,14.071,0.0,8.922548,8.0,1,100.0,100.0,1.0,0.0
2026-08-31 22:48:13.448452,s4,LOCAL:,0,0,0,0,149,Night,baseline,umzimvubu,14.071,0.0,8.922548,8.0,1,100.0,100.0,1.0,0.0
2026-08-31 22:48:13.448452,s5,1:,84161,296,125181475,33853,149,Night,baseline,umzimvubu,14.071,0.0,8.922548,8.0,1,100.0,100.0,1.0,0.0
2026-08-31 22:48:13.448452,s5,2:,295,84293,33763,125200003,149,Night,baseline,umzimvubu,14.071,0.0,8.922548,8.0,1,100.0,100.0,1.0,0.0
2026-08-31 22:48:13.448452,s5,LOCAL:,0,0,0,0,149,Night,baseline,umzimvubu,14.071,0.0,8.922548,8.0,1,100.0,100.0,1.0,0.0
2026-08-31 22:48:14.451929,s1,1:,558,221207,53531,328627727,150,Night,baseline,ntabankulu,97.214,0.0,8.098594,8.0,1,100.0,100.0,1.0,0.0
2026-08-31 22:48:14.451929,s1,2:,112552,318,167273769,36258,150,Night,baseline,ntabankulu,97.214,0.0,8.098594,8.0,1,100.0,100.0,1.0,0.0
2026-08-31 22:48:14.451929,s1,3:,24561,300,36189837,33528,150,Night,baseline,ntabankulu,97.214,0.0,8.098594,8.0,1,100.0,100.0,1.0,0.0
2026-08-31 22:48:14.451929,s1,4:,286,292,32756,33008,150,Night,baseline,ntabankulu,97.214,0.0,8.098594,8.0,1,100.0,100.0,1.0,0.0
2026-08-31 22:48:14.451929,s1,5:,84300,302,125200853,34613,150,Night,baseline,ntabankulu,97.214,0.0,8.098594,8.0,1,100.0,100.0,1.0,0.0
2026-08-31 22:48:14.451929,s1,LOCAL:,0,0,0,0,150,Night,baseline,ntabankulu,97.214,0.0,8.098594,8.0,1,100.0,100.0,1.0,0.0
2026-08-31 22:48:14.451929,s2,1:,112417,320,167254771,36438,150,Night,baseline,ntabankulu,97.214,0.0,8.098594,8.0,1,100.0,100.0,1.0,0.0
2026-08-31 22:48:14.451929,s2,2:,318,112552,36258,167273769,150,Night,baseline,ntabankulu,97.214,0.0,8.098594,8.0,1,100.0,100.0,1.0,0.0
2026-08-31 22:48:14.451929,s2,LOCAL:,0,0,0,0,150,Night,baseline,ntabankulu,97.214,0.0,8.098594,8.0,1,100.0,100.0,1.0,0.0
2026-08-31 22:48:14.451929,s3,1:,24437,301,36190033,33618,150,Night,baseline,ntabankulu,97.214,0.0,8.098594,8.0,1,100.0,100.0,1.0,0.0
2026-08-31 22:48:14.451929,s3,2:,300,24561,33528,36189837,150,Night,baseline,ntabankulu,97.214,0.0,8.098594,8.0,1,100.0,100.0,1.0,0.0
2026-08-31 22:48:14.451929,s3,LOCAL:,0,0,0,0,150,Night,baseline,ntabankulu,97.214,0.0,8.098594,8.0,1,100.0,100.0,1.0,0.0
2026-08-31 22:48:14.451929,s4,1:,149,292,13582,33028,150,Night,baseline,ntabankulu,97.214,0.0,8.098594,8.0,1,100.0,100.0,1.0,0.0
2026-08-31 22:48:14.451929,s4,2:,292,286,33008,32756,150,Night,baseline,ntabankulu,97.214,0.0,8.098594,8.0,1,100.0,100.0,1.0,0.0
2026-08-31 22:48:14.451929,s4,LOCAL:,0,0,0,0,150,Night,baseline,ntabankulu,97.214,0.0,8.098594,8.0,1,100.0,100.0,1.0,0.0
2026-08-31 22:48:14.451929,s5,1:,84164,303,125181769,34703,150,Night,baseline,ntabankulu,97.214,0.0,8.098594,8.0,1,100.0,100.0,1.0,0.0
2026-08-31 22:48:14.451929,s5,2:,302,84300,34613,125200853,150,Night,baseline,ntabankulu,97.214,0.0,8.098594,8.0,1,100.0,100.0,1.0,0.0
2026-08-31 22:48:14.451929,s5,LOCAL:,0,0,0,0,150,Night,baseline,ntabankulu,97.214,0.0,8.098594,8.0,1,100.0,100.0,1.0,0.0
2026-08-31 22:48:15.452038,s1,1:,558,221207,53531,328627727,151,Night,baseline,winnie,10.244,0.0,8.392618,8.0,1,100.0,100.0,1.0,0.0
2026-08-31 22:48:15.452038,s1,2:,112552,318,167273769,36258,151,Night,baseline,winnie,10.244,0.0,8.392618,8.0,1,100.0,100.0,1.0,0.0
2026-08-31 22:48:15.452038,s1,3:,24561,300,36189837,33528,151,Night,baseline,winnie,10.244,0.0,8.392618,8.0,1,100.0,100.0,1.0,0.0
2026-08-31 22:48:15.452038,s1,4:,286,292,32756,33008,151,Night,baseline,winnie,10.244,0.0,8.392618,8.0,1,100.0,100.0,1.0,0.0
2026-08-31 22:48:15.452038,s1,5:,84300,302,125200853,34613,151,Night,baseline,winnie,10.244,0.0,8.392618,8.0,1,100.0,100.0,1.0,0.0
2026-08-31 22:48:15.452038,s1,LOCAL:,0,0,0,0,151,Night,baseline,winnie,10.244,0.0,8.392618,8.0,1,100.0,100.0,1.0,0.0
2026-08-31 22:48:15.452038,s2,1:,112417,320,167254771,36438,151,Night,baseline,winnie,10.244,0.0,8.392618,8.0,1,100.0,100.0,1.0,0.0
2026-08-31 22:48:15.452038,s2,2:,318,112552,36258,167273769,151,Night,baseline,winnie,10.244,0.0,8.392618,8.0,1,100.0,100.0,1.0,0.0
2026-08-31 22:48:15.452038,s2,LOCAL:,0,0,0,0,151,Night,baseline,winnie,10.244,0.0,8.392618,8.0,1,100.0,100.0,1.0,0.0
2026-08-31 22:48:15.452038,s3,1:,24437,301,36190033,33618,151,Night,baseline,winnie,10.244,0.0,8.392618,8.0,1,100.0,100.0,1.0,0.0
2026-08-31 22:48:15.452038,s3,2:,300,24561,33528,36189837,151,Night,baseline,winnie,10.244,0.0,8.392618,8.0,1,100.0,100.0,1.0,0.0
2026-08-31 22:48:15.452038,s3,LOCAL:,0,0,0,0,151,Night,baseline,winnie,10.244,0.0,8.392618,8.0,1,100.0,100.0,1.0,0.0
2026-08-31 22:48:15.452038,s4,1:,149,292,13582,33028,151,Night,baseline,winnie,10.244,0.0,8.392618,8.0,1,100.0,100.0,1.0,0.0
2026-08-31 22:48:15.452038,s4,2:,292,286,33008,32756,151,Night,baseline,winnie,10.244,0.0,8.392618,8.0,1,100.0,100.0,1.0,0.0
2026-08-31 22:48:15.452038,s4,LOCAL:,0,0,0,0,151,Night,baseline,winnie,10.244,0.0,8.392618,8.0,1,100.0,100.0,1.0,0.0
2026-08-31 22:48:15.452038,s5,1:,84164,303,125181769,34703,151,Night,baseline,winnie,10.244,0.0,8.392618,8.0,1,100.0,100.0,1.0,0.0
2026-08-31 22:48:15.452038,s5,2:,302,84300,34613,125200853,151,Night,baseline,winnie,10.244,0.0,8.392618,8.0,1,100.0,100.0,1.0,0.0
2026-08-31 22:48:15.452038,s5,LOCAL:,0,0,0,0,151,Night,baseline,winnie,10.244,0.0,8.392618,8.0,1,100.0,100.0,1.0,0.0
2026-08-31 22:48:16.445924,s1,1:,558,221207,53531,328627727,152,Night,baseline,matatiele,21.214,0.0,8.209337,8.0,1,100.0,100.0,1.0,0.0
2026-08-31 22:48:16.445924,s1,2:,112552,318,167273769,36258,152,Night,baseline,matatiele,21.214,0.0,8.209337,8.0,1,100.0,100.0,1.0,0.0
2026-08-31 22:48:16.445924,s1,3:,24561,300,36189837,33528,152,Night,baseline,matatiele,21.214,0.0,8.209337,8.0,1,100.0,100.0,1.0,0.0
2026-08-31 22:48:16.445924,s1,4:,286,292,32756,33008,152,Night,baseline,matatiele,21.214,0.0,8.209337,8.0,1,100.0,100.0,1.0,0.0
2026-08-31 22:48:16.445924,s1,5:,84300,302,125200853,34613,152,Night,baseline,matatiele,21.214,0.0,8.209337,8.0,1,100.0,100.0,1.0,0.0
2026-08-31 22:48:16.445924,s1,LOCAL:,0,0,0,0,152,Night,baseline,matatiele,21.214,0.0,8.209337,8.0,1,100.0,100.0,1.0,0.0
2026-08-31 22:48:16.445924,s2,1:,112417,320,167254771,36438,152,Night,baseline,matatiele,21.214,0.0,8.209337,8.0,1,100.0,100.0,1.0,0.0
2026-08-31 22:48:16.445924,s2,2:,318,112552,36258,167273769,152,Night,baseline,matatiele,21.214,0.0,8.209337,8.0,1,100.0,100.0,1.0,0.0
2026-08-31 22:48:16.445924,s2,LOCAL:,0,0,0,0,152,Night,baseline,matatiele,21.214,0.0,8.209337,8.0,1,100.0,100.0,1.0,0.0
2026-08-31 22:48:16.445924,s3,1:,24437,301,36190033,33618,152,Night,baseline,matatiele,21.214,0.0,8.209337,8.0,1,100.0,100.0,1.0,0.0
2026-08-31 22:48:16.445924,s3,2:,300,24561,33528,36189837,152,Night,baseline,matatiele,21.214,0.0,8.209337,8.0,1,100.0,100.0,1.0,0.0
2026-08-31 22:48:16.445924,s3,LOCAL:,0,0,0,0,152,Night,baseline,matatiele,21.214,0.0,8.209337,8.0,1,100.0,100.0,1.0,0.0
2026-08-31 22:48:16.445924,s4,1:,149,292,13582,33028,152,Night,baseline,matatiele,21.214,0.0,8.209337,8.0,1,100.0,100.0,1.0,0.0
2026-08-31 22:48:16.445924,s4,2:,292,286,33008,32756,152,Night,baseline,matatiele,21.214,0.0,8.209337,8.0,1,100.0,100.0,1.0,0.0
2026-08-31 22:48:16.445924,s4,LOCAL:,0,0,0,0,152,Night,baseline,matatiele,21.214,0.0,8.209337,8.0,1,100.0,100.0,1.0,0.0
2026-08-31 22:48:16.445924,s5,1:,84164,303,125181769,34703,152,Night,baseline,matatiele,21.214,0.0,8.209337,8.0,1,100.0,100.0,1.0,0.0
2026-08-31 22:48:16.445924,s5,2:,302,84300,34613,125200853,152,Night,baseline,matatiele,21.214,0.0,8.209337,8.0,1,100.0,100.0,1.0,0.0
2026-08-31 22:48:16.445924,s5,LOCAL:,0,0,0,0,152,Night,baseline,matatiele,21.214,0.0,8.209337,8.0,1,100.0,100.0,1.0,0.0
2026-08-31 22:48:17.449738,s1,1:,558,221207,53531,328627727,153,Night,baseline,umzimvubu,20.436,0.0,8.255087,8.0,1,100.0,100.0,1.0,0.0
2026-08-31 22:48:17.449738,s1,2:,112552,318,167273769,36258,153,Night,baseline,umzimvubu,20.436,0.0,8.255087,8.0,1,100.0,100.0,1.0,0.0
2026-08-31 22:48:17.449738,s1,3:,24561,300,36189837,33528,153,Night,baseline,umzimvubu,20.436,0.0,8.255087,8.0,1,100.0,100.0,1.0,0.0
2026-08-31 22:48:17.449738,s1,4:,286,292,32756,33008,153,Night,baseline,umzimvubu,20.436,0.0,8.255087,8.0,1,100.0,100.0,1.0,0.0
2026-08-31 22:48:17.449738,s1,5:,84300,302,125200853,34613,153,Night,baseline,umzimvubu,20.436,0.0,8.255087,8.0,1,100.0,100.0,1.0,0.0
2026-08-31 22:48:17.449738,s1,LOCAL:,0,0,0,0,153,Night,baseline,umzimvubu,20.436,0.0,8.255087,8.0,1,100.0,100.0,1.0,0.0
2026-08-31 22:48:17.449738,s2,1:,112417,320,167254771,36438,153,Night,baseline,umzimvubu,20.436,0.0,8.255087,8.0,1,100.0,100.0,1.0,0.0
2026-08-31 22:48:17.449738,s2,2:,318,112552,36258,167273769,153,Night,baseline,umzimvubu,20.436,0.0,8.255087,8.0,1,100.0,100.0,1.0,0.0
2026-08-31 22:48:17.449738,s2,LOCAL:,0,0,0,0,153,Night,baseline,umzimvubu,20.436,0.0,8.255087,8.0,1,100.0,100.0,1.0,0.0
2026-08-31 22:48:17.449738,s3,1:,24437,301,36190033,33618,153,Night,baseline,umzimvubu,20.436,0.0,8.255087,8.0,1,100.0,100.0,1.0,0.0
2026-08-31 22:48:17.449738,s3,2:,300,24561,33528,36189837,153,Night,baseline,umzimvubu,20.436,0.0,8.255087,8.0,1,100.0,100.0,1.0,0.0
2026-08-31 22:48:17.449738,s3,LOCAL:,0,0,0,0,153,Night,baseline,umzimvubu,20.436,0.0,8.255087,8.0,1,100.0,100.0,1.0,0.0
2026-08-31 22:48:17.449738,s4,1:,149,292,13582,33028,153,Night,baseline,umzimvubu,20.436,0.0,8.255087,8.0,1,100.0,100.0,1.0,0.0
2026-08-31 22:48:17.449738,s4,2:,292,286,33008,32756,153,Night,baseline,umzimvubu,20.436,0.0,8.255087,8.0,1,100.0,100.0,1.0,0.0
2026-08-31 22:48:17.449738,s4,LOCAL:,0,0,0,0,153,Night,baseline,umzimvubu,20.436,0.0,8.255087,8.0,1,100.0,100.0,1.0,0.0
2026-08-31 22:48:17.449738,s5,1:,84164,303,125181769,34703,153,Night,baseline,umzimvubu,20.436,0.0,8.255087,8.0,1,100.0,100.0,1.0,0.0
2026-08-31 22:48:17.449738,s5,2:,302,84300,34613,125200853,153,Night,baseline,umzimvubu,20.436,0.0,8.255087,8.0,1,100.0,100.0,1.0,0.0
2026-08-31 22:48:17.449738,s5,LOCAL:,0,0,0,0,153,Night,baseline,umzimvubu,20.436,0.0,8.255087,8.0,1,100.0,100.0,1.0,0.0
2026-08-31 22:48:18.461215,s1,1:,558,221207,53531,328627727,154,Night,baseline,ntabankulu,9.71,0.0,8.215726,8.0,1,100.0,100.0,1.0,0.0
2026-08-31 22:48:18.461215,s1,2:,112552,318,167273769,36258,154,Night,baseline,ntabankulu,9.71,0.0,8.215726,8.0,1,100.0,100.0,1.0,0.0
2026-08-31 22:48:18.461215,s1,3:,24561,300,36189837,33528,154,Night,baseline,ntabankulu,9.71,0.0,8.215726,8.0,1,100.0,100.0,1.0,0.0
2026-08-31 22:48:18.461215,s1,4:,286,292,32756,33008,154,Night,baseline,ntabankulu,9.71,0.0,8.215726,8.0,1,100.0,100.0,1.0,0.0
2026-08-31 22:48:18.461215,s1,5:,84300,302,125200853,34613,154,Night,baseline,ntabankulu,9.71,0.0,8.215726,8.0,1,100.0,100.0,1.0,0.0
2026-08-31 22:48:18.461215,s1,LOCAL:,0,0,0,0,154,Night,baseline,ntabankulu,9.71,0.0,8.215726,8.0,1,100.0,100.0,1.0,0.0
2026-08-31 22:48:18.461215,s2,1:,112417,320,167254771,36438,154,Night,baseline,ntabankulu,9.71,0.0,8.215726,8.0,1,100.0,100.0,1.0,0.0
2026-08-31 22:48:18.461215,s2,2:,318,112552,36258,167273769,154,Night,baseline,ntabankulu,9.71,0.0,8.215726,8.0,1,100.0,100.0,1.0,0.0
2026-08-31 22:48:18.461215,s2,LOCAL:,0,0,0,0,154,Night,baseline,ntabankulu,9.71,0.0,8.215726,8.0,1,100.0,100.0,1.0,0.0
2026-08-31 22:48:18.461215,s3,1:,24437,301,36190033,33618,154,Night,baseline,ntabankulu,9.71,0.0,8.215726,8.0,1,100.0,100.0,1.0,0.0
2026-08-31 22:48:18.461215,s3,2:,300,24561,33528,36189837,154,Night,baseline,ntabankulu,9.71,0.0,8.215726,8.0,1,100.0,100.0,1.0,0.0
2026-08-31 22:48:18.461215,s3,LOCAL:,0,0,0,0,154,Night,baseline,ntabankulu,9.71,0.0,8.215726,8.0,1,100.0,100.0,1.0,0.0
2026-08-31 22:48:18.461215,s4,1:,149,292,13582,33028,154,Night,baseline,ntabankulu,9.71,0.0,8.215726,8.0,1,100.0,100.0,1.0,0.0
2026-08-31 22:48:18.461215,s4,2:,292,286,33008,32756,154,Night,baseline,ntabankulu,9.71,0.0,8.215726,8.0,1,100.0,100.0,1.0,0.0
2026-08-31 22:48:18.461215,s4,LOCAL:,0,0,0,0,154,Night,baseline,ntabankulu,9.71,0.0,8.215726,8.0,1,100.0,100.0,1.0,0.0
2026-08-31 22:48:18.461215,s5,1:,84164,303,125181769,34703,154,Night,baseline,ntabankulu,9.71,0.0,8.215726,8.0,1,100.0,100.0,1.0,0.0
2026-08-31 22:48:18.461215,s5,2:,302,84300,34613,125200853,154,Night,baseline,ntabankulu,9.71,0.0,8.215726,8.0,1,100.0,100.0,1.0,0.0
2026-08-31 22:48:18.461215,s5,LOCAL:,0,0,0,0,154,Night,baseline,ntabankulu,9.71,0.0,8.215726,8.0,1,100.0,100.0,1.0,0.0
2026-08-31 22:48:19.450707,s1,1:,575,224783,55085,333929489,155,Night,baseline,winnie,11.484,0.0,8.258818,8.0,1,100.0,100.0,1.0,0.0
2026-08-31 22:48:19.450707,s1,2:,112560,324,167274661,36872,155,Night,baseline,winnie,11.484,0.0,8.258818,8.0,1,100.0,100.0,1.0,0.0
2026-08-31 22:48:19.450707,s1,3:,28119,305,41484379,34100,155,Night,baseline,winnie,11.484,0.0,8.258818,8.0,1,100.0,100.0,1.0,0.0
2026-08-31 22:48:19.450707,s1,4:,293,297,33606,33580,155,Night,baseline,winnie,11.484,0.0,8.258818,8.0,1,100.0,100.0,1.0,0.0
2026-08-31 22:48:19.450707,s1,5:,84309,311,125201761,35521,155,Night,baseline,winnie,11.484,0.0,8.258818,8.0,1,100.0,100.0,1.0,0.0
2026-08-31 22:48:19.450707,s1,LOCAL:,0,0,0,0,155,Night,baseline,winnie,11.484,0.0,8.258818,8.0,1,100.0,100.0,1.0,0.0
2026-08-31 22:48:19.450707,s2,1:,112421,328,167255107,37330,155,Night,baseline,winnie,11.484,0.0,8.258818,8.0,1,100.0,100.0,1.0,0.0
2026-08-31 22:48:19.450707,s2,2:,324,112560,36872,167274661,155,Night,baseline,winnie,11.484,0.0,8.258818,8.0,1,100.0,100.0,1.0,0.0
2026-08-31 22:48:19.450707,s2,LOCAL:,0,0,0,0,155,Night,baseline,winnie,11.484,0.0,8.258818,8.0,1,100.0,100.0,1.0,0.0
2026-08-31 22:48:19.450707,s3,1:,27981,306,41466417,34190,155,Night,baseline,winnie,11.484,0.0,8.258818,8.0,1,100.0,100.0,1.0,0.0
2026-08-31 22:48:19.450707,s3,2:,305,28119,34100,41484379,155,Night,baseline,winnie,11.484,0.0,8.258818,8.0,1,100.0,100.0,1.0,0.0
2026-08-31 22:48:19.450707,s3,LOCAL:,0,0,0,0,155,Night,baseline,winnie,11.484,0.0,8.258818,8.0,1,100.0,100.0,1.0,0.0
2026-08-31 22:48:19.450707,s4,1:,152,299,13876,33878,155,Night,baseline,winnie,11.484,0.0,8.258818,8.0,1,100.0,100.0,1.0,0.0
2026-08-31 22:48:19.450707,s4,2:,297,293,33580,33606,155,Night,baseline,winnie,11.484,0.0,8.258818,8.0,1,100.0,100.0,1.0,0.0
2026-08-31 22:48:19.450707,s4,LOCAL:,0,0,0,0,155,Night,baseline,winnie,11.484,0.0,8.258818,8.0,1,100.0,100.0,1.0,0.0
2026-08-31 22:48:19.450707,s5,1:,84171,312,125182399,35611,155,Night,baseline,winnie,11.484,0.0,8.258818,8.0,1,100.0,100.0,1.0,0.0
2026-08-31 22:48:19.450707,s5,2:,311,84309,35521,125201761,155,Night,baseline,winnie,11.484,0.0,8.258818,8.0,1,100.0,100.0,1.0,0.0
2026-08-31 22:48:19.450707,s5,LOCAL:,0,0,0,0,155,Night,baseline,winnie,11.484,0.0,8.258818,8.0,1,100.0,100.0,1.0,0.0
2026-08-31 22:48:20.456396,s1,1:,575,224783,55085,333929489,156,Night,baseline,matatiele,10.597,0.0,8.232116,8.0,1,100.0,100.0,1.0,0.0
2026-08-31 22:48:20.456396,s1,2:,112560,324,167274661,36872,156,Night,baseline,matatiele,10.597,0.0,8.232116,8.0,1,100.0,100.0,1.0,0.0
2026-08-31 22:48:20.456396,s1,3:,28119,305,41484379,34100,156,Night,baseline,matatiele,10.597,0.0,8.232116,8.0,1,100.0,100.0,1.0,0.0
2026-08-31 22:48:20.456396,s1,4:,293,297,33606,33580,156,Night,baseline,matatiele,10.597,0.0,8.232116,8.0,1,100.0,100.0,1.0,0.0
2026-08-31 22:48:20.456396,s1,5:,84309,311,125201761,35521,156,Night,baseline,matatiele,10.597,0.0,8.232116,8.0,1,100.0,100.0,1.0,0.0
2026-08-31 22:48:20.456396,s1,LOCAL:,0,0,0,0,156,Night,baseline,matatiele,10.597,0.0,8.232116,8.0,1,100.0,100.0,1.0,0.0
2026-08-31 22:48:20.456396,s2,1:,112421,328,167255107,37330,156,Night,baseline,matatiele,10.597,0.0,8.232116,8.0,1,100.0,100.0,1.0,0.0
2026-08-31 22:48:20.456396,s2,2:,324,112560,36872,167274661,156,Night,baseline,matatiele,10.597,0.0,8.232116,8.0,1,100.0,100.0,1.0,0.0
2026-08-31 22:48:20.456396,s2,LOCAL:,0,0,0,0,156,Night,baseline,matatiele,10.597,0.0,8.232116,8.0,1,100.0,100.0,1.0,0.0
2026-08-31 22:48:20.456396,s3,1:,27981,306,41466417,34190,156,Night,baseline,matatiele,10.597,0.0,8.232116,8.0,1,100.0,100.0,1.0,0.0
2026-08-31 22:48:20.456396,s3,2:,305,28119,34100,41484379,156,Night,baseline,matatiele,10.597,0.0,8.232116,8.0,1,100.0,100.0,1.0,0.0
2026-08-31 22:48:20.456396,s3,LOCAL:,0,0,0,0,156,Night,baseline,matatiele,10.597,0.0,8.232116,8.0,1,100.0,100.0,1.0,0.0
2026-08-31 22:48:20.456396,s4,1:,152,299,13876,33878,156,Night,baseline,matatiele,10.597,0.0,8.232116,8.0,1,100.0,100.0,1.0,0.0
2026-08-31 22:48:20.456396,s4,2:,297,293,33580,33606,156,Night,baseline,matatiele,10.597,0.0,8.232116,8.0,1,100.0,100.0,1.0,0.0
2026-08-31 22:48:20.456396,s4,LOCAL:,0,0,0,0,156,Night,baseline,matatiele,10.597,0.0,8.232116,8.0,1,100.0,100.0,1.0,0.0
2026-08-31 22:48:20.456396,s5,1:,84171,312,125182399,35611,156,Night,baseline,matatiele,10.597,0.0,8.232116,8.0,1,100.0,100.0,1.0,0.0
2026-08-31 22:48:20.456396,s5,2:,311,84309,35521,125201761,156,Night,baseline,matatiele,10.597,0.0,8.232116,8.0,1,100.0,100.0,1.0,0.0
2026-08-31 22:48:20.456396,s5,LOCAL:,0,0,0,0,156,Night,baseline,matatiele,10.597,0.0,8.232116,8.0,1,100.0,100.0,1.0,0.0
2026-08-31 22:48:21.452249,s1,1:,575,224783,55085,333929489,157,Night,baseline,umzimvubu,15.246,0.0,8.227222,8.0,1,100.0,100.0,1.0,0.0
2026-08-31 22:48:21.452249,s1,2:,112560,324,167274661,36872,157,Night,baseline,umzimvubu,15.246,0.0,8.227222,8.0,1,100.0,100.0,1.0,0.0
2026-08-31 22:48:21.452249,s1,3:,28119,305,41484379,34100,157,Night,baseline,umzimvubu,15.246,0.0,8.227222,8.0,1,100.0,100.0,1.0,0.0
2026-08-31 22:48:21.452249,s1,4:,293,297,33606,33580,157,Night,baseline,umzimvubu,15.246,0.0,8.227222,8.0,1,100.0,100.0,1.0,0.0
2026-08-31 22:48:21.452249,s1,5:,84309,311,125201761,35521,157,Night,baseline,umzimvubu,15.246,0.0,8.227222,8.0,1,100.0,100.0,1.0,0.0
2026-08-31 22:48:21.452249,s1,LOCAL:,0,0,0,0,157,Night,baseline,umzimvubu,15.246,0.0,8.227222,8.0,1,100.0,100.0,1.0,0.0
2026-08-31 22:48:21.452249,s2,1:,112421,328,167255107,37330,157,Night,baseline,umzimvubu,15.246,0.0,8.227222,8.0,1,100.0,100.0,1.0,0.0
2026-08-31 22:48:21.452249,s2,2:,324,112560,36872,167274661,157,Night,baseline,umzimvubu,15.246,0.0,8.227222,8.0,1,100.0,100.0,1.0,0.0
2026-08-31 22:48:21.452249,s2,LOCAL:,0,0,0,0,157,Night,baseline,umzimvubu,15.246,0.0,8.227222,8.0,1,100.0,100.0,1.0,0.0
2026-08-31 22:48:21.452249,s3,1:,27981,306,41466417,34190,157,Night,baseline,umzimvubu,15.246,0.0,8.227222,8.0,1,100.0,100.0,1.0,0.0
2026-08-31 22:48:21.452249,s3,2:,305,28119,34100,41484379,157,Night,baseline,umzimvubu,15.246,0.0,8.227222,8.0,1,100.0,100.0,1.0,0.0
2026-08-31 22:48:21.452249,s3,LOCAL:,0,0,0,0,157,Night,baseline,umzimvubu,15.246,0.0,8.227222,8.0,1,100.0,100.0,1.0,0.0
2026-08-31 22:48:21.452249,s4,1:,152,299,13876,33878,157,Night,baseline,umzimvubu,15.246,0.0,8.227222,8.0,1,100.0,100.0,1.0,0.0
2026-08-31 22:48:21.452249,s4,2:,297,293,33580,33606,157,Night,baseline,umzimvubu,15.246,0.0,8.227222,8.0,1,100.0,100.0,1.0,0.0
2026-08-31 22:48:21.452249,s4,LOCAL:,0,0,0,0,157,Night,baseline,umzimvubu,15.246,0.0,8.227222,8.0,1,100.0,100.0,1.0,0.0
2026-08-31 22:48:21.452249,s5,1:,84171,312,125182399,35611,157,Night,baseline,umzimvubu,15.246,0.0,8.227222,8.0,1,100.0,100.0,1.0,0.0
2026-08-31 22:48:21.452249,s5,2:,311,84309,35521,125201761,157,Night,baseline,umzimvubu,15.246,0.0,8.227222,8.0,1,100.0,100.0,1.0,0.0
2026-08-31 22:48:21.452249,s5,LOCAL:,0,0,0,0,157,Night,baseline,umzimvubu,15.246,0.0,8.227222,8.0,1,100.0,100.0,1.0,0.0
2026-08-31 22:48:22.451066,s1,1:,575,224783,55085,333929489,158,Night,baseline,ntabankulu,10.038,0.0,8.214021,8.0,1,100.0,100.0,1.0,0.0
2026-08-31 22:48:22.451066,s1,2:,112560,324,167274661,36872,158,Night,baseline,ntabankulu,10.038,0.0,8.214021,8.0,1,100.0,100.0,1.0,0.0
2026-08-31 22:48:22.451066,s1,3:,28119,305,41484379,34100,158,Night,baseline,ntabankulu,10.038,0.0,8.214021,8.0,1,100.0,100.0,1.0,0.0
2026-08-31 22:48:22.451066,s1,4:,293,297,33606,33580,158,Night,baseline,ntabankulu,10.038,0.0,8.214021,8.0,1,100.0,100.0,1.0,0.0
2026-08-31 22:48:22.451066,s1,5:,84309,311,125201761,35521,158,Night,baseline,ntabankulu,10.038,0.0,8.214021,8.0,1,100.0,100.0,1.0,0.0
2026-08-31 22:48:22.451066,s1,LOCAL:,0,0,0,0,158,Night,baseline,ntabankulu,10.038,0.0,8.214021,8.0,1,100.0,100.0,1.0,0.0
2026-08-31 22:48:22.451066,s2,1:,112421,328,167255107,37330,158,Night,baseline,ntabankulu,10.038,0.0,8.214021,8.0,1,100.0,100.0,1.0,0.0
2026-08-31 22:48:22.451066,s2,2:,324,112560,36872,167274661,158,Night,baseline,ntabankulu,10.038,0.0,8.214021,8.0,1,100.0,100.0,1.0,0.0
2026-08-31 22:48:22.451066,s2,LOCAL:,0,0,0,0,158,Night,baseline,ntabankulu,10.038,0.0,8.214021,8.0,1,100.0,100.0,1.0,0.0
2026-08-31 22:48:22.451066,s3,1:,27981,306,41466417,34190,158,Night,baseline,ntabankulu,10.038,0.0,8.214021,8.0,1,100.0,100.0,1.0,0.0
2026-08-31 22:48:22.451066,s3,2:,305,28119,34100,41484379,158,Night,baseline,ntabankulu,10.038,0.0,8.214021,8.0,1,100.0,100.0,1.0,0.0
2026-08-31 22:48:22.451066,s3,LOCAL:,0,0,0,0,158,Night,baseline,ntabankulu,10.038,0.0,8.214021,8.0,1,100.0,100.0,1.0,0.0
2026-08-31 22:48:22.451066,s4,1:,152,299,13876,33878,158,Night,baseline,ntabankulu,10.038,0.0,8.214021,8.0,1,100.0,100.0,1.0,0.0
2026-08-31 22:48:22.451066,s4,2:,297,293,33580,33606,158,Night,baseline,ntabankulu,10.038,0.0,8.214021,8.0,1,100.0,100.0,1.0,0.0
2026-08-31 22:48:22.451066,s4,LOCAL:,0,0,0,0,158,Night,baseline,ntabankulu,10.038,0.0,8.214021,8.0,1,100.0,100.0,1.0,0.0
2026-08-31 22:48:22.451066,s5,1:,84171,312,125182399,35611,158,Night,baseline,ntabankulu,10.038,0.0,8.214021,8.0,1,100.0,100.0,1.0,0.0
2026-08-31 22:48:22.451066,s5,2:,311,84309,35521,125201761,158,Night,baseline,ntabankulu,10.038,0.0,8.214021,8.0,1,100.0,100.0,1.0,0.0
2026-08-31 22:48:22.451066,s5,LOCAL:,0,0,0,0,158,Night,baseline,ntabankulu,10.038,0.0,8.214021,8.0,1,100.0,100.0,1.0,0.0
2026-08-31 22:48:23.460365,s1,1:,575,224783,55085,333929489,159,Night,baseline,winnie,11.531,0.0,8.27887,8.0,1,100.0,100.0,1.0,0.0
2026-08-31 22:48:23.460365,s1,2:,112560,324,167274661,36872,159,Night,baseline,winnie,11.531,0.0,8.27887,8.0,1,100.0,100.0,1.0,0.0
2026-08-31 22:48:23.460365,s1,3:,28119,305,41484379,34100,159,Night,baseline,winnie,11.531,0.0,8.27887,8.0,1,100.0,100.0,1.0,0.0
2026-08-31 22:48:23.460365,s1,4:,293,297,33606,33580,159,Night,baseline,winnie,11.531,0.0,8.27887,8.0,1,100.0,100.0,1.0,0.0
2026-08-31 22:48:23.460365,s1,5:,84309,311,125201761,35521,159,Night,baseline,winnie,11.531,0.0,8.27887,8.0,1,100.0,100.0,1.0,0.0
2026-08-31 22:48:23.460365,s1,LOCAL:,0,0,0,0,159,Night,baseline,winnie,11.531,0.0,8.27887,8.0,1,100.0,100.0,1.0,0.0
2026-08-31 22:48:23.460365,s2,1:,112421,328,167255107,37330,159,Night,baseline,winnie,11.531,0.0,8.27887,8.0,1,100.0,100.0,1.0,0.0
2026-08-31 22:48:23.460365,s2,2:,324,112560,36872,167274661,159,Night,baseline,winnie,11.531,0.0,8.27887,8.0,1,100.0,100.0,1.0,0.0
2026-08-31 22:48:23.460365,s2,LOCAL:,0,0,0,0,159,Night,baseline,winnie,11.531,0.0,8.27887,8.0,1,100.0,100.0,1.0,0.0
2026-08-31 22:48:23.460365,s3,1:,27981,306,41466417,34190,159,Night,baseline,winnie,11.531,0.0,8.27887,8.0,1,100.0,100.0,1.0,0.0
2026-08-31 22:48:23.460365,s3,2:,305,28119,34100,41484379,159,Night,baseline,winnie,11.531,0.0,8.27887,8.0,1,100.0,100.0,1.0,0.0
2026-08-31 22:48:23.460365,s3,LOCAL:,0,0,0,0,159,Night,baseline,winnie,11.531,0.0,8.27887,8.0,1,100.0,100.0,1.0,0.0
2026-08-31 22:48:23.460365,s4,1:,152,299,13876,33878,159,Night,baseline,winnie,11.531,0.0,8.27887,8.0,1,100.0,100.0,1.0,0.0
2026-08-31 22:48:23.460365,s4,2:,297,293,33580,33606,159,Night,baseline,winnie,11.531,0.0,8.27887,8.0,1,100.0,100.0,1.0,0.0
2026-08-31 22:48:23.460365,s4,LOCAL:,0,0,0,0,159,Night,baseline,winnie,11.531,0.0,8.27887,8.0,1,100.0,100.0,1.0,0.0
2026-08-31 22:48:23.460365,s5,1:,84171,312,125182399,35611,159,Night,baseline,winnie,11.531,0.0,8.27887,8.0,1,100.0,100.0,1.0,0.0
2026-08-31 22:48:23.460365,s5,2:,311,84309,35521,125201761,159,Night,baseline,winnie,11.531,0.0,8.27887,8.0,1,100.0,100.0,1.0,0.0
2026-08-31 22:48:23.460365,s5,LOCAL:,0,0,0,0,159,Night,baseline,winnie,11.531,0.0,8.27887,8.0,1,100.0,100.0,1.0,0.0
2026-08-31 22:48:24.465211,s1,1:,591,228257,56597,339078017,160,Night,baseline,matatiele,18.217,0.0,8.217729,8.0,1,100.0,100.0,1.0,0.0
2026-08-31 22:48:24.465211,s1,2:,112568,334,167275527,38016,160,Night,baseline,matatiele,18.217,0.0,8.217729,8.0,1,100.0,100.0,1.0,0.0
2026-08-31 22:48:24.465211,s1,3:,31582,313,46633221,34992,160,Night,baseline,matatiele,18.217,0.0,8.217729,8.0,1,100.0,100.0,1.0,0.0
2026-08-31 22:48:24.465211,s1,4:,298,304,34178,34430,160,Night,baseline,matatiele,18.217,0.0,8.217729,8.0,1,100.0,100.0,1.0,0.0
2026-08-31 22:48:24.465211,s1,5:,84316,318,125202611,36371,160,Night,baseline,matatiele,18.217,0.0,8.217729,8.0,1,100.0,100.0,1.0,0.0
2026-08-31 22:48:24.465211,s1,LOCAL:,0,0,0,0,160,Night,baseline,matatiele,18.217,0.0,8.217729,8.0,1,100.0,100.0,1.0,0.0
2026-08-31 22:48:24.465211,s2,1:,112427,336,167255695,38196,160,Night,baseline,matatiele,18.217,0.0,8.217729,8.0,1,100.0,100.0,1.0,0.0
2026-08-31 22:48:24.465211,s2,2:,334,112568,38016,167275527,160,Night,baseline,matatiele,18.217,0.0,8.217729,8.0,1,100.0,100.0,1.0,0.0
2026-08-31 22:48:24.465211,s2,LOCAL:,0,0,0,0,160,Night,baseline,matatiele,18.217,0.0,8.217729,8.0,1,100.0,100.0,1.0,0.0
2026-08-31 22:48:24.465211,s3,1:,31440,314,46614703,35082,160,Night,baseline,matatiele,18.217,0.0,8.217729,8.0,1,100.0,100.0,1.0,0.0
2026-08-31 22:48:24.465211,s3,2:,313,31582,34992,46633221,160,Night,baseline,matatiele,18.217,0.0,8.217729,8.0,1,100.0,100.0,1.0,0.0
2026-08-31 22:48:24.465211,s3,LOCAL:,0,0,0,0,160,Night,baseline,matatiele,18.217,0.0,8.217729,8.0,1,100.0,100.0,1.0,0.0
2026-08-31 22:48:24.465211,s4,1:,155,304,14170,34450,160,Night,baseline,matatiele,18.217,0.0,8.217729,8.0,1,100.0,100.0,1.0,0.0
2026-08-31 22:48:24.465211,s4,2:,304,298,34430,34178,160,Night,baseline,matatiele,18.217,0.0,8.217729,8.0,1,100.0,100.0,1.0,0.0
2026-08-31 22:48:24.465211,s4,LOCAL:,0,0,0,0,160,Night,baseline,matatiele,18.217,0.0,8.217729,8.0,1,100.0,100.0,1.0,0.0
2026-08-31 22:48:24.465211,s5,1:,84174,319,125182693,36461,160,Night,baseline,matatiele,18.217,0.0,8.217729,8.0,1,100.0,100.0,1.0,0.0
2026-08-31 22:48:24.465211,s5,2:,318,84316,36371,125202611,160,Night,baseline,matatiele,18.217,0.0,8.217729,8.0,1,100.0,100.0,1.0,0.0
2026-08-31 22:48:24.465211,s5,LOCAL:,0,0,0,0,160,Night,baseline,matatiele,18.217,0.0,8.217729,8.0,1,100.0,100.0,1.0,0.0
2026-08-31 22:48:25.453582,s1,1:,591,228257,56597,339078017,161,Night,baseline,umzimvubu,19.376,0.0,8.224177,8.0,1,100.0,100.0,1.0,0.0
2026-08-31 22:48:25.453582,s1,2:,112568,334,167275527,38016,161,Night,baseline,umzimvubu,19.376,0.0,8.224177,8.0,1,100.0,100.0,1.0,0.0
2026-08-31 22:48:25.453582,s1,3:,31582,313,46633221,34992,161,Night,baseline,umzimvubu,19.376,0.0,8.224177,8.0,1,100.0,100.0,1.0,0.0
2026-08-31 22:48:25.453582,s1,4:,298,304,34178,34430,161,Night,baseline,umzimvubu,19.376,0.0,8.224177,8.0,1,100.0,100.0,1.0,0.0
2026-08-31 22:48:25.453582,s1,5:,84316,318,125202611,36371,161,Night,baseline,umzimvubu,19.376,0.0,8.224177,8.0,1,100.0,100.0,1.0,0.0
2026-08-31 22:48:25.453582,s1,LOCAL:,0,0,0,0,161,Night,baseline,umzimvubu,19.376,0.0,8.224177,8.0,1,100.0,100.0,1.0,0.0
2026-08-31 22:48:25.453582,s2,1:,112427,336,167255695,38196,161,Night,baseline,umzimvubu,19.376,0.0,8.224177,8.0,1,100.0,100.0,1.0,0.0
2026-08-31 22:48:25.453582,s2,2:,334,112568,38016,167275527,161,Night,baseline,umzimvubu,19.376,0.0,8.224177,8.0,1,100.0,100.0,1.0,0.0
2026-08-31 22:48:25.453582,s2,LOCAL:,0,0,0,0,161,Night,baseline,umzimvubu,19.376,0.0,8.224177,8.0,1,100.0,100.0,1.0,0.0
2026-08-31 22:48:25.453582,s3,1:,31440,314,46614703,35082,161,Night,baseline,umzimvubu,19.376,0.0,8.224177,8.0,1,100.0,100.0,1.0,0.0
2026-08-31 22:48:25.453582,s3,2:,313,31582,34992,46633221,161,Night,baseline,umzimvubu,19.376,0.0,8.224177,8.0,1,100.0,100.0,1.0,0.0
2026-08-31 22:48:25.453582,s3,LOCAL:,0,0,0,0,161,Night,baseline,umzimvubu,19.376,0.0,8.224177,8.0,1,100.0,100.0,1.0,0.0
2026-08-31 22:48:25.453582,s4,1:,155,304,14170,34450,161,Night,baseline,umzimvubu,19.376,0.0,8.224177,8.0,1,100.0,100.0,1.0,0.0
2026-08-31 22:48:25.453582,s4,2:,304,298,34430,34178,161,Night,baseline,umzimvubu,19.376,0.0,8.224177,8.0,1,100.0,100.0,1.0,0.0
2026-08-31 22:48:25.453582,s4,LOCAL:,0,0,0,0,161,Night,baseline,umzimvubu,19.376,0.0,8.224177,8.0,1,100.0,100.0,1.0,0.0
2026-08-31 22:48:25.453582,s5,1:,84174,319,125182693,36461,161,Night,baseline,umzimvubu,19.376,0.0,8.224177,8.0,1,100.0,100.0,1.0,0.0
2026-08-31 22:48:25.453582,s5,2:,318,84316,36371,125202611,161,Night,baseline,umzimvubu,19.376,0.0,8.224177,8.0,1,100.0,100.0,1.0,0.0
2026-08-31 22:48:25.453582,s5,LOCAL:,0,0,0,0,161,Night,baseline,umzimvubu,19.376,0.0,8.224177,8.0,1,100.0,100.0,1.0,0.0
2026-08-31 22:48:26.450031,s1,1:,591,228257,56597,339078017,162,Night,baseline,ntabankulu,10.273,0.0,8.241298,8.0,1,100.0,100.0,1.0,0.0
2026-08-31 22:48:26.450031,s1,2:,112568,334,167275527,38016,162,Night,baseline,ntabankulu,10.273,0.0,8.241298,8.0,1,100.0,100.0,1.0,0.0
2026-08-31 22:48:26.450031,s1,3:,31582,313,46633221,34992,162,Night,baseline,ntabankulu,10.273,0.0,8.241298,8.0,1,100.0,100.0,1.0,0.0
2026-08-31 22:48:26.450031,s1,4:,298,304,34178,34430,162,Night,baseline,ntabankulu,10.273,0.0,8.241298,8.0,1,100.0,100.0,1.0,0.0
2026-08-31 22:48:26.450031,s1,5:,84316,318,125202611,36371,162,Night,baseline,ntabankulu,10.273,0.0,8.241298,8.0,1,100.0,100.0,1.0,0.0
2026-08-31 22:48:26.450031,s1,LOCAL:,0,0,0,0,162,Night,baseline,ntabankulu,10.273,0.0,8.241298,8.0,1,100.0,100.0,1.0,0.0
2026-08-31 22:48:26.450031,s2,1:,112427,336,167255695,38196,162,Night,baseline,ntabankulu,10.273,0.0,8.241298,8.0,1,100.0,100.0,1.0,0.0
2026-08-31 22:48:26.450031,s2,2:,334,112568,38016,167275527,162,Night,baseline,ntabankulu,10.273,0.0,8.241298,8.0,1,100.0,100.0,1.0,0.0
2026-08-31 22:48:26.450031,s2,LOCAL:,0,0,0,0,162,Night,baseline,ntabankulu,10.273,0.0,8.241298,8.0,1,100.0,100.0,1.0,0.0
2026-08-31 22:48:26.450031,s3,1:,31440,314,46614703,35082,162,Night,baseline,ntabankulu,10.273,0.0,8.241298,8.0,1,100.0,100.0,1.0,0.0
2026-08-31 22:48:26.450031,s3,2:,313,31582,34992,46633221,162,Night,baseline,ntabankulu,10.273,0.0,8.241298,8.0,1,100.0,100.0,1.0,0.0
2026-08-31 22:48:26.450031,s3,LOCAL:,0,0,0,0,162,Night,baseline,ntabankulu,10.273,0.0,8.241298,8.0,1,100.0,100.0,1.0,0.0
2026-08-31 22:48:26.450031,s4,1:,155,304,14170,34450,162,Night,baseline,ntabankulu,10.273,0.0,8.241298,8.0,1,100.0,100.0,1.0,0.0
2026-08-31 22:48:26.450031,s4,2:,304,298,34430,34178,162,Night,baseline,ntabankulu,10.273,0.0,8.241298,8.0,1,100.0,100.0,1.0,0.0
2026-08-31 22:48:26.450031,s4,LOCAL:,0,0,0,0,162,Night,baseline,ntabankulu,10.273,0.0,8.241298,8.0,1,100.0,100.0,1.0,0.0
2026-08-31 22:48:26.450031,s5,1:,84174,319,125182693,36461,162,Night,baseline,ntabankulu,10.273,0.0,8.241298,8.0,1,100.0,100.0,1.0,0.0
2026-08-31 22:48:26.450031,s5,2:,318,84316,36371,125202611,162,Night,baseline,ntabankulu,10.273,0.0,8.241298,8.0,1,100.0,100.0,1.0,0.0
2026-08-31 22:48:26.450031,s5,LOCAL:,0,0,0,0,162,Night,baseline,ntabankulu,10.273,0.0,8.241298,8.0,1,100.0,100.0,1.0,0.0
2026-08-31 22:48:27.449167,s1,1:,591,228257,56597,339078017,163,Night,baseline,winnie,16.162,0.0,8.236048,8.0,1,100.0,100.0,1.0,0.0
2026-08-31 22:48:27.449167,s1,2:,112568,334,167275527,38016,163,Night,baseline,winnie,16.162,0.0,8.236048,8.0,1,100.0,100.0,1.0,0.0
2026-08-31 22:48:27.449167,s1,3:,31582,313,46633221,34992,163,Night,baseline,winnie,16.162,0.0,8.236048,8.0,1,100.0,100.0,1.0,0.0
2026-08-31 22:48:27.449167,s1,4:,298,304,34178,34430,163,Night,baseline,winnie,16.162,0.0,8.236048,8.0,1,100.0,100.0,1.0,0.0
2026-08-31 22:48:27.449167,s1,5:,84316,318,125202611,36371,163,Night,baseline,winnie,16.162,0.0,8.236048,8.0,1,100.0,100.0,1.0,0.0
2026-08-31 22:48:27.449167,s1,LOCAL:,0,0,0,0,163,Night,baseline,winnie,16.162,0.0,8.236048,8.0,1,100.0,100.0,1.0,0.0
2026-08-31 22:48:27.449167,s2,1:,112427,336,167255695,38196,163,Night,baseline,winnie,16.162,0.0,8.236048,8.0,1,100.0,100.0,1.0,0.0
2026-08-31 22:48:27.449167,s2,2:,334,112568,38016,167275527,163,Night,baseline,winnie,16.162,0.0,8.236048,8.0,1,100.0,100.0,1.0,0.0
2026-08-31 22:48:27.449167,s2,LOCAL:,0,0,0,0,163,Night,baseline,winnie,16.162,0.0,8.236048,8.0,1,100.0,100.0,1.0,0.0
2026-08-31 22:48:27.449167,s3,1:,31440,314,46614703,35082,163,Night,baseline,winnie,16.162,0.0,8.236048,8.0,1,100.0,100.0,1.0,0.0
2026-08-31 22:48:27.449167,s3,2:,313,31582,34992,46633221,163,Night,baseline,winnie,16.162,0.0,8.236048,8.0,1,100.0,100.0,1.0,0.0
2026-08-31 22:48:27.449167,s3,LOCAL:,0,0,0,0,163,Night,baseline,winnie,16.162,0.0,8.236048,8.0,1,100.0,100.0,1.0,0.0
2026-08-31 22:48:27.449167,s4,1:,155,304,14170,34450,163,Night,baseline,winnie,16.162,0.0,8.236048,8.0,1,100.0,100.0,1.0,0.0
2026-08-31 22:48:27.449167,s4,2:,304,298,34430,34178,163,Night,baseline,winnie,16.162,0.0,8.236048,8.0,1,100.0,100.0,1.0,0.0
2026-08-31 22:48:27.449167,s4,LOCAL:,0,0,0,0,163,Night,baseline,winnie,16.162,0.0,8.236048,8.0,1,100.0,100.0,1.0,0.0
2026-08-31 22:48:27.449167,s5,1:,84174,319,125182693,36461,163,Night,baseline,winnie,16.162,0.0,8.236048,8.0,1,100.0,100.0,1.0,0.0
2026-08-31 22:48:27.449167,s5,2:,318,84316,36371,125202611,163,Night,baseline,winnie,16.162,0.0,8.236048,8.0,1,100.0,100.0,1.0,0.0
2026-08-31 22:48:27.449167,s5,LOCAL:,0,0,0,0,163,Night,baseline,winnie,16.162,0.0,8.236048,8.0,1,100.0,100.0,1.0,0.0
2026-08-31 22:48:28.461299,s1,1:,591,228257,56597,339078017,164,Night,baseline,matatiele,18.34,0.0,8.241855,8.0,1,100.0,100.0,1.0,0.0
2026-08-31 22:48:28.461299,s1,2:,112568,334,167275527,38016,164,Night,baseline,matatiele,18.34,0.0,8.241855,8.0,1,100.0,100.0,1.0,0.0
2026-08-31 22:48:28.461299,s1,3:,31582,313,46633221,34992,164,Night,baseline,matatiele,18.34,0.0,8.241855,8.0,1,100.0,100.0,1.0,0.0
2026-08-31 22:48:28.461299,s1,4:,298,304,34178,34430,164,Night,baseline,matatiele,18.34,0.0,8.241855,8.0,1,100.0,100.0,1.0,0.0
2026-08-31 22:48:28.461299,s1,5:,84316,318,125202611,36371,164,Night,baseline,matatiele,18.34,0.0,8.241855,8.0,1,100.0,100.0,1.0,0.0
2026-08-31 22:48:28.461299,s1,LOCAL:,0,0,0,0,164,Night,baseline,matatiele,18.34,0.0,8.241855,8.0,1,100.0,100.0,1.0,0.0
2026-08-31 22:48:28.461299,s2,1:,112427,336,167255695,38196,164,Night,baseline,matatiele,18.34,0.0,8.241855,8.0,1,100.0,100.0,1.0,0.0
2026-08-31 22:48:28.461299,s2,2:,334,112568,38016,167275527,164,Night,baseline,matatiele,18.34,0.0,8.241855,8.0,1,100.0,100.0,1.0,0.0
2026-08-31 22:48:28.461299,s2,LOCAL:,0,0,0,0,164,Night,baseline,matatiele,18.34,0.0,8.241855,8.0,1,100.0,100.0,1.0,0.0
2026-08-31 22:48:28.461299,s3,1:,31440,314,46614703,35082,164,Night,baseline,matatiele,18.34,0.0,8.241855,8.0,1,100.0,100.0,1.0,0.0
2026-08-31 22:48:28.461299,s3,2:,313,31582,34992,46633221,164,Night,baseline,matatiele,18.34,0.0,8.241855,8.0,1,100.0,100.0,1.0,0.0
2026-08-31 22:48:28.461299,s3,LOCAL:,0,0,0,0,164,Night,baseline,matatiele,18.34,0.0,8.241855,8.0,1,100.0,100.0,1.0,0.0
2026-08-31 22:48:28.461299,s4,1:,155,304,14170,34450,164,Night,baseline,matatiele,18.34,0.0,8.241855,8.0,1,100.0,100.0,1.0,0.0
2026-08-31 22:48:28.461299,s4,2:,304,298,34430,34178,164,Night,baseline,matatiele,18.34,0.0,8.241855,8.0,1,100.0,100.0,1.0,0.0
2026-08-31 22:48:28.461299,s4,LOCAL:,0,0,0,0,164,Night,baseline,matatiele,18.34,0.0,8.241855,8.0,1,100.0,100.0,1.0,0.0
2026-08-31 22:48:28.461299,s5,1:,84174,319,125182693,36461,164,Night,baseline,matatiele,18.34,0.0,8.241855,8.0,1,100.0,100.0,1.0,0.0
2026-08-31 22:48:28.461299,s5,2:,318,84316,36371,125202611,164,Night,baseline,matatiele,18.34,0.0,8.241855,8.0,1,100.0,100.0,1.0,0.0
2026-08-31 22:48:28.461299,s5,LOCAL:,0,0,0,0,164,Night,baseline,matatiele,18.34,0.0,8.241855,8.0,1,100.0,100.0,1.0,0.0
2026-08-31 22:48:29.453641,s1,1:,608,231733,58151,344228077,165,Night,baseline,umzimvubu,16.134,0.0,8.235326,8.0,1,100.0,100.0,1.0,0.0
2026-08-31 22:48:29.453641,s1,2:,112576,342,167276419,38908,165,Night,baseline,umzimvubu,16.134,0.0,8.235326,8.0,1,100.0,100.0,1.0,0.0
2026-08-31 22:48:29.453641,s1,3:,35046,323,51780825,36136,165,Night,baseline,umzimvubu,16.134,0.0,8.235326,8.0,1,100.0,100.0,1.0,0.0
2026-08-31 22:48:29.453641,s1,4:,305,311,35028,35280,165,Night,baseline,umzimvubu,16.134,0.0,8.235326,8.0,1,100.0,100.0,1.0,0.0
2026-08-31 22:48:29.453641,s1,5:,84324,326,125203503,37263,165,Night,baseline,umzimvubu,16.134,0.0,8.235326,8.0,1,100.0,100.0,1.0,0.0
2026-08-31 22:48:29.453641,s1,LOCAL:,0,0,0,0,165,Night,baseline,umzimvubu,16.134,0.0,8.235326,8.0,1,100.0,100.0,1.0,0.0
2026-08-31 22:48:29.453641,s2,1:,112431,344,167256031,39088,165,Night,baseline,umzimvubu,16.134,0.0,8.235326,8.0,1,100.0,100.0,1.0,0.0
2026-08-31 22:48:29.453641,s2,2:,342,112576,38908,167276419,165,Night,baseline,umzimvubu,16.134,0.0,8.235326,8.0,1,100.0,100.0,1.0,0.0
2026-08-31 22:48:29.453641,s2,LOCAL:,0,0,0,0,165,Night,baseline,umzimvubu,16.134,0.0,8.235326,8.0,1,100.0,100.0,1.0,0.0
2026-08-31 22:48:29.453641,s3,1:,34901,324,51763241,36226,165,Night,baseline,umzimvubu,16.134,0.0,8.235326,8.0,1,100.0,100.0,1.0,0.0
2026-08-31 22:48:29.453641,s3,2:,323,35046,36136,51780825,165,Night,baseline,umzimvubu,16.134,0.0,8.235326,8.0,1,100.0,100.0,1.0,0.0
2026-08-31 22:48:29.453641,s3,LOCAL:,0,0,0,0,165,Night,baseline,umzimvubu,16.134,0.0,8.235326,8.0,1,100.0,100.0,1.0,0.0
2026-08-31 22:48:29.453641,s4,1:,158,311,14464,35300,165,Night,baseline,umzimvubu,16.134,0.0,8.235326,8.0,1,100.0,100.0,1.0,0.0
2026-08-31 22:48:29.453641,s4,2:,311,305,35280,35028,165,Night,baseline,umzimvubu,16.134,0.0,8.235326,8.0,1,100.0,100.0,1.0,0.0
2026-08-31 22:48:29.453641,s4,LOCAL:,0,0,0,0,165,Night,baseline,umzimvubu,16.134,0.0,8.235326,8.0,1,100.0,100.0,1.0,0.0
2026-08-31 22:48:29.453641,s5,1:,84178,327,125183029,37353,165,Night,baseline,umzimvubu,16.134,0.0,8.235326,8.0,1,100.0,100.0,1.0,0.0
2026-08-31 22:48:29.453641,s5,2:,326,84324,37263,125203503,165,Night,baseline,umzimvubu,16.134,0.0,8.235326,8.0,1,100.0,100.0,1.0,0.0
2026-08-31 22:48:29.453641,s5,LOCAL:,0,0,0,0,165,Night,baseline,umzimvubu,16.134,0.0,8.235326,8.0,1,100.0,100.0,1.0,0.0
2026-08-31 22:48:30.489396,s1,1:,608,231733,58151,344228077,166,Night,baseline,ntabankulu,9.633,0.0,8.217576,8.0,1,100.0,100.0,1.0,0.0
2026-08-31 22:48:30.489396,s1,2:,112576,342,167276419,38908,166,Night,baseline,ntabankulu,9.633,0.0,8.217576,8.0,1,100.0,100.0,1.0,0.0
2026-08-31 22:48:30.489396,s1,3:,35046,323,51780825,36136,166,Night,baseline,ntabankulu,9.633,0.0,8.217576,8.0,1,100.0,100.0,1.0,0.0
2026-08-31 22:48:30.489396,s1,4:,305,311,35028,35280,166,Night,baseline,ntabankulu,9.633,0.0,8.217576,8.0,1,100.0,100.0,1.0,0.0
2026-08-31 22:48:30.489396,s1,5:,84324,326,125203503,37263,166,Night,baseline,ntabankulu,9.633,0.0,8.217576,8.0,1,100.0,100.0,1.0,0.0
2026-08-31 22:48:30.489396,s1,LOCAL:,0,0,0,0,166,Night,baseline,ntabankulu,9.633,0.0,8.217576,8.0,1,100.0,100.0,1.0,0.0
2026-08-31 22:48:30.489396,s2,1:,112431,344,167256031,39088,166,Night,baseline,ntabankulu,9.633,0.0,8.217576,8.0,1,100.0,100.0,1.0,0.0
2026-08-31 22:48:30.489396,s2,2:,342,112576,38908,167276419,166,Night,baseline,ntabankulu,9.633,0.0,8.217576,8.0,1,100.0,100.0,1.0,0.0
2026-08-31 22:48:30.489396,s2,LOCAL:,0,0,0,0,166,Night,baseline,ntabankulu,9.633,0.0,8.217576,8.0,1,100.0,100.0,1.0,0.0
2026-08-31 22:48:30.489396,s3,1:,34901,324,51763241,36226,166,Night,baseline,ntabankulu,9.633,0.0,8.217576,8.0,1,100.0,100.0,1.0,0.0
2026-08-31 22:48:30.489396,s3,2:,323,35046,36136,51780825,166,Night,baseline,ntabankulu,9.633,0.0,8.217576,8.0,1,100.0,100.0,1.0,0.0
2026-08-31 22:48:30.489396,s3,LOCAL:,0,0,0,0,166,Night,baseline,ntabankulu,9.633,0.0,8.217576,8.0,1,100.0,100.0,1.0,0.0
2026-08-31 22:48:30.489396,s4,1:,158,311,14464,35300,166,Night,baseline,ntabankulu,9.633,0.0,8.217576,8.0,1,100.0,100.0,1.0,0.0
2026-08-31 22:48:30.489396,s4,2:,311,305,35280,35028,166,Night,baseline,ntabankulu,9.633,0.0,8.217576,8.0,1,100.0,100.0,1.0,0.0
2026-08-31 22:48:30.489396,s4,LOCAL:,0,0,0,0,166,Night,baseline,ntabankulu,9.633,0.0,8.217576,8.0,1,100.0,100.0,1.0,0.0
2026-08-31 22:48:30.489396,s5,1:,84178,327,125183029,37353,166,Night,baseline,ntabankulu,9.633,0.0,8.217576,8.0,1,100.0,100.0,1.0,0.0
2026-08-31 22:48:30.489396,s5,2:,326,84324,37263,125203503,166,Night,baseline,ntabankulu,9.633,0.0,8.217576,8.0,1,100.0,100.0,1.0,0.0
2026-08-31 22:48:30.489396,s5,LOCAL:,0,0,0,0,166,Night,baseline,ntabankulu,9.633,0.0,8.217576,8.0,1,100.0,100.0,1.0,0.0
2026-08-31 22:48:31.452082,s1,1:,608,231733,58151,344228077,167,Night,baseline,winnie,14.102,0.0,8.249969,8.0,1,100.0,100.0,1.0,0.0
2026-08-31 22:48:31.452082,s1,2:,112576,342,167276419,38908,167,Night,baseline,winnie,14.102,0.0,8.249969,8.0,1,100.0,100.0,1.0,0.0
2026-08-31 22:48:31.452082,s1,3:,35046,323,51780825,36136,167,Night,baseline,winnie,14.102,0.0,8.249969,8.0,1,100.0,100.0,1.0,0.0
2026-08-31 22:48:31.452082,s1,4:,305,311,35028,35280,167,Night,baseline,winnie,14.102,0.0,8.249969,8.0,1,100.0,100.0,1.0,0.0
2026-08-31 22:48:31.452082,s1,5:,84324,326,125203503,37263,167,Night,baseline,winnie,14.102,0.0,8.249969,8.0,1,100.0,100.0,1.0,0.0
2026-08-31 22:48:31.452082,s1,LOCAL:,0,0,0,0,167,Night,baseline,winnie,14.102,0.0,8.249969,8.0,1,100.0,100.0,1.0,0.0
2026-08-31 22:48:31.452082,s2,1:,112431,344,167256031,39088,167,Night,baseline,winnie,14.102,0.0,8.249969,8.0,1,100.0,100.0,1.0,0.0
2026-08-31 22:48:31.452082,s2,2:,342,112576,38908,167276419,167,Night,baseline,winnie,14.102,0.0,8.249969,8.0,1,100.0,100.0,1.0,0.0
2026-08-31 22:48:31.452082,s2,LOCAL:,0,0,0,0,167,Night,baseline,winnie,14.102,0.0,8.249969,8.0,1,100.0,100.0,1.0,0.0
2026-08-31 22:48:31.452082,s3,1:,34901,324,51763241,36226,167,Night,baseline,winnie,14.102,0.0,8.249969,8.0,1,100.0,100.0,1.0,0.0
2026-08-31 22:48:31.452082,s3,2:,323,35046,36136,51780825,167,Night,baseline,winnie,14.102,0.0,8.249969,8.0,1,100.0,100.0,1.0,0.0
2026-08-31 22:48:31.452082,s3,LOCAL:,0,0,0,0,167,Night,baseline,winnie,14.102,0.0,8.249969,8.0,1,100.0,100.0,1.0,0.0
2026-08-31 22:48:31.452082,s4,1:,158,311,14464,35300,167,Night,baseline,winnie,14.102,0.0,8.249969,8.0,1,100.0,100.0,1.0,0.0
2026-08-31 22:48:31.452082,s4,2:,311,305,35280,35028,167,Night,baseline,winnie,14.102,0.0,8.249969,8.0,1,100.0,100.0,1.0,0.0
2026-08-31 22:48:31.452082,s4,LOCAL:,0,0,0,0,167,Night,baseline,winnie,14.102,0.0,8.249969,8.0,1,100.0,100.0,1.0,0.0
2026-08-31 22:48:31.452082,s5,1:,84178,327,125183029,37353,167,Night,baseline,winnie,14.102,0.0,8.249969,8.0,1,100.0,100.0,1.0,0.0
2026-08-31 22:48:31.452082,s5,2:,326,84324,37263,125203503,167,Night,baseline,winnie,14.102,0.0,8.249969,8.0,1,100.0,100.0,1.0,0.0
2026-08-31 22:48:31.452082,s5,LOCAL:,0,0,0,0,167,Night,baseline,winnie,14.102,0.0,8.249969,8.0,1,100.0,100.0,1.0,0.0
2026-08-31 22:48:32.451583,s1,1:,608,231733,58151,344228077,168,Night,baseline,matatiele,18.354,0.0,8.165542,8.0,1,100.0,100.0,1.0,0.0
2026-08-31 22:48:32.451583,s1,2:,112576,342,167276419,38908,168,Night,baseline,matatiele,18.354,0.0,8.165542,8.0,1,100.0,100.0,1.0,0.0
2026-08-31 22:48:32.451583,s1,3:,35046,323,51780825,36136,168,Night,baseline,matatiele,18.354,0.0,8.165542,8.0,1,100.0,100.0,1.0,0.0
2026-08-31 22:48:32.451583,s1,4:,305,311,35028,35280,168,Night,baseline,matatiele,18.354,0.0,8.165542,8.0,1,100.0,100.0,1.0,0.0
2026-08-31 22:48:32.451583,s1,5:,84324,326,125203503,37263,168,Night,baseline,matatiele,18.354,0.0,8.165542,8.0,1,100.0,100.0,1.0,0.0
2026-08-31 22:48:32.451583,s1,LOCAL:,0,0,0,0,168,Night,baseline,matatiele,18.354,0.0,8.165542,8.0,1,100.0,100.0,1.0,0.0
2026-08-31 22:48:32.451583,s2,1:,112431,344,167256031,39088,168,Night,baseline,matatiele,18.354,0.0,8.165542,8.0,1,100.0,100.0,1.0,0.0
2026-08-31 22:48:32.451583,s2,2:,342,112576,38908,167276419,168,Night,baseline,matatiele,18.354,0.0,8.165542,8.0,1,100.0,100.0,1.0,0.0
2026-08-31 22:48:32.451583,s2,LOCAL:,0,0,0,0,168,Night,baseline,matatiele,18.354,0.0,8.165542,8.0,1,100.0,100.0,1.0,0.0
2026-08-31 22:48:32.451583,s3,1:,34901,324,51763241,36226,168,Night,baseline,matatiele,18.354,0.0,8.165542,8.0,1,100.0,100.0,1.0,0.0
2026-08-31 22:48:32.451583,s3,2:,323,35046,36136,51780825,168,Night,baseline,matatiele,18.354,0.0,8.165542,8.0,1,100.0,100.0,1.0,0.0
2026-08-31 22:48:32.451583,s3,LOCAL:,0,0,0,0,168,Night,baseline,matatiele,18.354,0.0,8.165542,8.0,1,100.0,100.0,1.0,0.0
2026-08-31 22:48:32.451583,s4,1:,158,311,14464,35300,168,Night,baseline,matatiele,18.354,0.0,8.165542,8.0,1,100.0,100.0,1.0,0.0
2026-08-31 22:48:32.451583,s4,2:,311,305,35280,35028,168,Night,baseline,matatiele,18.354,0.0,8.165542,8.0,1,100.0,100.0,1.0,0.0
2026-08-31 22:48:32.451583,s4,LOCAL:,0,0,0,0,168,Night,baseline,matatiele,18.354,0.0,8.165542,8.0,1,100.0,100.0,1.0,0.0
2026-08-31 22:48:32.451583,s5,1:,84178,327,125183029,37353,168,Night,baseline,matatiele,18.354,0.0,8.165542,8.0,1,100.0,100.0,1.0,0.0
2026-08-31 22:48:32.451583,s5,2:,326,84324,37263,125203503,168,Night,baseline,matatiele,18.354,0.0,8.165542,8.0,1,100.0,100.0,1.0,0.0
2026-08-31 22:48:32.451583,s5,LOCAL:,0,0,0,0,168,Night,baseline,matatiele,18.354,0.0,8.165542,8.0,1,100.0,100.0,1.0,0.0
2026-08-31 22:48:33.447742,s1,1:,608,231733,58151,344228077,169,Night,baseline,umzimvubu,16.464,0.0,8.301553,8.0,1,100.0,100.0,1.0,0.0
2026-08-31 22:48:33.447742,s1,2:,112576,342,167276419,38908,169,Night,baseline,umzimvubu,16.464,0.0,8.301553,8.0,1,100.0,100.0,1.0,0.0
2026-08-31 22:48:33.447742,s1,3:,35046,323,51780825,36136,169,Night,baseline,umzimvubu,16.464,0.0,8.301553,8.0,1,100.0,100.0,1.0,0.0
2026-08-31 22:48:33.447742,s1,4:,305,311,35028,35280,169,Night,baseline,umzimvubu,16.464,0.0,8.301553,8.0,1,100.0,100.0,1.0,0.0
2026-08-31 22:48:33.447742,s1,5:,84324,326,125203503,37263,169,Night,baseline,umzimvubu,16.464,0.0,8.301553,8.0,1,100.0,100.0,1.0,0.0
2026-08-31 22:48:33.447742,s1,LOCAL:,0,0,0,0,169,Night,baseline,umzimvubu,16.464,0.0,8.301553,8.0,1,100.0,100.0,1.0,0.0
2026-08-31 22:48:33.447742,s2,1:,112431,344,167256031,39088,169,Night,baseline,umzimvubu,16.464,0.0,8.301553,8.0,1,100.0,100.0,1.0,0.0
2026-08-31 22:48:33.447742,s2,2:,342,112576,38908,167276419,169,Night,baseline,umzimvubu,16.464,0.0,8.301553,8.0,1,100.0,100.0,1.0,0.0
2026-08-31 22:48:33.447742,s2,LOCAL:,0,0,0,0,169,Night,baseline,umzimvubu,16.464,0.0,8.301553,8.0,1,100.0,100.0,1.0,0.0
2026-08-31 22:48:33.447742,s3,1:,34901,324,51763241,36226,169,Night,baseline,umzimvubu,16.464,0.0,8.301553,8.0,1,100.0,100.0,1.0,0.0
2026-08-31 22:48:33.447742,s3,2:,323,35046,36136,51780825,169,Night,baseline,umzimvubu,16.464,0.0,8.301553,8.0,1,100.0,100.0,1.0,0.0
2026-08-31 22:48:33.447742,s3,LOCAL:,0,0,0,0,169,Night,baseline,umzimvubu,16.464,0.0,8.301553,8.0,1,100.0,100.0,1.0,0.0
2026-08-31 22:48:33.447742,s4,1:,158,311,14464,35300,169,Night,baseline,umzimvubu,16.464,0.0,8.301553,8.0,1,100.0,100.0,1.0,0.0
2026-08-31 22:48:33.447742,s4,2:,311,305,35280,35028,169,Night,baseline,umzimvubu,16.464,0.0,8.301553,8.0,1,100.0,100.0,1.0,0.0
2026-08-31 22:48:33.447742,s4,LOCAL:,0,0,0,0,169,Night,baseline,umzimvubu,16.464,0.0,8.301553,8.0,1,100.0,100.0,1.0,0.0
2026-08-31 22:48:33.447742,s5,1:,84178,327,125183029,37353,169,Night,baseline,umzimvubu,16.464,0.0,8.301553,8.0,1,100.0,100.0,1.0,0.0
2026-08-31 22:48:33.447742,s5,2:,326,84324,37263,125203503,169,Night,baseline,umzimvubu,16.464,0.0,8.301553,8.0,1,100.0,100.0,1.0,0.0
2026-08-31 22:48:33.447742,s5,LOCAL:,0,0,0,0,169,Night,baseline,umzimvubu,16.464,0.0,8.301553,8.0,1,100.0,100.0,1.0,0.0
2026-08-31 22:48:34.449076,s1,1:,623,235206,59621,349379265,170,Night,baseline,ntabankulu,24.199,0.0,8.241694,8.0,1,100.0,100.0,1.0,0.0
2026-08-31 22:48:34.449076,s1,2:,112581,347,167276991,39480,170,Night,baseline,ntabankulu,24.199,0.0,8.241694,8.0,1,100.0,100.0,1.0,0.0
2026-08-31 22:48:34.449076,s1,3:,38509,328,56933817,36708,170,Night,baseline,ntabankulu,24.199,0.0,8.241694,8.0,1,100.0,100.0,1.0,0.0
2026-08-31 22:48:34.449076,s1,4:,313,319,35894,36146,170,Night,baseline,ntabankulu,24.199,0.0,8.241694,8.0,1,100.0,100.0,1.0,0.0
2026-08-31 22:48:34.449076,s1,5:,84329,331,125204075,37835,170,Night,baseline,ntabankulu,24.199,0.0,8.241694,8.0,1,100.0,100.0,1.0,0.0
2026-08-31 22:48:34.449076,s1,LOCAL:,0,0,0,0,170,Night,baseline,ntabankulu,24.199,0.0,8.241694,8.0,1,100.0,100.0,1.0,0.0
2026-08-31 22:48:34.449076,s2,1:,112434,349,167256325,39660,170,Night,baseline,ntabankulu,24.199,0.0,8.241694,8.0,1,100.0,100.0,1.0,0.0
2026-08-31 22:48:34.449076,s2,2:,347,112581,39480,167276991,170,Night,baseline,ntabankulu,24.199,0.0,8.241694,8.0,1,100.0,100.0,1.0,0.0
2026-08-31 22:48:34.449076,s2,LOCAL:,0,0,0,0,170,Night,baseline,ntabankulu,24.199,0.0,8.241694,8.0,1,100.0,100.0,1.0,0.0
2026-08-31 22:48:34.449076,s3,1:,38360,329,56912975,36798,170,Night,baseline,ntabankulu,24.199,0.0,8.241694,8.0,1,100.0,100.0,1.0,0.0
2026-08-31 22:48:34.449076,s3,2:,328,38509,36708,56933817,170,Night,baseline,ntabankulu,24.199,0.0,8.241694,8.0,1,100.0,100.0,1.0,0.0
2026-08-31 22:48:34.449076,s3,LOCAL:,0,0,0,0,170,Night,baseline,ntabankulu,24.199,0.0,8.241694,8.0,1,100.0,100.0,1.0,0.0
2026-08-31 22:48:34.449076,s4,1:,164,319,15052,36166,170,Night,baseline,ntabankulu,24.199,0.0,8.241694,8.0,1,100.0,100.0,1.0,0.0
2026-08-31 22:48:34.449076,s4,2:,319,313,36146,35894,170,Night,baseline,ntabankulu,24.199,0.0,8.241694,8.0,1,100.0,100.0,1.0,0.0
2026-08-31 22:48:34.449076,s4,LOCAL:,0,0,0,0,170,Night,baseline,ntabankulu,24.199,0.0,8.241694,8.0,1,100.0,100.0,1.0,0.0
2026-08-31 22:48:34.449076,s5,1:,84181,332,125183323,37925,170,Night,baseline,ntabankulu,24.199,0.0,8.241694,8.0,1,100.0,100.0,1.0,0.0
2026-08-31 22:48:34.449076,s5,2:,331,84329,37835,125204075,170,Night,baseline,ntabankulu,24.199,0.0,8.241694,8.0,1,100.0,100.0,1.0,0.0
2026-08-31 22:48:34.449076,s5,LOCAL:,0,0,0,0,170,Night,baseline,ntabankulu,24.199,0.0,8.241694,8.0,1,100.0,100.0,1.0,0.0
2026-08-31 22:48:35.448731,s1,1:,623,235206,59621,349379265,171,Night,baseline,winnie,10.963,0.0,8.223832,8.0,1,100.0,100.0,1.0,0.0
2026-08-31 22:48:35.448731,s1,2:,112581,347,167276991,39480,171,Night,baseline,winnie,10.963,0.0,8.223832,8.0,1,100.0,100.0,1.0,0.0
2026-08-31 22:48:35.448731,s1,3:,38509,328,56933817,36708,171,Night,baseline,winnie,10.963,0.0,8.223832,8.0,1,100.0,100.0,1.0,0.0
2026-08-31 22:48:35.448731,s1,4:,313,319,35894,36146,171,Night,baseline,winnie,10.963,0.0,8.223832,8.0,1,100.0,100.0,1.0,0.0
2026-08-31 22:48:35.448731,s1,5:,84329,331,125204075,37835,171,Night,baseline,winnie,10.963,0.0,8.223832,8.0,1,100.0,100.0,1.0,0.0
2026-08-31 22:48:35.448731,s1,LOCAL:,0,0,0,0,171,Night,baseline,winnie,10.963,0.0,8.223832,8.0,1,100.0,100.0,1.0,0.0
2026-08-31 22:48:35.448731,s2,1:,112434,349,167256325,39660,171,Night,baseline,winnie,10.963,0.0,8.223832,8.0,1,100.0,100.0,1.0,0.0
2026-08-31 22:48:35.448731,s2,2:,347,112581,39480,167276991,171,Night,baseline,winnie,10.963,0.0,8.223832,8.0,1,100.0,100.0,1.0,0.0
2026-08-31 22:48:35.448731,s2,LOCAL:,0,0,0,0,171,Night,baseline,winnie,10.963,0.0,8.223832,8.0,1,100.0,100.0,1.0,0.0
2026-08-31 22:48:35.448731,s3,1:,38360,329,56912975,36798,171,Night,baseline,winnie,10.963,0.0,8.223832,8.0,1,100.0,100.0,1.0,0.0
2026-08-31 22:48:35.448731,s3,2:,328,38509,36708,56933817,171,Night,baseline,winnie,10.963,0.0,8.223832,8.0,1,100.0,100.0,1.0,0.0
2026-08-31 22:48:35.448731,s3,LOCAL:,0,0,0,0,171,Night,baseline,winnie,10.963,0.0,8.223832,8.0,1,100.0,100.0,1.0,0.0
2026-08-31 22:48:35.448731,s4,1:,164,319,15052,36166,171,Night,baseline,winnie,10.963,0.0,8.223832,8.0,1,100.0,100.0,1.0,0.0
2026-08-31 22:48:35.448731,s4,2:,319,313,36146,35894,171,Night,baseline,winnie,10.963,0.0,8.223832,8.0,1,100.0,100.0,1.0,0.0
2026-08-31 22:48:35.448731,s4,LOCAL:,0,0,0,0,171,Night,baseline,winnie,10.963,0.0,8.223832,8.0,1,100.0,100.0,1.0,0.0
2026-08-31 22:48:35.448731,s5,1:,84181,332,125183323,37925,171,Night,baseline,winnie,10.963,0.0,8.223832,8.0,1,100.0,100.0,1.0,0.0
2026-08-31 22:48:35.448731,s5,2:,331,84329,37835,125204075,171,Night,baseline,winnie,10.963,0.0,8.223832,8.0,1,100.0,100.0,1.0,0.0
2026-08-31 22:48:35.448731,s5,LOCAL:,0,0,0,0,171,Night,baseline,winnie,10.963,0.0,8.223832,8.0,1,100.0,100.0,1.0,0.0
2026-08-31 22:48:36.453740,s1,1:,623,235206,59621,349379265,172,Night,baseline,matatiele,19.044,0.0,8.271477,8.0,1,100.0,100.0,1.0,0.0
2026-08-31 22:48:36.453740,s1,2:,112581,347,167276991,39480,172,Night,baseline,matatiele,19.044,0.0,8.271477,8.0,1,100.0,100.0,1.0,0.0
2026-08-31 22:48:36.453740,s1,3:,38509,328,56933817,36708,172,Night,baseline,matatiele,19.044,0.0,8.271477,8.0,1,100.0,100.0,1.0,0.0
2026-08-31 22:48:36.453740,s1,4:,313,319,35894,36146,172,Night,baseline,matatiele,19.044,0.0,8.271477,8.0,1,100.0,100.0,1.0,0.0
2026-08-31 22:48:36.453740,s1,5:,84329,331,125204075,37835,172,Night,baseline,matatiele,19.044,0.0,8.271477,8.0,1,100.0,100.0,1.0,0.0
2026-08-31 22:48:36.453740,s1,LOCAL:,0,0,0,0,172,Night,baseline,matatiele,19.044,0.0,8.271477,8.0,1,100.0,100.0,1.0,0.0
2026-08-31 22:48:36.453740,s2,1:,112434,349,167256325,39660,172,Night,baseline,matatiele,19.044,0.0,8.271477,8.0,1,100.0,100.0,1.0,0.0
2026-08-31 22:48:36.453740,s2,2:,347,112581,39480,167276991,172,Night,baseline,matatiele,19.044,0.0,8.271477,8.0,1,100.0,100.0,1.0,0.0
2026-08-31 22:48:36.453740,s2,LOCAL:,0,0,0,0,172,Night,baseline,matatiele,19.044,0.0,8.271477,8.0,1,100.0,100.0,1.0,0.0
2026-08-31 22:48:36.453740,s3,1:,38360,329,56912975,36798,172,Night,baseline,matatiele,19.044,0.0,8.271477,8.0,1,100.0,100.0,1.0,0.0
2026-08-31 22:48:36.453740,s3,2:,328,38509,36708,56933817,172,Night,baseline,matatiele,19.044,0.0,8.271477,8.0,1,100.0,100.0,1.0,0.0
2026-08-31 22:48:36.453740,s3,LOCAL:,0,0,0,0,172,Night,baseline,matatiele,19.044,0.0,8.271477,8.0,1,100.0,100.0,1.0,0.0
2026-08-31 22:48:36.453740,s4,1:,164,319,15052,36166,172,Night,baseline,matatiele,19.044,0.0,8.271477,8.0,1,100.0,100.0,1.0,0.0
2026-08-31 22:48:36.453740,s4,2:,319,313,36146,35894,172,Night,baseline,matatiele,19.044,0.0,8.271477,8.0,1,100.0,100.0,1.0,0.0
2026-08-31 22:48:36.453740,s4,LOCAL:,0,0,0,0,172,Night,baseline,matatiele,19.044,0.0,8.271477,8.0,1,100.0,100.0,1.0,0.0
2026-08-31 22:48:36.453740,s5,1:,84181,332,125183323,37925,172,Night,baseline,matatiele,19.044,0.0,8.271477,8.0,1,100.0,100.0,1.0,0.0
2026-08-31 22:48:36.453740,s5,2:,331,84329,37835,125204075,172,Night,baseline,matatiele,19.044,0.0,8.271477,8.0,1,100.0,100.0,1.0,0.0
2026-08-31 22:48:36.453740,s5,LOCAL:,0,0,0,0,172,Night,baseline,matatiele,19.044,0.0,8.271477,8.0,1,100.0,100.0,1.0,0.0
2026-08-31 22:48:37.446009,s1,1:,623,235206,59621,349379265,173,Night,baseline,umzimvubu,18.525,0.0,8.169187,8.0,1,100.0,100.0,1.0,0.0
2026-08-31 22:48:37.446009,s1,2:,112581,347,167276991,39480,173,Night,baseline,umzimvubu,18.525,0.0,8.169187,8.0,1,100.0,100.0,1.0,0.0
2026-08-31 22:48:37.446009,s1,3:,38509,328,56933817,36708,173,Night,baseline,umzimvubu,18.525,0.0,8.169187,8.0,1,100.0,100.0,1.0,0.0
2026-08-31 22:48:37.446009,s1,4:,313,319,35894,36146,173,Night,baseline,umzimvubu,18.525,0.0,8.169187,8.0,1,100.0,100.0,1.0,0.0
2026-08-31 22:48:37.446009,s1,5:,84329,331,125204075,37835,173,Night,baseline,umzimvubu,18.525,0.0,8.169187,8.0,1,100.0,100.0,1.0,0.0
2026-08-31 22:48:37.446009,s1,LOCAL:,0,0,0,0,173,Night,baseline,umzimvubu,18.525,0.0,8.169187,8.0,1,100.0,100.0,1.0,0.0
2026-08-31 22:48:37.446009,s2,1:,112434,349,167256325,39660,173,Night,baseline,umzimvubu,18.525,0.0,8.169187,8.0,1,100.0,100.0,1.0,0.0
2026-08-31 22:48:37.446009,s2,2:,347,112581,39480,167276991,173,Night,baseline,umzimvubu,18.525,0.0,8.169187,8.0,1,100.0,100.0,1.0,0.0
2026-08-31 22:48:37.446009,s2,LOCAL:,0,0,0,0,173,Night,baseline,umzimvubu,18.525,0.0,8.169187,8.0,1,100.0,100.0,1.0,0.0
2026-08-31 22:48:37.446009,s3,1:,38360,329,56912975,36798,173,Night,baseline,umzimvubu,18.525,0.0,8.169187,8.0,1,100.0,100.0,1.0,0.0
2026-08-31 22:48:37.446009,s3,2:,328,38509,36708,56933817,173,Night,baseline,umzimvubu,18.525,0.0,8.169187,8.0,1,100.0,100.0,1.0,0.0
2026-08-31 22:48:37.446009,s3,LOCAL:,0,0,0,0,173,Night,baseline,umzimvubu,18.525,0.0,8.169187,8.0,1,100.0,100.0,1.0,0.0
2026-08-31 22:48:37.446009,s4,1:,164,319,15052,36166,173,Night,baseline,umzimvubu,18.525,0.0,8.169187,8.0,1,100.0,100.0,1.0,0.0
2026-08-31 22:48:37.446009,s4,2:,319,313,36146,35894,173,Night,baseline,umzimvubu,18.525,0.0,8.169187,8.0,1,100.0,100.0,1.0,0.0
2026-08-31 22:48:37.446009,s4,LOCAL:,0,0,0,0,173,Night,baseline,umzimvubu,18.525,0.0,8.169187,8.0,1,100.0,100.0,1.0,0.0
2026-08-31 22:48:37.446009,s5,1:,84181,332,125183323,37925,173,Night,baseline,umzimvubu,18.525,0.0,8.169187,8.0,1,100.0,100.0,1.0,0.0
2026-08-31 22:48:37.446009,s5,2:,331,84329,37835,125204075,173,Night,baseline,umzimvubu,18.525,0.0,8.169187,8.0,1,100.0,100.0,1.0,0.0
2026-08-31 22:48:37.446009,s5,LOCAL:,0,0,0,0,173,Night,baseline,umzimvubu,18.525,0.0,8.169187,8.0,1,100.0,100.0,1.0,0.0
2026-08-31 22:48:38.450875,s1,1:,623,235206,59621,349379265,174,Night,baseline,ntabankulu,9.572,0.0,8.286356,8.0,1,100.0,100.0,1.0,0.0
2026-08-31 22:48:38.450875,s1,2:,112581,347,167276991,39480,174,Night,baseline,ntabankulu,9.572,0.0,8.286356,8.0,1,100.0,100.0,1.0,0.0
2026-08-31 22:48:38.450875,s1,3:,38509,328,56933817,36708,174,Night,baseline,ntabankulu,9.572,0.0,8.286356,8.0,1,100.0,100.0,1.0,0.0
2026-08-31 22:48:38.450875,s1,4:,313,319,35894,36146,174,Night,baseline,ntabankulu,9.572,0.0,8.286356,8.0,1,100.0,100.0,1.0,0.0
2026-08-31 22:48:38.450875,s1,5:,84329,331,125204075,37835,174,Night,baseline,ntabankulu,9.572,0.0,8.286356,8.0,1,100.0,100.0,1.0,0.0
2026-08-31 22:48:38.450875,s1,LOCAL:,0,0,0,0,174,Night,baseline,ntabankulu,9.572,0.0,8.286356,8.0,1,100.0,100.0,1.0,0.0
2026-08-31 22:48:38.450875,s2,1:,112434,349,167256325,39660,174,Night,baseline,ntabankulu,9.572,0.0,8.286356,8.0,1,100.0,100.0,1.0,0.0
2026-08-31 22:48:38.450875,s2,2:,347,112581,39480,167276991,174,Night,baseline,ntabankulu,9.572,0.0,8.286356,8.0,1,100.0,100.0,1.0,0.0
2026-08-31 22:48:38.450875,s2,LOCAL:,0,0,0,0,174,Night,baseline,ntabankulu,9.572,0.0,8.286356,8.0,1,100.0,100.0,1.0,0.0
2026-08-31 22:48:38.450875,s3,1:,38360,329,56912975,36798,174,Night,baseline,ntabankulu,9.572,0.0,8.286356,8.0,1,100.0,100.0,1.0,0.0
2026-08-31 22:48:38.450875,s3,2:,328,38509,36708,56933817,174,Night,baseline,ntabankulu,9.572,0.0,8.286356,8.0,1,100.0,100.0,1.0,0.0
2026-08-31 22:48:38.450875,s3,LOCAL:,0,0,0,0,174,Night,baseline,ntabankulu,9.572,0.0,8.286356,8.0,1,100.0,100.0,1.0,0.0
2026-08-31 22:48:38.450875,s4,1:,164,319,15052,36166,174,Night,baseline,ntabankulu,9.572,0.0,8.286356,8.0,1,100.0,100.0,1.0,0.0
2026-08-31 22:48:38.450875,s4,2:,319,313,36146,35894,174,Night,baseline,ntabankulu,9.572,0.0,8.286356,8.0,1,100.0,100.0,1.0,0.0
2026-08-31 22:48:38.450875,s4,LOCAL:,0,0,0,0,174,Night,baseline,ntabankulu,9.572,0.0,8.286356,8.0,1,100.0,100.0,1.0,0.0
2026-08-31 22:48:38.450875,s5,1:,84181,332,125183323,37925,174,Night,baseline,ntabankulu,9.572,0.0,8.286356,8.0,1,100.0,100.0,1.0,0.0
2026-08-31 22:48:38.450875,s5,2:,331,84329,37835,125204075,174,Night,baseline,ntabankulu,9.572,0.0,8.286356,8.0,1,100.0,100.0,1.0,0.0
2026-08-31 22:48:38.450875,s5,LOCAL:,0,0,0,0,174,Night,baseline,ntabankulu,9.572,0.0,8.286356,8.0,1,100.0,100.0,1.0,0.0
2026-08-31 22:48:39.468811,s1,1:,638,238679,61091,354527751,175,Night,baseline,winnie,18.664,0.0,8.066751,8.0,1,100.0,100.0,1.0,0.0
2026-08-31 22:48:39.468811,s1,2:,112588,354,167277841,40330,175,Night,baseline,winnie,18.664,0.0,8.066751,8.0,1,100.0,100.0,1.0,0.0
2026-08-31 22:48:39.468811,s1,3:,41970,335,62081127,37558,175,Night,baseline,winnie,18.664,0.0,8.066751,8.0,1,100.0,100.0,1.0,0.0
2026-08-31 22:48:39.468811,s1,4:,320,326,36744,36996,175,Night,baseline,winnie,18.664,0.0,8.066751,8.0,1,100.0,100.0,1.0,0.0
2026-08-31 22:48:39.468811,s1,5:,84339,341,125205219,38979,175,Night,baseline,winnie,18.664,0.0,8.066751,8.0,1,100.0,100.0,1.0,0.0
2026-08-31 22:48:39.468811,s1,LOCAL:,0,0,0,0,175,Night,baseline,winnie,18.664,0.0,8.066751,8.0,1,100.0,100.0,1.0,0.0
2026-08-31 22:48:39.468811,s2,1:,112437,356,167256619,40510,175,Night,baseline,winnie,18.664,0.0,8.066751,8.0,1,100.0,100.0,1.0,0.0
2026-08-31 22:48:39.468811,s2,2:,354,112588,40330,167277841,175,Night,baseline,winnie,18.664,0.0,8.066751,8.0,1,100.0,100.0,1.0,0.0
2026-08-31 22:48:39.468811,s2,LOCAL:,0,0,0,0,175,Night,baseline,winnie,18.664,0.0,8.066751,8.0,1,100.0,100.0,1.0,0.0
2026-08-31 22:48:39.468811,s3,1:,41818,336,62061219,37648,175,Night,baseline,winnie,18.664,0.0,8.066751,8.0,1,100.0,100.0,1.0,0.0
2026-08-31 22:48:39.468811,s3,2:,335,41970,37558,62081127,175,Night,baseline,winnie,18.664,0.0,8.066751,8.0,1,100.0,100.0,1.0,0.0
2026-08-31 22:48:39.468811,s3,LOCAL:,0,0,0,0,175,Night,baseline,winnie,18.664,0.0,8.066751,8.0,1,100.0,100.0,1.0,0.0
2026-08-31 22:48:39.468811,s4,1:,167,326,15346,37016,175,Night,baseline,winnie,18.664,0.0,8.066751,8.0,1,100.0,100.0,1.0,0.0
2026-08-31 22:48:39.468811,s4,2:,326,320,36996,36744,175,Night,baseline,winnie,18.664,0.0,8.066751,8.0,1,100.0,100.0,1.0,0.0
2026-08-31 22:48:39.468811,s4,LOCAL:,0,0,0,0,175,Night,baseline,winnie,18.664,0.0,8.066751,8.0,1,100.0,100.0,1.0,0.0
2026-08-31 22:48:39.468811,s5,1:,84187,342,125183911,39069,175,Night,baseline,winnie,18.664,0.0,8.066751,8.0,1,100.0,100.0,1.0,0.0
2026-08-31 22:48:39.468811,s5,2:,341,84339,38979,125205219,175,Night,baseline,winnie,18.664,0.0,8.066751,8.0,1,100.0,100.0,1.0,0.0
2026-08-31 22:48:39.468811,s5,LOCAL:,0,0,0,0,175,Night,baseline,winnie,18.664,0.0,8.066751,8.0,1,100.0,100.0,1.0,0.0
2026-08-31 22:48:40.462101,s1,1:,638,238679,61091,354527751,176,Night,baseline,matatiele,9.45,0.0,8.450517,8.0,1,100.0,100.0,1.0,0.0
2026-08-31 22:48:40.462101,s1,2:,112588,354,167277841,40330,176,Night,baseline,matatiele,9.45,0.0,8.450517,8.0,1,100.0,100.0,1.0,0.0
2026-08-31 22:48:40.462101,s1,3:,41970,335,62081127,37558,176,Night,baseline,matatiele,9.45,0.0,8.450517,8.0,1,100.0,100.0,1.0,0.0
2026-08-31 22:48:40.462101,s1,4:,320,326,36744,36996,176,Night,baseline,matatiele,9.45,0.0,8.450517,8.0,1,100.0,100.0,1.0,0.0
2026-08-31 22:48:40.462101,s1,5:,84339,341,125205219,38979,176,Night,baseline,matatiele,9.45,0.0,8.450517,8.0,1,100.0,100.0,1.0,0.0
2026-08-31 22:48:40.462101,s1,LOCAL:,0,0,0,0,176,Night,baseline,matatiele,9.45,0.0,8.450517,8.0,1,100.0,100.0,1.0,0.0
2026-08-31 22:48:40.462101,s2,1:,112437,356,167256619,40510,176,Night,baseline,matatiele,9.45,0.0,8.450517,8.0,1,100.0,100.0,1.0,0.0
2026-08-31 22:48:40.462101,s2,2:,354,112588,40330,167277841,176,Night,baseline,matatiele,9.45,0.0,8.450517,8.0,1,100.0,100.0,1.0,0.0
2026-08-31 22:48:40.462101,s2,LOCAL:,0,0,0,0,176,Night,baseline,matatiele,9.45,0.0,8.450517,8.0,1,100.0,100.0,1.0,0.0
2026-08-31 22:48:40.462101,s3,1:,41818,336,62061219,37648,176,Night,baseline,matatiele,9.45,0.0,8.450517,8.0,1,100.0,100.0,1.0,0.0
2026-08-31 22:48:40.462101,s3,2:,335,41970,37558,62081127,176,Night,baseline,matatiele,9.45,0.0,8.450517,8.0,1,100.0,100.0,1.0,0.0
2026-08-31 22:48:40.462101,s3,LOCAL:,0,0,0,0,176,Night,baseline,matatiele,9.45,0.0,8.450517,8.0,1,100.0,100.0,1.0,0.0
2026-08-31 22:48:40.462101,s4,1:,167,326,15346,37016,176,Night,baseline,matatiele,9.45,0.0,8.450517,8.0,1,100.0,100.0,1.0,0.0
2026-08-31 22:48:40.462101,s4,2:,326,320,36996,36744,176,Night,baseline,matatiele,9.45,0.0,8.450517,8.0,1,100.0,100.0,1.0,0.0
2026-08-31 22:48:40.462101,s4,LOCAL:,0,0,0,0,176,Night,baseline,matatiele,9.45,0.0,8.450517,8.0,1,100.0,100.0,1.0,0.0
2026-08-31 22:48:40.462101,s5,1:,84187,342,125183911,39069,176,Night,baseline,matatiele,9.45,0.0,8.450517,8.0,1,100.0,100.0,1.0,0.0
2026-08-31 22:48:40.462101,s5,2:,341,84339,38979,125205219,176,Night,baseline,matatiele,9.45,0.0,8.450517,8.0,1,100.0,100.0,1.0,0.0
2026-08-31 22:48:40.462101,s5,LOCAL:,0,0,0,0,176,Night,baseline,matatiele,9.45,0.0,8.450517,8.0,1,100.0,100.0,1.0,0.0
2026-08-31 22:48:41.448014,s1,1:,638,238679,61091,354527751,177,Night,baseline,umzimvubu,29.138,0.0,8.158987,8.0,1,100.0,100.0,1.0,0.0
2026-08-31 22:48:41.448014,s1,2:,112588,354,167277841,40330,177,Night,baseline,umzimvubu,29.138,0.0,8.158987,8.0,1,100.0,100.0,1.0,0.0
2026-08-31 22:48:41.448014,s1,3:,41970,335,62081127,37558,177,Night,baseline,umzimvubu,29.138,0.0,8.158987,8.0,1,100.0,100.0,1.0,0.0
2026-08-31 22:48:41.448014,s1,4:,320,326,36744,36996,177,Night,baseline,umzimvubu,29.138,0.0,8.158987,8.0,1,100.0,100.0,1.0,0.0
2026-08-31 22:48:41.448014,s1,5:,84339,341,125205219,38979,177,Night,baseline,umzimvubu,29.138,0.0,8.158987,8.0,1,100.0,100.0,1.0,0.0
2026-08-31 22:48:41.448014,s1,LOCAL:,0,0,0,0,177,Night,baseline,umzimvubu,29.138,0.0,8.158987,8.0,1,100.0,100.0,1.0,0.0
2026-08-31 22:48:41.448014,s2,1:,112437,356,167256619,40510,177,Night,baseline,umzimvubu,29.138,0.0,8.158987,8.0,1,100.0,100.0,1.0,0.0
2026-08-31 22:48:41.448014,s2,2:,354,112588,40330,167277841,177,Night,baseline,umzimvubu,29.138,0.0,8.158987,8.0,1,100.0,100.0,1.0,0.0
2026-08-31 22:48:41.448014,s2,LOCAL:,0,0,0,0,177,Night,baseline,umzimvubu,29.138,0.0,8.158987,8.0,1,100.0,100.0,1.0,0.0
2026-08-31 22:48:41.448014,s3,1:,41818,336,62061219,37648,177,Night,baseline,umzimvubu,29.138,0.0,8.158987,8.0,1,100.0,100.0,1.0,0.0
2026-08-31 22:48:41.448014,s3,2:,335,41970,37558,62081127,177,Night,baseline,umzimvubu,29.138,0.0,8.158987,8.0,1,100.0,100.0,1.0,0.0
2026-08-31 22:48:41.448014,s3,LOCAL:,0,0,0,0,177,Night,baseline,umzimvubu,29.138,0.0,8.158987,8.0,1,100.0,100.0,1.0,0.0
2026-08-31 22:48:41.448014,s4,1:,167,326,15346,37016,177,Night,baseline,umzimvubu,29.138,0.0,8.158987,8.0,1,100.0,100.0,1.0,0.0
2026-08-31 22:48:41.448014,s4,2:,326,320,36996,36744,177,Night,baseline,umzimvubu,29.138,0.0,8.158987,8.0,1,100.0,100.0,1.0,0.0
2026-08-31 22:48:41.448014,s4,LOCAL:,0,0,0,0,177,Night,baseline,umzimvubu,29.138,0.0,8.158987,8.0,1,100.0,100.0,1.0,0.0
2026-08-31 22:48:41.448014,s5,1:,84187,342,125183911,39069,177,Night,baseline,umzimvubu,29.138,0.0,8.158987,8.0,1,100.0,100.0,1.0,0.0
2026-08-31 22:48:41.448014,s5,2:,341,84339,38979,125205219,177,Night,baseline,umzimvubu,29.138,0.0,8.158987,8.0,1,100.0,100.0,1.0,0.0
2026-08-31 22:48:41.448014,s5,LOCAL:,0,0,0,0,177,Night,baseline,umzimvubu,29.138,0.0,8.158987,8.0,1,100.0,100.0,1.0,0.0
2026-08-31 22:48:42.450188,s1,1:,638,238679,61091,354527751,178,Night,baseline,ntabankulu,10.845,0.0,8.246357,8.0,1,100.0,100.0,1.0,0.0
2026-08-31 22:48:42.450188,s1,2:,112588,354,167277841,40330,178,Night,baseline,ntabankulu,10.845,0.0,8.246357,8.0,1,100.0,100.0,1.0,0.0
2026-08-31 22:48:42.450188,s1,3:,41970,335,62081127,37558,178,Night,baseline,ntabankulu,10.845,0.0,8.246357,8.0,1,100.0,100.0,1.0,0.0
2026-08-31 22:48:42.450188,s1,4:,320,326,36744,36996,178,Night,baseline,ntabankulu,10.845,0.0,8.246357,8.0,1,100.0,100.0,1.0,0.0
2026-08-31 22:48:42.450188,s1,5:,84339,341,125205219,38979,178,Night,baseline,ntabankulu,10.845,0.0,8.246357,8.0,1,100.0,100.0,1.0,0.0
2026-08-31 22:48:42.450188,s1,LOCAL:,0,0,0,0,178,Night,baseline,ntabankulu,10.845,0.0,8.246357,8.0,1,100.0,100.0,1.0,0.0
2026-08-31 22:48:42.450188,s2,1:,112437,356,167256619,40510,178,Night,baseline,ntabankulu,10.845,0.0,8.246357,8.0,1,100.0,100.0,1.0,0.0
2026-08-31 22:48:42.450188,s2,2:,354,112588,40330,167277841,178,Night,baseline,ntabankulu,10.845,0.0,8.246357,8.0,1,100.0,100.0,1.0,0.0
2026-08-31 22:48:42.450188,s2,LOCAL:,0,0,0,0,178,Night,baseline,ntabankulu,10.845,0.0,8.246357,8.0,1,100.0,100.0,1.0,0.0
2026-08-31 22:48:42.450188,s3,1:,41818,336,62061219,37648,178,Night,baseline,ntabankulu,10.845,0.0,8.246357,8.0,1,100.0,100.0,1.0,0.0
2026-08-31 22:48:42.450188,s3,2:,335,41970,37558,62081127,178,Night,baseline,ntabankulu,10.845,0.0,8.246357,8.0,1,100.0,100.0,1.0,0.0
2026-08-31 22:48:42.450188,s3,LOCAL:,0,0,0,0,178,Night,baseline,ntabankulu,10.845,0.0,8.246357,8.0,1,100.0,100.0,1.0,0.0
2026-08-31 22:48:42.450188,s4,1:,167,326,15346,37016,178,Night,baseline,ntabankulu,10.845,0.0,8.246357,8.0,1,100.0,100.0,1.0,0.0
2026-08-31 22:48:42.450188,s4,2:,326,320,36996,36744,178,Night,baseline,ntabankulu,10.845,0.0,8.246357,8.0,1,100.0,100.0,1.0,0.0
2026-08-31 22:48:42.450188,s4,LOCAL:,0,0,0,0,178,Night,baseline,ntabankulu,10.845,0.0,8.246357,8.0,1,100.0,100.0,1.0,0.0
2026-08-31 22:48:42.450188,s5,1:,84187,342,125183911,39069,178,Night,baseline,ntabankulu,10.845,0.0,8.246357,8.0,1,100.0,100.0,1.0,0.0
2026-08-31 22:48:42.450188,s5,2:,341,84339,38979,125205219,178,Night,baseline,ntabankulu,10.845,0.0,8.246357,8.0,1,100.0,100.0,1.0,0.0
2026-08-31 22:48:42.450188,s5,LOCAL:,0,0,0,0,178,Night,baseline,ntabankulu,10.845,0.0,8.246357,8.0,1,100.0,100.0,1.0,0.0
2026-08-31 22:48:43.519546,s1,1:,638,238679,61091,354527751,179,Night,baseline,winnie,14.809,0.0,8.234448,8.0,1,100.0,100.0,1.0,0.0
2026-08-31 22:48:43.519546,s1,2:,112588,354,167277841,40330,179,Night,baseline,winnie,14.809,0.0,8.234448,8.0,1,100.0,100.0,1.0,0.0
2026-08-31 22:48:43.519546,s1,3:,41970,335,62081127,37558,179,Night,baseline,winnie,14.809,0.0,8.234448,8.0,1,100.0,100.0,1.0,0.0
2026-08-31 22:48:43.519546,s1,4:,320,326,36744,36996,179,Night,baseline,winnie,14.809,0.0,8.234448,8.0,1,100.0,100.0,1.0,0.0
2026-08-31 22:48:43.519546,s1,5:,84339,341,125205219,38979,179,Night,baseline,winnie,14.809,0.0,8.234448,8.0,1,100.0,100.0,1.0,0.0
2026-08-31 22:48:43.519546,s1,LOCAL:,0,0,0,0,179,Night,baseline,winnie,14.809,0.0,8.234448,8.0,1,100.0,100.0,1.0,0.0
2026-08-31 22:48:43.519546,s2,1:,112437,356,167256619,40510,179,Night,baseline,winnie,14.809,0.0,8.234448,8.0,1,100.0,100.0,1.0,0.0
2026-08-31 22:48:43.519546,s2,2:,354,112588,40330,167277841,179,Night,baseline,winnie,14.809,0.0,8.234448,8.0,1,100.0,100.0,1.0,0.0
2026-08-31 22:48:43.519546,s2,LOCAL:,0,0,0,0,179,Night,baseline,winnie,14.809,0.0,8.234448,8.0,1,100.0,100.0,1.0,0.0
2026-08-31 22:48:43.519546,s3,1:,41818,336,62061219,37648,179,Night,baseline,winnie,14.809,0.0,8.234448,8.0,1,100.0,100.0,1.0,0.0
2026-08-31 22:48:43.519546,s3,2:,335,41970,37558,62081127,179,Night,baseline,winnie,14.809,0.0,8.234448,8.0,1,100.0,100.0,1.0,0.0
2026-08-31 22:48:43.519546,s3,LOCAL:,0,0,0,0,179,Night,baseline,winnie,14.809,0.0,8.234448,8.0,1,100.0,100.0,1.0,0.0
2026-08-31 22:48:43.519546,s4,1:,167,326,15346,37016,179,Night,baseline,winnie,14.809,0.0,8.234448,8.0,1,100.0,100.0,1.0,0.0
2026-08-31 22:48:43.519546,s4,2:,326,320,36996,36744,179,Night,baseline,winnie,14.809,0.0,8.234448,8.0,1,100.0,100.0,1.0,0.0
2026-08-31 22:48:43.519546,s4,LOCAL:,0,0,0,0,179,Night,baseline,winnie,14.809,0.0,8.234448,8.0,1,100.0,100.0,1.0,0.0
2026-08-31 22:48:43.519546,s5,1:,84187,342,125183911,39069,179,Night,baseline,winnie,14.809,0.0,8.234448,8.0,1,100.0,100.0,1.0,0.0
2026-08-31 22:48:43.519546,s5,2:,341,84339,38979,125205219,179,Night,baseline,winnie,14.809,0.0,8.234448,8.0,1,100.0,100.0,1.0,0.0
2026-08-31 22:48:43.519546,s5,LOCAL:,0,0,0,0,179,Night,baseline,winnie,14.809,0.0,8.234448,8.0,1,100.0,100.0,1.0,0.0
