timestamp,switch,port,rx_packets,tx_packets,rx_bytes,tx_bytes,sample,simulated_time,scenario,source_site,latency_ms,packet_loss_pct,delivered_rate_mbps,offered_load_mbps,active_flows,configured_core_bw_mbps,configured_branch_bw_mbps,configured_wan_delay_ms,configured_wan_loss_pct
2026-08-31 23:10:13.522618,s1,1:,36,1185,2670,1665835,0,Morning,andm_inspired_rural,matatiele,109.547,33.3333,3.36694,5.0,1,20.0,20.0,50.0,2.0
2026-08-31 23:10:13.522618,s1,2:,1181,65,1671314,6553,0,Morning,andm_inspired_rural,matatiele,109.547,33.3333,3.36694,5.0,1,20.0,20.0,50.0,2.0
2026-08-31 23:10:13.522618,s1,3:,52,58,5976,6138,0,Morning,andm_inspired_rural,matatiele,109.547,33.3333,3.36694,5.0,1,20.0,20.0,50.0,2.0
2026-08-31 23:10:13.522618,s1,4:,53,60,6066,6448,0,Morning,andm_inspired_rural,matatiele,109.547,33.3333,3.36694,5.0,1,20.0,20.0,50.0,2.0
2026-08-31 23:10:13.522618,s1,5:,52,61,6029,6555,0,Morning,andm_inspired_rural,matatiele,109.547,33.3333,3.36694,5.0,1,20.0,20.0,50.0,2.0
2026-08-31 23:10:13.522618,s1,LOCAL:,0,0,0,0,0,Morning,andm_inspired_rural,matatiele,109.547,33.3333,3.36694,5.0,1,20.0,20.0,50.0,2.0
2026-08-31 23:10:13.522618,s2,1:,1198,70,1734196,7155,0,Morning,andm_inspired_rural,matatiele,109.547,33.3333,3.36694,5.0,1,20.0,20.0,50.0,2.0
2026-08-31 23:10:13.522618,s2,2:,65,1181,6553,1671314,0,Morning,andm_inspired_rural,matatiele,109.547,33.3333,3.36694,5.0,1,20.0,20.0,50.0,2.0
2026-08-31 23:10:13.522618,s2,LOCAL:,0,0,0,0,0,Morning,andm_inspired_rural,matatiele,109.547,33.3333,3.36694,5.0,1,20.0,20.0,50.0,2.0
2026-08-31 23:10:13.522618,s3,1:,25,60,1906,6449,0,Morning,andm_inspired_rural,matatiele,109.547,33.3333,3.36694,5.0,1,20.0,20.0,50.0,2.0
2026-08-31 23:10:13.522618,s3,2:,58,52,6138,5976,0,Morning,andm_inspired_rural,matatiele,109.547,33.3333,3.36694,5.0,1,20.0,20.0,50.0,2.0
2026-08-31 23:10:13.522618,s3,LOCAL:,0,0,0,0,0,Morning,andm_inspired_rural,matatiele,109.547,33.3333,3.36694,5.0,1,20.0,20.0,50.0,2.0
2026-08-31 23:10:13.522618,s4,1:,27,63,2082,6735,0,Morning,andm_inspired_rural,matatiele,109.547,33.3333,3.36694,5.0,1,20.0,20.0,50.0,2.0
2026-08-31 23:10:13.522618,s4,2:,60,53,6448,6066,0,Morning,andm_inspired_rural,matatiele,109.547,33.3333,3.36694,5.0,1,20.0,20.0,50.0,2.0
2026-08-31 23:10:13.522618,s4,LOCAL:,0,0,0,0,0,Morning,andm_inspired_rural,matatiele,109.547,33.3333,3.36694,5.0,1,20.0,20.0,50.0,2.0
2026-08-31 23:10:13.522618,s5,1:,26,62,1992,6645,0,Morning,andm_inspired_rural,matatiele,109.547,33.3333,3.36694,5.0,1,20.0,20.0,50.0,2.0
2026-08-31 23:10:13.522618,s5,2:,61,52,6555,6029,0,Morning,andm_inspired_rural,matatiele,109.547,33.3333,3.36694,5.0,1,20.0,20.0,50.0,2.0
2026-08-31 23:10:13.522618,s5,LOCAL:,0,0,0,0,0,Morning,andm_inspired_rural,matatiele,109.547,33.3333,3.36694,5.0,1,20.0,20.0,50.0,2.0
2026-08-31 23:10:14.494670,s1,1:,36,1185,2670,1665835,1,Morning,andm_inspired_rural,umzimvubu,114.634,0.0,6.899728,5.0,1,20.0,20.0,50.0,2.0
2026-08-31 23:10:14.494670,s1,2:,1181,65,1671314,6553,1,Morning,andm_inspired_rural,umzimvubu,114.634,0.0,6.899728,5.0,1,20.0,20.0,50.0,2.0
2026-08-31 23:10:14.494670,s1,3:,52,58,5976,6138,1,Morning,andm_inspired_rural,umzimvubu,114.634,0.0,6.899728,5.0,1,20.0,20.0,50.0,2.0
2026-08-31 23:10:14.494670,s1,4:,53,60,6066,6448,1,Morning,andm_inspired_rural,umzimvubu,114.634,0.0,6.899728,5.0,1,20.0,20.0,50.0,2.0
2026-08-31 23:10:14.494670,s1,5:,52,61,6029,6555,1,Morning,andm_inspired_rural,umzimvubu,114.634,0.0,6.899728,5.0,1,20.0,20.0,50.0,2.0
2026-08-31 23:10:14.494670,s1,LOCAL:,0,0,0,0,1,Morning,andm_inspired_rural,umzimvubu,114.634,0.0,6.899728,5.0,1,20.0,20.0,50.0,2.0
2026-08-31 23:10:14.494670,s2,1:,1198,70,1734196,7155,1,Morning,andm_inspired_rural,umzimvubu,114.634,0.0,6.899728,5.0,1,20.0,20.0,50.0,2.0
2026-08-31 23:10:14.494670,s2,2:,65,1181,6553,1671314,1,Morning,andm_inspired_rural,umzimvubu,114.634,0.0,6.899728,5.0,1,20.0,20.0,50.0,2.0
2026-08-31 23:10:14.494670,s2,LOCAL:,0,0,0,0,1,Morning,andm_inspired_rural,umzimvubu,114.634,0.0,6.899728,5.0,1,20.0,20.0,50.0,2.0
2026-08-31 23:10:14.494670,s3,1:,25,60,1906,6449,1,Morning,andm_inspired_rural,umzimvubu,114.634,0.0,6.899728,5.0,1,20.0,20.0,50.0,2.0
2026-08-31 23:10:14.494670,s3,2:,58,52,6138,5976,1,Morning,andm_inspired_rural,umzimvubu,114.634,0.0,6.899728,5.0,1,20.0,20.0,50.0,2.0
2026-08-31 23:10:14.494670,s3,LOCAL:,0,0,0,0,1,Morning,andm_inspired_rural,umzimvubu,114.634,0.0,6.899728,5.0,1,20.0,20.0,50.0,2.0
2026-08-31 23:10:14.494670,s4,1:,27,63,2082,6735,1,Morning,andm_inspired_rural,umzimvubu,114.634,0.0,6.899728,5.0,1,20.0,20.0,50.0,2.0
2026-08-31 23:10:14.494670,s4,2:,60,53,6448,6066,1,Morning,andm_inspired_rural,umzimvubu,114.634,0.0,6.899728,5.0,1,20.0,20.0,50.0,2.0
2026-08-31 23:10:14.494670,s4,LOCAL:,0,0,0,0,1,Morning,andm_inspired_rural,umzimvubu,114.634,0.0,6.899728,5.0,1,20.0,20.0,50.0,2.0
2026-08-31 23:10:14.494670,s5,1:,26,62,1992,6645,1,Morning,andm_inspired_rural,umzimvubu,114.634,0.0,6.899728,5.0,1,20.0,20.0,50.0,2.0
2026-08-31 23:10:14.494670,s5,2:,61,52,6555,6029,1,Morning,andm_inspired_rural,umzimvubu,114.634,0.0,6.899728,5.0,1,20.0,20.0,50.0,2.0
2026-08-31 23:10:14.494670,s5,LOCAL:,0,0,0,0,1,Morning,andm_inspired_rural,umzimvubu,114.634,0.0,6.899728,5.0,1,20.0,20.0,50.0,2.0
2026-08-31 23:10:15.494688,s1,1:,36,1185,2670,1665835,2,Morning,andm_inspired_rural,ntabankulu,115.441,0.0,5.059789,5.0,1,20.0,20.0,50.0,2.0
2026-08-31 23:10:15.494688,s1,2:,1181,65,1671314,6553,2,Morning,andm_inspired_rural,ntabankulu,115.441,0.0,5.059789,5.0,1,20.0,20.0,50.0,2.0
2026-08-31 23:10:15.494688,s1,3:,52,58,5976,6138,2,Morning,andm_inspired_rural,ntabankulu,115.441,0.0,5.059789,5.0,1,20.0,20.0,50.0,2.0
2026-08-31 23:10:15.494688,s1,4:,53,60,6066,6448,2,Morning,andm_inspired_rural,ntabankulu,115.441,0.0,5.059789,5.0,1,20.0,20.0,50.0,2.0
2026-08-31 23:10:15.494688,s1,5:,52,61,6029,6555,2,Morning,andm_inspired_rural,ntabankulu,115.441,0.0,5.059789,5.0,1,20.0,20.0,50.0,2.0
2026-08-31 23:10:15.494688,s1,LOCAL:,0,0,0,0,2,Morning,andm_inspired_rural,ntabankulu,115.441,0.0,5.059789,5.0,1,20.0,20.0,50.0,2.0
2026-08-31 23:10:15.494688,s2,1:,1198,70,1734196,7155,2,Morning,andm_inspired_rural,ntabankulu,115.441,0.0,5.059789,5.0,1,20.0,20.0,50.0,2.0
2026-08-31 23:10:15.494688,s2,2:,65,1181,6553,1671314,2,Morning,andm_inspired_rural,ntabankulu,115.441,0.0,5.059789,5.0,1,20.0,20.0,50.0,2.0
2026-08-31 23:10:15.494688,s2,LOCAL:,0,0,0,0,2,Morning,andm_inspired_rural,ntabankulu,115.441,0.0,5.059789,5.0,1,20.0,20.0,50.0,2.0
2026-08-31 23:10:15.494688,s3,1:,25,60,1906,6449,2,Morning,andm_inspired_rural,ntabankulu,115.441,0.0,5.059789,5.0,1,20.0,20.0,50.0,2.0
2026-08-31 23:10:15.494688,s3,2:,58,52,6138,5976,2,Morning,andm_inspired_rural,ntabankulu,115.441,0.0,5.059789,5.0,1,20.0,20.0,50.0,2.0
2026-08-31 23:10:15.494688,s3,LOCAL:,0,0,0,0,2,Morning,andm_inspired_rural,ntabankulu,115.441,0.0,5.059789,5.0,1,20.0,20.0,50.0,2.0
2026-08-31 23:10:15.494688,s4,1:,27,63,2082,6735,2,Morning,andm_inspired_rural,ntabankulu,115.441,0.0,5.059789,5.0,1,20.0,20.0,50.0,2.0
2026-08-31 23:10:15.494688,s4,2:,60,53,6448,6066,2,Morning,andm_inspired_rural,ntabankulu,115.441,0.0,5.059789,5.0,1,20.0,20.0,50.0,2.0
2026-08-31 23:10:15.494688,s4,LOCAL:,0,0,0,0,2,Morning,andm_inspired_rural,ntabankulu,115.441,0.0,5.059789,5.0,1,20.0,20.0,50.0,2.0
2026-08-31 23:10:15.494688,s5,1:,26,62,1992,6645,2,Morning,andm_inspired_rural,ntabankulu,115.441,0.0,5.059789,5.0,1,20.0,20.0,50.0,2.0
2026-08-31 23:10:15.494688,s5,2:,61,52,6555,6029,2,Morning,andm_inspired_rural,ntabankulu,115.441,0.0,5.059789,5.0,1,20.0,20.0,50.0,2.0
2026-08-31 23:10:15.494688,s5,LOCAL:,0,0,0,0,2,Morning,andm_inspired_rural,ntabankulu,115.441,0.0,5.059789,5.0,1,20.0,20.0,50.0,2.0
2026-08-31 23:10:16.491966,s1,1:,36,1185,2670,1665835,3,Morning,andm_inspired_rural,winnie,115.548,0.0,5.111478,5.0,1,20.0,20.0,50.0,2.0
2026-08-31 23:10:16.491966,s1,2:,1181,65,1671314,6553,3,Morning,andm_inspired_rural,winnie,115.548,0.0,5.111478,5.0,1,20.0,20.0,50.0,2.0
2026-08-31 23:10:16.491966,s1,3:,52,58,5976,6138,3,Morning,andm_inspired_rural,winnie,115.548,0.0,5.111478,5.0,1,20.0,20.0,50.0,2.0
2026-08-31 23:10:16.491966,s1,4:,53,60,6066,6448,3,Morning,andm_inspired_rural,winnie,115.548,0.0,5.111478,5.0,1,20.0,20.0,50.0,2.0
2026-08-31 23:10:16.491966,s1,5:,52,61,6029,6555,3,Morning,andm_inspired_rural,winnie,115.548,0.0,5.111478,5.0,1,20.0,20.0,50.0,2.0
2026-08-31 23:10:16.491966,s1,LOCAL:,0,0,0,0,3,Morning,andm_inspired_rural,winnie,115.548,0.0,5.111478,5.0,1,20.0,20.0,50.0,2.0
2026-08-31 23:10:16.491966,s2,1:,1198,70,1734196,7155,3,Morning,andm_inspired_rural,winnie,115.548,0.0,5.111478,5.0,1,20.0,20.0,50.0,2.0
2026-08-31 23:10:16.491966,s2,2:,65,1181,6553,1671314,3,Morning,andm_inspired_rural,winnie,115.548,0.0,5.111478,5.0,1,20.0,20.0,50.0,2.0
2026-08-31 23:10:16.491966,s2,LOCAL:,0,0,0,0,3,Morning,andm_inspired_rural,winnie,115.548,0.0,5.111478,5.0,1,20.0,20.0,50.0,2.0
2026-08-31 23:10:16.491966,s3,1:,25,60,1906,6449,3,Morning,andm_inspired_rural,winnie,115.548,0.0,5.111478,5.0,1,20.0,20.0,50.0,2.0
2026-08-31 23:10:16.491966,s3,2:,58,52,6138,5976,3,Morning,andm_inspired_rural,winnie,115.548,0.0,5.111478,5.0,1,20.0,20.0,50.0,2.0
2026-08-31 23:10:16.491966,s3,LOCAL:,0,0,0,0,3,Morning,andm_inspired_rural,winnie,115.548,0.0,5.111478,5.0,1,20.0,20.0,50.0,2.0
2026-08-31 23:10:16.491966,s4,1:,27,63,2082,6735,3,Morning,andm_inspired_rural,winnie,115.548,0.0,5.111478,5.0,1,20.0,20.0,50.0,2.0
2026-08-31 23:10:16.491966,s4,2:,60,53,6448,6066,3,Morning,andm_inspired_rural,winnie,115.548,0.0,5.111478,5.0,1,20.0,20.0,50.0,2.0
2026-08-31 23:10:16.491966,s4,LOCAL:,0,0,0,0,3,Morning,andm_inspired_rural,winnie,115.548,0.0,5.111478,5.0,1,20.0,20.0,50.0,2.0
2026-08-31 23:10:16.491966,s5,1:,26,62,1992,6645,3,Morning,andm_inspired_rural,winnie,115.548,0.0,5.111478,5.0,1,20.0,20.0,50.0,2.0
2026-08-31 23:10:16.491966,s5,2:,61,52,6555,6029,3,Morning,andm_inspired_rural,winnie,115.548,0.0,5.111478,5.0,1,20.0,20.0,50.0,2.0
2026-08-31 23:10:16.491966,s5,LOCAL:,0,0,0,0,3,Morning,andm_inspired_rural,winnie,115.548,0.0,5.111478,5.0,1,20.0,20.0,50.0,2.0
2026-08-31 23:10:17.510433,s1,1:,52,3342,4210,4853481,4,Morning,andm_inspired_rural,matatiele,108.123,0.0,5.076002,5.0,1,20.0,20.0,50.0,2.0
2026-08-31 23:10:17.510433,s1,2:,3325,74,4852118,7599,4,Morning,andm_inspired_rural,matatiele,108.123,0.0,5.076002,5.0,1,20.0,20.0,50.0,2.0
2026-08-31 23:10:17.510433,s1,3:,60,65,6896,6988,4,Morning,andm_inspired_rural,matatiele,108.123,0.0,5.076002,5.0,1,20.0,20.0,50.0,2.0
2026-08-31 23:10:17.510433,s1,4:,60,68,6916,7368,4,Morning,andm_inspired_rural,matatiele,108.123,0.0,5.076002,5.0,1,20.0,20.0,50.0,2.0
2026-08-31 23:10:17.510433,s1,5:,60,68,6949,7405,4,Morning,andm_inspired_rural,matatiele,108.123,0.0,5.076002,5.0,1,20.0,20.0,50.0,2.0
2026-08-31 23:10:17.510433,s1,LOCAL:,0,0,0,0,4,Morning,andm_inspired_rural,matatiele,108.123,0.0,5.076002,5.0,1,20.0,20.0,50.0,2.0
2026-08-31 23:10:17.510433,s2,1:,3365,79,4953254,8201,4,Morning,andm_inspired_rural,matatiele,108.123,0.0,5.076002,5.0,1,20.0,20.0,50.0,2.0
2026-08-31 23:10:17.510433,s2,2:,74,3325,7599,4852118,4,Morning,andm_inspired_rural,matatiele,108.123,0.0,5.076002,5.0,1,20.0,20.0,50.0,2.0
2026-08-31 23:10:17.510433,s2,LOCAL:,0,0,0,0,4,Morning,andm_inspired_rural,matatiele,108.123,0.0,5.076002,5.0,1,20.0,20.0,50.0,2.0
2026-08-31 23:10:17.510433,s3,1:,28,67,2200,7299,4,Morning,andm_inspired_rural,matatiele,108.123,0.0,5.076002,5.0,1,20.0,20.0,50.0,2.0
2026-08-31 23:10:17.510433,s3,2:,65,60,6988,6896,4,Morning,andm_inspired_rural,matatiele,108.123,0.0,5.076002,5.0,1,20.0,20.0,50.0,2.0
2026-08-31 23:10:17.510433,s3,LOCAL:,0,0,0,0,4,Morning,andm_inspired_rural,matatiele,108.123,0.0,5.076002,5.0,1,20.0,20.0,50.0,2.0
2026-08-31 23:10:17.510433,s4,1:,30,70,2376,7585,4,Morning,andm_inspired_rural,matatiele,108.123,0.0,5.076002,5.0,1,20.0,20.0,50.0,2.0
2026-08-31 23:10:17.510433,s4,2:,68,60,7368,6916,4,Morning,andm_inspired_rural,matatiele,108.123,0.0,5.076002,5.0,1,20.0,20.0,50.0,2.0
2026-08-31 23:10:17.510433,s4,LOCAL:,0,0,0,0,4,Morning,andm_inspired_rural,matatiele,108.123,0.0,5.076002,5.0,1,20.0,20.0,50.0,2.0
2026-08-31 23:10:17.510433,s5,1:,29,70,2286,7565,4,Morning,andm_inspired_rural,matatiele,108.123,0.0,5.076002,5.0,1,20.0,20.0,50.0,2.0
2026-08-31 23:10:17.510433,s5,2:,68,60,7405,6949,4,Morning,andm_inspired_rural,matatiele,108.123,0.0,5.076002,5.0,1,20.0,20.0,50.0,2.0
2026-08-31 23:10:17.510433,s5,LOCAL:,0,0,0,0,4,Morning,andm_inspired_rural,matatiele,108.123,0.0,5.076002,5.0,1,20.0,20.0,50.0,2.0
2026-08-31 23:10:18.491254,s1,1:,52,3342,4210,4853481,5,Morning,andm_inspired_rural,umzimvubu,118.669,0.0,4.993476,5.0,1,20.0,20.0,50.0,2.0
2026-08-31 23:10:18.491254,s1,2:,3325,74,4852118,7599,5,Morning,andm_inspired_rural,umzimvubu,118.669,0.0,4.993476,5.0,1,20.0,20.0,50.0,2.0
2026-08-31 23:10:18.491254,s1,3:,60,65,6896,6988,5,Morning,andm_inspired_rural,umzimvubu,118.669,0.0,4.993476,5.0,1,20.0,20.0,50.0,2.0
2026-08-31 23:10:18.491254,s1,4:,60,68,6916,7368,5,Morning,andm_inspired_rural,umzimvubu,118.669,0.0,4.993476,5.0,1,20.0,20.0,50.0,2.0
2026-08-31 23:10:18.491254,s1,5:,60,68,6949,7405,5,Morning,andm_inspired_rural,umzimvubu,118.669,0.0,4.993476,5.0,1,20.0,20.0,50.0,2.0
2026-08-31 23:10:18.491254,s1,LOCAL:,0,0,0,0,5,Morning,andm_inspired_rural,umzimvubu,118.669,0.0,4.993476,5.0,1,20.0,20.0,50.0,2.0
2026-08-31 23:10:18.491254,s2,1:,3365,79,4953254,8201,5,Morning,andm_inspired_rural,umzimvubu,118.669,0.0,4.993476,5.0,1,20.0,20.0,50.0,2.0
2026-08-31 23:10:18.491254,s2,2:,74,3325,7599,4852118,5,Morning,andm_inspired_rural,umzimvubu,118.669,0.0,4.993476,5.0,1,20.0,20.0,50.0,2.0
2026-08-31 23:10:18.491254,s2,LOCAL:,0,0,0,0,5,Morning,andm_inspired_rural,umzimvubu,118.669,0.0,4.993476,5.0,1,20.0,20.0,50.0,2.0
2026-08-31 23:10:18.491254,s3,1:,28,67,2200,7299,5,Morning,andm_inspired_rural,umzimvubu,118.669,0.0,4.993476,5.0,1,20.0,20.0,50.0,2.0
2026-08-31 23:10:18.491254,s3,2:,65,60,6988,6896,5,Morning,andm_inspired_rural,umzimvubu,118.669,0.0,4.993476,5.0,1,20.0,20.0,50.0,2.0
2026-08-31 23:10:18.491254,s3,LOCAL:,0,0,0,0,5,Morning,andm_inspired_rural,umzimvubu,118.669,0.0,4.993476,5.0,1,20.0,20.0,50.0,2.0
2026-08-31 23:10:18.491254,s4,1:,30,70,2376,7585,5,Morning,andm_inspired_rural,umzimvubu,118.669,0.0,4.993476,5.0,1,20.0,20.0,50.0,2.0
2026-08-31 23:10:18.491254,s4,2:,68,60,7368,6916,5,Morning,andm_inspired_rural,umzimvubu,118.669,0.0,4.993476,5.0,1,20.0,20.0,50.0,2.0
2026-08-31 23:10:18.491254,s4,LOCAL:,0,0,0,0,5,Morning,andm_inspired_rural,umzimvubu,118.669,0.0,4.993476,5.0,1,20.0,20.0,50.0,2.0
2026-08-31 23:10:18.491254,s5,1:,29,70,2286,7565,5,Morning,andm_inspired_rural,umzimvubu,118.669,0.0,4.993476,5.0,1,20.0,20.0,50.0,2.0
2026-08-31 23:10:18.491254,s5,2:,68,60,7405,6949,5,Morning,andm_inspired_rural,umzimvubu,118.669,0.0,4.993476,5.0,1,20.0,20.0,50.0,2.0
2026-08-31 23:10:18.491254,s5,LOCAL:,0,0,0,0,5,Morning,andm_inspired_rural,umzimvubu,118.669,0.0,4.993476,5.0,1,20.0,20.0,50.0,2.0
2026-08-31 23:10:19.503530,s1,1:,52,3342,4210,4853481,6,Morning,andm_inspired_rural,ntabankulu,116.664,0.0,5.138825,5.0,1,20.0,20.0,50.0,2.0
2026-08-31 23:10:19.503530,s1,2:,3325,74,4852118,7599,6,Morning,andm_inspired_rural,ntabankulu,116.664,0.0,5.138825,5.0,1,20.0,20.0,50.0,2.0
2026-08-31 23:10:19.503530,s1,3:,60,65,6896,6988,6,Morning,andm_inspired_rural,ntabankulu,116.664,0.0,5.138825,5.0,1,20.0,20.0,50.0,2.0
2026-08-31 23:10:19.503530,s1,4:,60,68,6916,7368,6,Morning,andm_inspired_rural,ntabankulu,116.664,0.0,5.138825,5.0,1,20.0,20.0,50.0,2.0
2026-08-31 23:10:19.503530,s1,5:,60,68,6949,7405,6,Morning,andm_inspired_rural,ntabankulu,116.664,0.0,5.138825,5.0,1,20.0,20.0,50.0,2.0
2026-08-31 23:10:19.503530,s1,LOCAL:,0,0,0,0,6,Morning,andm_inspired_rural,ntabankulu,116.664,0.0,5.138825,5.0,1,20.0,20.0,50.0,2.0
2026-08-31 23:10:19.503530,s2,1:,3365,79,4953254,8201,6,Morning,andm_inspired_rural,ntabankulu,116.664,0.0,5.138825,5.0,1,20.0,20.0,50.0,2.0
2026-08-31 23:10:19.503530,s2,2:,74,3325,7599,4852118,6,Morning,andm_inspired_rural,ntabankulu,116.664,0.0,5.138825,5.0,1,20.0,20.0,50.0,2.0
2026-08-31 23:10:19.503530,s2,LOCAL:,0,0,0,0,6,Morning,andm_inspired_rural,ntabankulu,116.664,0.0,5.138825,5.0,1,20.0,20.0,50.0,2.0
2026-08-31 23:10:19.503530,s3,1:,28,67,2200,7299,6,Morning,andm_inspired_rural,ntabankulu,116.664,0.0,5.138825,5.0,1,20.0,20.0,50.0,2.0
2026-08-31 23:10:19.503530,s3,2:,65,60,6988,6896,6,Morning,andm_inspired_rural,ntabankulu,116.664,0.0,5.138825,5.0,1,20.0,20.0,50.0,2.0
2026-08-31 23:10:19.503530,s3,LOCAL:,0,0,0,0,6,Morning,andm_inspired_rural,ntabankulu,116.664,0.0,5.138825,5.0,1,20.0,20.0,50.0,2.0
2026-08-31 23:10:19.503530,s4,1:,30,70,2376,7585,6,Morning,andm_inspired_rural,ntabankulu,116.664,0.0,5.138825,5.0,1,20.0,20.0,50.0,2.0
2026-08-31 23:10:19.503530,s4,2:,68,60,7368,6916,6,Morning,andm_inspired_rural,ntabankulu,116.664,0.0,5.138825,5.0,1,20.0,20.0,50.0,2.0
2026-08-31 23:10:19.503530,s4,LOCAL:,0,0,0,0,6,Morning,andm_inspired_rural,ntabankulu,116.664,0.0,5.138825,5.0,1,20.0,20.0,50.0,2.0
2026-08-31 23:10:19.503530,s5,1:,29,70,2286,7565,6,Morning,andm_inspired_rural,ntabankulu,116.664,0.0,5.138825,5.0,1,20.0,20.0,50.0,2.0
2026-08-31 23:10:19.503530,s5,2:,68,60,7405,6949,6,Morning,andm_inspired_rural,ntabankulu,116.664,0.0,5.138825,5.0,1,20.0,20.0,50.0,2.0
2026-08-31 23:10:19.503530,s5,LOCAL:,0,0,0,0,6,Morning,andm_inspired_rural,ntabankulu,116.664,0.0,5.138825,5.0,1,20.0,20.0,50.0,2.0
2026-08-31 23:10:20.491025,s1,1:,52,3342,4210,4853481,7,Morning,andm_inspired_rural,winnie,132.271,0.0,4.98786,5.0,1,20.0,20.0,50.0,2.0
2026-08-31 23:10:20.491025,s1,2:,3325,74,4852118,7599,7,Morning,andm_inspired_rural,winnie,132.271,0.0,4.98786,5.0,1,20.0,20.0,50.0,2.0
2026-08-31 23:10:20.491025,s1,3:,60,65,6896,6988,7,Morning,andm_inspired_rural,winnie,132.271,0.0,4.98786,5.0,1,20.0,20.0,50.0,2.0
2026-08-31 23:10:20.491025,s1,4:,60,68,6916,7368,7,Morning,andm_inspired_rural,winnie,132.271,0.0,4.98786,5.0,1,20.0,20.0,50.0,2.0
2026-08-31 23:10:20.491025,s1,5:,60,68,6949,7405,7,Morning,andm_inspired_rural,winnie,132.271,0.0,4.98786,5.0,1,20.0,20.0,50.0,2.0
2026-08-31 23:10:20.491025,s1,LOCAL:,0,0,0,0,7,Morning,andm_inspired_rural,winnie,132.271,0.0,4.98786,5.0,1,20.0,20.0,50.0,2.0
2026-08-31 23:10:20.491025,s2,1:,3365,79,4953254,8201,7,Morning,andm_inspired_rural,winnie,132.271,0.0,4.98786,5.0,1,20.0,20.0,50.0,2.0
2026-08-31 23:10:20.491025,s2,2:,74,3325,7599,4852118,7,Morning,andm_inspired_rural,winnie,132.271,0.0,4.98786,5.0,1,20.0,20.0,50.0,2.0
2026-08-31 23:10:20.491025,s2,LOCAL:,0,0,0,0,7,Morning,andm_inspired_rural,winnie,132.271,0.0,4.98786,5.0,1,20.0,20.0,50.0,2.0
2026-08-31 23:10:20.491025,s3,1:,28,67,2200,7299,7,Morning,andm_inspired_rural,winnie,132.271,0.0,4.98786,5.0,1,20.0,20.0,50.0,2.0
2026-08-31 23:10:20.491025,s3,2:,65,60,6988,6896,7,Morning,andm_inspired_rural,winnie,132.271,0.0,4.98786,5.0,1,20.0,20.0,50.0,2.0
2026-08-31 23:10:20.491025,s3,LOCAL:,0,0,0,0,7,Morning,andm_inspired_rural,winnie,132.271,0.0,4.98786,5.0,1,20.0,20.0,50.0,2.0
2026-08-31 23:10:20.491025,s4,1:,30,70,2376,7585,7,Morning,andm_inspired_rural,winnie,132.271,0.0,4.98786,5.0,1,20.0,20.0,50.0,2.0
2026-08-31 23:10:20.491025,s4,2:,68,60,7368,6916,7,Morning,andm_inspired_rural,winnie,132.271,0.0,4.98786,5.0,1,20.0,20.0,50.0,2.0
2026-08-31 23:10:20.491025,s4,LOCAL:,0,0,0,0,7,Morning,andm_inspired_rural,winnie,132.271,0.0,4.98786,5.0,1,20.0,20.0,50.0,2.0
2026-08-31 23:10:20.491025,s5,1:,29,70,2286,7565,7,Morning,andm_inspired_rural,winnie,132.271,0.0,4.98786,5.0,1,20.0,20.0,50.0,2.0
2026-08-31 23:10:20.491025,s5,2:,68,60,7405,6949,7,Morning,andm_inspired_rural,winnie,132.271,0.0,4.98786,5.0,1,20.0,20.0,50.0,2.0
2026-08-31 23:10:20.491025,s5,LOCAL:,0,0,0,0,7,Morning,andm_inspired_rural,winnie,132.271,0.0,4.98786,5.0,1,20.0,20.0,50.0,2.0
2026-08-31 23:10:21.492645,s1,1:,52,3342,4210,4853481,8,Morning,andm_inspired_rural,matatiele,110.233,0.0,5.112208,5.0,1,20.0,20.0,50.0,2.0
2026-08-31 23:10:21.492645,s1,2:,3325,74,4852118,7599,8,Morning,andm_inspired_rural,matatiele,110.233,0.0,5.112208,5.0,1,20.0,20.0,50.0,2.0
2026-08-31 23:10:21.492645,s1,3:,60,65,6896,6988,8,Morning,andm_inspired_rural,matatiele,110.233,0.0,5.112208,5.0,1,20.0,20.0,50.0,2.0
2026-08-31 23:10:21.492645,s1,4:,60,68,6916,7368,8,Morning,andm_inspired_rural,matatiele,110.233,0.0,5.112208,5.0,1,20.0,20.0,50.0,2.0
2026-08-31 23:10:21.492645,s1,5:,60,68,6949,7405,8,Morning,andm_inspired_rural,matatiele,110.233,0.0,5.112208,5.0,1,20.0,20.0,50.0,2.0
2026-08-31 23:10:21.492645,s1,LOCAL:,0,0,0,0,8,Morning,andm_inspired_rural,matatiele,110.233,0.0,5.112208,5.0,1,20.0,20.0,50.0,2.0
2026-08-31 23:10:21.492645,s2,1:,3365,79,4953254,8201,8,Morning,andm_inspired_rural,matatiele,110.233,0.0,5.112208,5.0,1,20.0,20.0,50.0,2.0
2026-08-31 23:10:21.492645,s2,2:,74,3325,7599,4852118,8,Morning,andm_inspired_rural,matatiele,110.233,0.0,5.112208,5.0,1,20.0,20.0,50.0,2.0
2026-08-31 23:10:21.492645,s2,LOCAL:,0,0,0,0,8,Morning,andm_inspired_rural,matatiele,110.233,0.0,5.112208,5.0,1,20.0,20.0,50.0,2.0
2026-08-31 23:10:21.492645,s3,1:,28,67,2200,7299,8,Morning,andm_inspired_rural,matatiele,110.233,0.0,5.112208,5.0,1,20.0,20.0,50.0,2.0
2026-08-31 23:10:21.492645,s3,2:,65,60,6988,6896,8,Morning,andm_inspired_rural,matatiele,110.233,0.0,5.112208,5.0,1,20.0,20.0,50.0,2.0
2026-08-31 23:10:21.492645,s3,LOCAL:,0,0,0,0,8,Morning,andm_inspired_rural,matatiele,110.233,0.0,5.112208,5.0,1,20.0,20.0,50.0,2.0
2026-08-31 23:10:21.492645,s4,1:,30,70,2376,7585,8,Morning,andm_inspired_rural,matatiele,110.233,0.0,5.112208,5.0,1,20.0,20.0,50.0,2.0
2026-08-31 23:10:21.492645,s4,2:,68,60,7368,6916,8,Morning,andm_inspired_rural,matatiele,110.233,0.0,5.112208,5.0,1,20.0,20.0,50.0,2.0
2026-08-31 23:10:21.492645,s4,LOCAL:,0,0,0,0,8,Morning,andm_inspired_rural,matatiele,110.233,0.0,5.112208,5.0,1,20.0,20.0,50.0,2.0
2026-08-31 23:10:21.492645,s5,1:,29,70,2286,7565,8,Morning,andm_inspired_rural,matatiele,110.233,0.0,5.112208,5.0,1,20.0,20.0,50.0,2.0
2026-08-31 23:10:21.492645,s5,2:,68,60,7405,6949,8,Morning,andm_inspired_rural,matatiele,110.233,0.0,5.112208,5.0,1,20.0,20.0,50.0,2.0
2026-08-31 23:10:21.492645,s5,LOCAL:,0,0,0,0,8,Morning,andm_inspired_rural,matatiele,110.233,0.0,5.112208,5.0,1,20.0,20.0,50.0,2.0
2026-08-31 23:10:22.493395,s1,1:,67,5484,5680,8018676,9,Morning,andm_inspired_rural,umzimvubu,113.636,0.0,5.010167,5.0,1,20.0,20.0,50.0,2.0
2026-08-31 23:10:22.493395,s1,2:,5456,81,8017627,8348,9,Morning,andm_inspired_rural,umzimvubu,113.636,0.0,5.010167,5.0,1,20.0,20.0,50.0,2.0
2026-08-31 23:10:22.493395,s1,3:,69,74,7869,7892,9,Morning,andm_inspired_rural,umzimvubu,113.636,0.0,5.010167,5.0,1,20.0,20.0,50.0,2.0
2026-08-31 23:10:22.493395,s1,4:,67,74,7665,8047,9,Morning,andm_inspired_rural,umzimvubu,113.636,0.0,5.010167,5.0,1,20.0,20.0,50.0,2.0
2026-08-31 23:10:22.493395,s1,5:,66,74,7628,8015,9,Morning,andm_inspired_rural,umzimvubu,113.636,0.0,5.010167,5.0,1,20.0,20.0,50.0,2.0
2026-08-31 23:10:22.493395,s1,LOCAL:,0,0,0,0,9,Morning,andm_inspired_rural,umzimvubu,113.636,0.0,5.010167,5.0,1,20.0,20.0,50.0,2.0
2026-08-31 23:10:22.493395,s2,1:,5528,86,8171948,8950,9,Morning,andm_inspired_rural,umzimvubu,113.636,0.0,5.010167,5.0,1,20.0,20.0,50.0,2.0
2026-08-31 23:10:22.493395,s2,2:,81,5456,8348,8017627,9,Morning,andm_inspired_rural,umzimvubu,113.636,0.0,5.010167,5.0,1,20.0,20.0,50.0,2.0
2026-08-31 23:10:22.493395,s2,LOCAL:,0,0,0,0,9,Morning,andm_inspired_rural,umzimvubu,113.636,0.0,5.010167,5.0,1,20.0,20.0,50.0,2.0
2026-08-31 23:10:22.493395,s3,1:,35,77,2858,8342,9,Morning,andm_inspired_rural,umzimvubu,113.636,0.0,5.010167,5.0,1,20.0,20.0,50.0,2.0
2026-08-31 23:10:22.493395,s3,2:,74,69,7892,7869,9,Morning,andm_inspired_rural,umzimvubu,113.636,0.0,5.010167,5.0,1,20.0,20.0,50.0,2.0
2026-08-31 23:10:22.493395,s3,LOCAL:,0,0,0,0,9,Morning,andm_inspired_rural,umzimvubu,113.636,0.0,5.010167,5.0,1,20.0,20.0,50.0,2.0
2026-08-31 23:10:22.493395,s4,1:,34,77,2740,8334,9,Morning,andm_inspired_rural,umzimvubu,113.636,0.0,5.010167,5.0,1,20.0,20.0,50.0,2.0
2026-08-31 23:10:22.493395,s4,2:,74,67,8047,7665,9,Morning,andm_inspired_rural,umzimvubu,113.636,0.0,5.010167,5.0,1,20.0,20.0,50.0,2.0
2026-08-31 23:10:22.493395,s4,LOCAL:,0,0,0,0,9,Morning,andm_inspired_rural,umzimvubu,113.636,0.0,5.010167,5.0,1,20.0,20.0,50.0,2.0
2026-08-31 23:10:22.493395,s5,1:,33,76,2650,8244,9,Morning,andm_inspired_rural,umzimvubu,113.636,0.0,5.010167,5.0,1,20.0,20.0,50.0,2.0
2026-08-31 23:10:22.493395,s5,2:,74,66,8015,7628,9,Morning,andm_inspired_rural,umzimvubu,113.636,0.0,5.010167,5.0,1,20.0,20.0,50.0,2.0
2026-08-31 23:10:22.493395,s5,LOCAL:,0,0,0,0,9,Morning,andm_inspired_rural,umzimvubu,113.636,0.0,5.010167,5.0,1,20.0,20.0,50.0,2.0
2026-08-31 23:10:23.491967,s1,1:,67,5484,5680,8018676,10,Morning,andm_inspired_rural,ntabankulu,110.67,0.0,5.070371,5.0,1,20.0,20.0,50.0,2.0
2026-08-31 23:10:23.491967,s1,2:,5456,81,8017627,8348,10,Morning,andm_inspired_rural,ntabankulu,110.67,0.0,5.070371,5.0,1,20.0,20.0,50.0,2.0
2026-08-31 23:10:23.491967,s1,3:,69,74,7869,7892,10,Morning,andm_inspired_rural,ntabankulu,110.67,0.0,5.070371,5.0,1,20.0,20.0,50.0,2.0
2026-08-31 23:10:23.491967,s1,4:,67,74,7665,8047,10,Morning,andm_inspired_rural,ntabankulu,110.67,0.0,5.070371,5.0,1,20.0,20.0,50.0,2.0
2026-08-31 23:10:23.491967,s1,5:,66,74,7628,8015,10,Morning,andm_inspired_rural,ntabankulu,110.67,0.0,5.070371,5.0,1,20.0,20.0,50.0,2.0
2026-08-31 23:10:23.491967,s1,LOCAL:,0,0,0,0,10,Morning,andm_inspired_rural,ntabankulu,110.67,0.0,5.070371,5.0,1,20.0,20.0,50.0,2.0
2026-08-31 23:10:23.491967,s2,1:,5528,86,8171948,8950,10,Morning,andm_inspired_rural,ntabankulu,110.67,0.0,5.070371,5.0,1,20.0,20.0,50.0,2.0
2026-08-31 23:10:23.491967,s2,2:,81,5456,8348,8017627,10,Morning,andm_inspired_rural,ntabankulu,110.67,0.0,5.070371,5.0,1,20.0,20.0,50.0,2.0
2026-08-31 23:10:23.491967,s2,LOCAL:,0,0,0,0,10,Morning,andm_inspired_rural,ntabankulu,110.67,0.0,5.070371,5.0,1,20.0,20.0,50.0,2.0
2026-08-31 23:10:23.491967,s3,1:,35,77,2858,8342,10,Morning,andm_inspired_rural,ntabankulu,110.67,0.0,5.070371,5.0,1,20.0,20.0,50.0,2.0
2026-08-31 23:10:23.491967,s3,2:,74,69,7892,7869,10,Morning,andm_inspired_rural,ntabankulu,110.67,0.0,5.070371,5.0,1,20.0,20.0,50.0,2.0
2026-08-31 23:10:23.491967,s3,LOCAL:,0,0,0,0,10,Morning,andm_inspired_rural,ntabankulu,110.67,0.0,5.070371,5.0,1,20.0,20.0,50.0,2.0
2026-08-31 23:10:23.491967,s4,1:,34,77,2740,8334,10,Morning,andm_inspired_rural,ntabankulu,110.67,0.0,5.070371,5.0,1,20.0,20.0,50.0,2.0
2026-08-31 23:10:23.491967,s4,2:,74,67,8047,7665,10,Morning,andm_inspired_rural,ntabankulu,110.67,0.0,5.070371,5.0,1,20.0,20.0,50.0,2.0
2026-08-31 23:10:23.491967,s4,LOCAL:,0,0,0,0,10,Morning,andm_inspired_rural,ntabankulu,110.67,0.0,5.070371,5.0,1,20.0,20.0,50.0,2.0
2026-08-31 23:10:23.491967,s5,1:,33,76,2650,8244,10,Morning,andm_inspired_rural,ntabankulu,110.67,0.0,5.070371,5.0,1,20.0,20.0,50.0,2.0
2026-08-31 23:10:23.491967,s5,2:,74,66,8015,7628,10,Morning,andm_inspired_rural,ntabankulu,110.67,0.0,5.070371,5.0,1,20.0,20.0,50.0,2.0
2026-08-31 23:10:23.491967,s5,LOCAL:,0,0,0,0,10,Morning,andm_inspired_rural,ntabankulu,110.67,0.0,5.070371,5.0,1,20.0,20.0,50.0,2.0
2026-08-31 23:10:24.492793,s1,1:,67,5484,5680,8018676,11,Morning,andm_inspired_rural,winnie,114.466,0.0,5.023691,5.0,1,20.0,20.0,50.0,2.0
2026-08-31 23:10:24.492793,s1,2:,5456,81,8017627,8348,11,Morning,andm_inspired_rural,winnie,114.466,0.0,5.023691,5.0,1,20.0,20.0,50.0,2.0
2026-08-31 23:10:24.492793,s1,3:,69,74,7869,7892,11,Morning,andm_inspired_rural,winnie,114.466,0.0,5.023691,5.0,1,20.0,20.0,50.0,2.0
2026-08-31 23:10:24.492793,s1,4:,67,74,7665,8047,11,Morning,andm_inspired_rural,winnie,114.466,0.0,5.023691,5.0,1,20.0,20.0,50.0,2.0
2026-08-31 23:10:24.492793,s1,5:,66,74,7628,8015,11,Morning,andm_inspired_rural,winnie,114.466,0.0,5.023691,5.0,1,20.0,20.0,50.0,2.0
2026-08-31 23:10:24.492793,s1,LOCAL:,0,0,0,0,11,Morning,andm_inspired_rural,winnie,114.466,0.0,5.023691,5.0,1,20.0,20.0,50.0,2.0
2026-08-31 23:10:24.492793,s2,1:,5528,86,8171948,8950,11,Morning,andm_inspired_rural,winnie,114.466,0.0,5.023691,5.0,1,20.0,20.0,50.0,2.0
2026-08-31 23:10:24.492793,s2,2:,81,5456,8348,8017627,11,Morning,andm_inspired_rural,winnie,114.466,0.0,5.023691,5.0,1,20.0,20.0,50.0,2.0
2026-08-31 23:10:24.492793,s2,LOCAL:,0,0,0,0,11,Morning,andm_inspired_rural,winnie,114.466,0.0,5.023691,5.0,1,20.0,20.0,50.0,2.0
2026-08-31 23:10:24.492793,s3,1:,35,77,2858,8342,11,Morning,andm_inspired_rural,winnie,114.466,0.0,5.023691,5.0,1,20.0,20.0,50.0,2.0
2026-08-31 23:10:24.492793,s3,2:,74,69,7892,7869,11,Morning,andm_inspired_rural,winnie,114.466,0.0,5.023691,5.0,1,20.0,20.0,50.0,2.0
2026-08-31 23:10:24.492793,s3,LOCAL:,0,0,0,0,11,Morning,andm_inspired_rural,winnie,114.466,0.0,5.023691,5.0,1,20.0,20.0,50.0,2.0
2026-08-31 23:10:24.492793,s4,1:,34,77,2740,8334,11,Morning,andm_inspired_rural,winnie,114.466,0.0,5.023691,5.0,1,20.0,20.0,50.0,2.0
2026-08-31 23:10:24.492793,s4,2:,74,67,8047,7665,11,Morning,andm_inspired_rural,winnie,114.466,0.0,5.023691,5.0,1,20.0,20.0,50.0,2.0
2026-08-31 23:10:24.492793,s4,LOCAL:,0,0,0,0,11,Morning,andm_inspired_rural,winnie,114.466,0.0,5.023691,5.0,1,20.0,20.0,50.0,2.0
2026-08-31 23:10:24.492793,s5,1:,33,76,2650,8244,11,Morning,andm_inspired_rural,winnie,114.466,0.0,5.023691,5.0,1,20.0,20.0,50.0,2.0
2026-08-31 23:10:24.492793,s5,2:,74,66,8015,7628,11,Morning,andm_inspired_rural,winnie,114.466,0.0,5.023691,5.0,1,20.0,20.0,50.0,2.0
2026-08-31 23:10:24.492793,s5,LOCAL:,0,0,0,0,11,Morning,andm_inspired_rural,winnie,114.466,0.0,5.023691,5.0,1,20.0,20.0,50.0,2.0
2026-08-31 23:10:25.544798,s1,1:,67,5484,5680,8018676,12,Morning,andm_inspired_rural,matatiele,110.696,0.0,5.040614,5.0,1,20.0,20.0,50.0,2.0
2026-08-31 23:10:25.544798,s1,2:,5456,81,8017627,8348,12,Morning,andm_inspired_rural,matatiele,110.696,0.0,5.040614,5.0,1,20.0,20.0,50.0,2.0
2026-08-31 23:10:25.544798,s1,3:,69,74,7869,7892,12,Morning,andm_inspired_rural,matatiele,110.696,0.0,5.040614,5.0,1,20.0,20.0,50.0,2.0
2026-08-31 23:10:25.544798,s1,4:,67,74,7665,8047,12,Morning,andm_inspired_rural,matatiele,110.696,0.0,5.040614,5.0,1,20.0,20.0,50.0,2.0
2026-08-31 23:10:25.544798,s1,5:,66,74,7628,8015,12,Morning,andm_inspired_rural,matatiele,110.696,0.0,5.040614,5.0,1,20.0,20.0,50.0,2.0
2026-08-31 23:10:25.544798,s1,LOCAL:,0,0,0,0,12,Morning,andm_inspired_rural,matatiele,110.696,0.0,5.040614,5.0,1,20.0,20.0,50.0,2.0
2026-08-31 23:10:25.544798,s2,1:,5528,86,8171948,8950,12,Morning,andm_inspired_rural,matatiele,110.696,0.0,5.040614,5.0,1,20.0,20.0,50.0,2.0
2026-08-31 23:10:25.544798,s2,2:,81,5456,8348,8017627,12,Morning,andm_inspired_rural,matatiele,110.696,0.0,5.040614,5.0,1,20.0,20.0,50.0,2.0
2026-08-31 23:10:25.544798,s2,LOCAL:,0,0,0,0,12,Morning,andm_inspired_rural,matatiele,110.696,0.0,5.040614,5.0,1,20.0,20.0,50.0,2.0
2026-08-31 23:10:25.544798,s3,1:,35,77,2858,8342,12,Morning,andm_inspired_rural,matatiele,110.696,0.0,5.040614,5.0,1,20.0,20.0,50.0,2.0
2026-08-31 23:10:25.544798,s3,2:,74,69,7892,7869,12,Morning,andm_inspired_rural,matatiele,110.696,0.0,5.040614,5.0,1,20.0,20.0,50.0,2.0
2026-08-31 23:10:25.544798,s3,LOCAL:,0,0,0,0,12,Morning,andm_inspired_rural,matatiele,110.696,0.0,5.040614,5.0,1,20.0,20.0,50.0,2.0
2026-08-31 23:10:25.544798,s4,1:,34,77,2740,8334,12,Morning,andm_inspired_rural,matatiele,110.696,0.0,5.040614,5.0,1,20.0,20.0,50.0,2.0
2026-08-31 23:10:25.544798,s4,2:,74,67,8047,7665,12,Morning,andm_inspired_rural,matatiele,110.696,0.0,5.040614,5.0,1,20.0,20.0,50.0,2.0
2026-08-31 23:10:25.544798,s4,LOCAL:,0,0,0,0,12,Morning,andm_inspired_rural,matatiele,110.696,0.0,5.040614,5.0,1,20.0,20.0,50.0,2.0
2026-08-31 23:10:25.544798,s5,1:,33,76,2650,8244,12,Morning,andm_inspired_rural,matatiele,110.696,0.0,5.040614,5.0,1,20.0,20.0,50.0,2.0
2026-08-31 23:10:25.544798,s5,2:,74,66,8015,7628,12,Morning,andm_inspired_rural,matatiele,110.696,0.0,5.040614,5.0,1,20.0,20.0,50.0,2.0
2026-08-31 23:10:25.544798,s5,LOCAL:,0,0,0,0,12,Morning,andm_inspired_rural,matatiele,110.696,0.0,5.040614,5.0,1,20.0,20.0,50.0,2.0
2026-08-31 23:10:26.497316,s1,1:,67,5484,5680,8018676,13,Morning,andm_inspired_rural,umzimvubu,120.069,0.0,5.013229,5.0,1,20.0,20.0,50.0,2.0
2026-08-31 23:10:26.497316,s1,2:,5456,81,8017627,8348,13,Morning,andm_inspired_rural,umzimvubu,120.069,0.0,5.013229,5.0,1,20.0,20.0,50.0,2.0
2026-08-31 23:10:26.497316,s1,3:,69,74,7869,7892,13,Morning,andm_inspired_rural,umzimvubu,120.069,0.0,5.013229,5.0,1,20.0,20.0,50.0,2.0
2026-08-31 23:10:26.497316,s1,4:,67,74,7665,8047,13,Morning,andm_inspired_rural,umzimvubu,120.069,0.0,5.013229,5.0,1,20.0,20.0,50.0,2.0
2026-08-31 23:10:26.497316,s1,5:,66,74,7628,8015,13,Morning,andm_inspired_rural,umzimvubu,120.069,0.0,5.013229,5.0,1,20.0,20.0,50.0,2.0
2026-08-31 23:10:26.497316,s1,LOCAL:,0,0,0,0,13,Morning,andm_inspired_rural,umzimvubu,120.069,0.0,5.013229,5.0,1,20.0,20.0,50.0,2.0
2026-08-31 23:10:26.497316,s2,1:,5528,86,8171948,8950,13,Morning,andm_inspired_rural,umzimvubu,120.069,0.0,5.013229,5.0,1,20.0,20.0,50.0,2.0
2026-08-31 23:10:26.497316,s2,2:,81,5456,8348,8017627,13,Morning,andm_inspired_rural,umzimvubu,120.069,0.0,5.013229,5.0,1,20.0,20.0,50.0,2.0
2026-08-31 23:10:26.497316,s2,LOCAL:,0,0,0,0,13,Morning,andm_inspired_rural,umzimvubu,120.069,0.0,5.013229,5.0,1,20.0,20.0,50.0,2.0
2026-08-31 23:10:26.497316,s3,1:,35,77,2858,8342,13,Morning,andm_inspired_rural,umzimvubu,120.069,0.0,5.013229,5.0,1,20.0,20.0,50.0,2.0
2026-08-31 23:10:26.497316,s3,2:,74,69,7892,7869,13,Morning,andm_inspired_rural,umzimvubu,120.069,0.0,5.013229,5.0,1,20.0,20.0,50.0,2.0
2026-08-31 23:10:26.497316,s3,LOCAL:,0,0,0,0,13,Morning,andm_inspired_rural,umzimvubu,120.069,0.0,5.013229,5.0,1,20.0,20.0,50.0,2.0
2026-08-31 23:10:26.497316,s4,1:,34,77,2740,8334,13,Morning,andm_inspired_rural,umzimvubu,120.069,0.0,5.013229,5.0,1,20.0,20.0,50.0,2.0
2026-08-31 23:10:26.497316,s4,2:,74,67,8047,7665,13,Morning,andm_inspired_rural,umzimvubu,120.069,0.0,5.013229,5.0,1,20.0,20.0,50.0,2.0
2026-08-31 23:10:26.497316,s4,LOCAL:,0,0,0,0,13,Morning,andm_inspired_rural,umzimvubu,120.069,0.0,5.013229,5.0,1,20.0,20.0,50.0,2.0
2026-08-31 23:10:26.497316,s5,1:,33,76,2650,8244,13,Morning,andm_inspired_rural,umzimvubu,120.069,0.0,5.013229,5.0,1,20.0,20.0,50.0,2.0
2026-08-31 23:10:26.497316,s5,2:,74,66,8015,7628,13,Morning,andm_inspired_rural,umzimvubu,120.069,0.0,5.013229,5.0,1,20.0,20.0,50.0,2.0
2026-08-31 23:10:26.497316,s5,LOCAL:,0,0,0,0,13,Morning,andm_inspired_rural,umzimvubu,120.069,0.0,5.013229,5.0,1,20.0,20.0,50.0,2.0
2026-08-31 23:10:27.495589,s1,1:,82,7619,7150,11173542,14,Morning,andm_inspired_rural,ntabankulu,150.706,0.0,5.09188,5.0,1,20.0,20.0,50.0,2.0
2026-08-31 23:10:27.495589,s1,2:,7578,87,11169827,9059,14,Morning,andm_inspired_rural,ntabankulu,150.706,0.0,5.09188,5.0,1,20.0,20.0,50.0,2.0
2026-08-31 23:10:27.495589,s1,3:,76,81,8719,8742,14,Morning,andm_inspired_rural,ntabankulu,150.706,0.0,5.09188,5.0,1,20.0,20.0,50.0,2.0
2026-08-31 23:10:27.495589,s1,4:,77,84,8809,9191,14,Morning,andm_inspired_rural,ntabankulu,150.706,0.0,5.09188,5.0,1,20.0,20.0,50.0,2.0
2026-08-31 23:10:27.495589,s1,5:,73,80,8478,8726,14,Morning,andm_inspired_rural,ntabankulu,150.706,0.0,5.09188,5.0,1,20.0,20.0,50.0,2.0
2026-08-31 23:10:27.495589,s1,LOCAL:,0,0,0,0,14,Morning,andm_inspired_rural,ntabankulu,150.706,0.0,5.09188,5.0,1,20.0,20.0,50.0,2.0
2026-08-31 23:10:27.495589,s2,1:,7691,93,11390642,9800,14,Morning,andm_inspired_rural,ntabankulu,150.706,0.0,5.09188,5.0,1,20.0,20.0,50.0,2.0
2026-08-31 23:10:27.495589,s2,2:,87,7578,9059,11169827,14,Morning,andm_inspired_rural,ntabankulu,150.706,0.0,5.09188,5.0,1,20.0,20.0,50.0,2.0
2026-08-31 23:10:27.495589,s2,LOCAL:,0,0,0,0,14,Morning,andm_inspired_rural,ntabankulu,150.706,0.0,5.09188,5.0,1,20.0,20.0,50.0,2.0
2026-08-31 23:10:27.495589,s3,1:,38,84,3152,9192,14,Morning,andm_inspired_rural,ntabankulu,150.706,0.0,5.09188,5.0,1,20.0,20.0,50.0,2.0
2026-08-31 23:10:27.495589,s3,2:,81,76,8742,8719,14,Morning,andm_inspired_rural,ntabankulu,150.706,0.0,5.09188,5.0,1,20.0,20.0,50.0,2.0
2026-08-31 23:10:27.495589,s3,LOCAL:,0,0,0,0,14,Morning,andm_inspired_rural,ntabankulu,150.706,0.0,5.09188,5.0,1,20.0,20.0,50.0,2.0
2026-08-31 23:10:27.495589,s4,1:,40,87,3328,9478,14,Morning,andm_inspired_rural,ntabankulu,150.706,0.0,5.09188,5.0,1,20.0,20.0,50.0,2.0
2026-08-31 23:10:27.495589,s4,2:,84,77,9191,8809,14,Morning,andm_inspired_rural,ntabankulu,150.706,0.0,5.09188,5.0,1,20.0,20.0,50.0,2.0
2026-08-31 23:10:27.495589,s4,LOCAL:,0,0,0,0,14,Morning,andm_inspired_rural,ntabankulu,150.706,0.0,5.09188,5.0,1,20.0,20.0,50.0,2.0
2026-08-31 23:10:27.495589,s5,1:,36,83,2944,9094,14,Morning,andm_inspired_rural,ntabankulu,150.706,0.0,5.09188,5.0,1,20.0,20.0,50.0,2.0
2026-08-31 23:10:27.495589,s5,2:,80,73,8726,8478,14,Morning,andm_inspired_rural,ntabankulu,150.706,0.0,5.09188,5.0,1,20.0,20.0,50.0,2.0
2026-08-31 23:10:27.495589,s5,LOCAL:,0,0,0,0,14,Morning,andm_inspired_rural,ntabankulu,150.706,0.0,5.09188,5.0,1,20.0,20.0,50.0,2.0
2026-08-31 23:10:28.492217,s1,1:,82,7619,7150,11173542,15,Morning,andm_inspired_rural,winnie,117.12,0.0,5.093739,5.0,1,20.0,20.0,50.0,2.0
2026-08-31 23:10:28.492217,s1,2:,7578,87,11169827,9059,15,Morning,andm_inspired_rural,winnie,117.12,0.0,5.093739,5.0,1,20.0,20.0,50.0,2.0
2026-08-31 23:10:28.492217,s1,3:,76,81,8719,8742,15,Morning,andm_inspired_rural,winnie,117.12,0.0,5.093739,5.0,1,20.0,20.0,50.0,2.0
2026-08-31 23:10:28.492217,s1,4:,77,84,8809,9191,15,Morning,andm_inspired_rural,winnie,117.12,0.0,5.093739,5.0,1,20.0,20.0,50.0,2.0
2026-08-31 23:10:28.492217,s1,5:,73,80,8478,8726,15,Morning,andm_inspired_rural,winnie,117.12,0.0,5.093739,5.0,1,20.0,20.0,50.0,2.0
2026-08-31 23:10:28.492217,s1,LOCAL:,0,0,0,0,15,Morning,andm_inspired_rural,winnie,117.12,0.0,5.093739,5.0,1,20.0,20.0,50.0,2.0
2026-08-31 23:10:28.492217,s2,1:,7691,93,11390642,9800,15,Morning,andm_inspired_rural,winnie,117.12,0.0,5.093739,5.0,1,20.0,20.0,50.0,2.0
2026-08-31 23:10:28.492217,s2,2:,87,7578,9059,11169827,15,Morning,andm_inspired_rural,winnie,117.12,0.0,5.093739,5.0,1,20.0,20.0,50.0,2.0
2026-08-31 23:10:28.492217,s2,LOCAL:,0,0,0,0,15,Morning,andm_inspired_rural,winnie,117.12,0.0,5.093739,5.0,1,20.0,20.0,50.0,2.0
2026-08-31 23:10:28.492217,s3,1:,38,84,3152,9192,15,Morning,andm_inspired_rural,winnie,117.12,0.0,5.093739,5.0,1,20.0,20.0,50.0,2.0
2026-08-31 23:10:28.492217,s3,2:,81,76,8742,8719,15,Morning,andm_inspired_rural,winnie,117.12,0.0,5.093739,5.0,1,20.0,20.0,50.0,2.0
2026-08-31 23:10:28.492217,s3,LOCAL:,0,0,0,0,15,Morning,andm_inspired_rural,winnie,117.12,0.0,5.093739,5.0,1,20.0,20.0,50.0,2.0
2026-08-31 23:10:28.492217,s4,1:,40,87,3328,9478,15,Morning,andm_inspired_rural,winnie,117.12,0.0,5.093739,5.0,1,20.0,20.0,50.0,2.0
2026-08-31 23:10:28.492217,s4,2:,84,77,9191,8809,15,Morning,andm_inspired_rural,winnie,117.12,0.0,5.093739,5.0,1,20.0,20.0,50.0,2.0
2026-08-31 23:10:28.492217,s4,LOCAL:,0,0,0,0,15,Morning,andm_inspired_rural,winnie,117.12,0.0,5.093739,5.0,1,20.0,20.0,50.0,2.0
2026-08-31 23:10:28.492217,s5,1:,36,83,2944,9094,15,Morning,andm_inspired_rural,winnie,117.12,0.0,5.093739,5.0,1,20.0,20.0,50.0,2.0
2026-08-31 23:10:28.492217,s5,2:,80,73,8726,8478,15,Morning,andm_inspired_rural,winnie,117.12,0.0,5.093739,5.0,1,20.0,20.0,50.0,2.0
2026-08-31 23:10:28.492217,s5,LOCAL:,0,0,0,0,15,Morning,andm_inspired_rural,winnie,117.12,0.0,5.093739,5.0,1,20.0,20.0,50.0,2.0
2026-08-31 23:10:29.502609,s1,1:,82,7619,7150,11173542,16,Morning,andm_inspired_rural,matatiele,107.154,0.0,5.018238,5.0,1,20.0,20.0,50.0,2.0
2026-08-31 23:10:29.502609,s1,2:,7578,87,11169827,9059,16,Morning,andm_inspired_rural,matatiele,107.154,0.0,5.018238,5.0,1,20.0,20.0,50.0,2.0
2026-08-31 23:10:29.502609,s1,3:,76,81,8719,8742,16,Morning,andm_inspired_rural,matatiele,107.154,0.0,5.018238,5.0,1,20.0,20.0,50.0,2.0
2026-08-31 23:10:29.502609,s1,4:,77,84,8809,9191,16,Morning,andm_inspired_rural,matatiele,107.154,0.0,5.018238,5.0,1,20.0,20.0,50.0,2.0
2026-08-31 23:10:29.502609,s1,5:,73,80,8478,8726,16,Morning,andm_inspired_rural,matatiele,107.154,0.0,5.018238,5.0,1,20.0,20.0,50.0,2.0
2026-08-31 23:10:29.502609,s1,LOCAL:,0,0,0,0,16,Morning,andm_inspired_rural,matatiele,107.154,0.0,5.018238,5.0,1,20.0,20.0,50.0,2.0
2026-08-31 23:10:29.502609,s2,1:,7691,93,11390642,9800,16,Morning,andm_inspired_rural,matatiele,107.154,0.0,5.018238,5.0,1,20.0,20.0,50.0,2.0
2026-08-31 23:10:29.502609,s2,2:,87,7578,9059,11169827,16,Morning,andm_inspired_rural,matatiele,107.154,0.0,5.018238,5.0,1,20.0,20.0,50.0,2.0
2026-08-31 23:10:29.502609,s2,LOCAL:,0,0,0,0,16,Morning,andm_inspired_rural,matatiele,107.154,0.0,5.018238,5.0,1,20.0,20.0,50.0,2.0
2026-08-31 23:10:29.502609,s3,1:,38,84,3152,9192,16,Morning,andm_inspired_rural,matatiele,107.154,0.0,5.018238,5.0,1,20.0,20.0,50.0,2.0
2026-08-31 23:10:29.502609,s3,2:,81,76,8742,8719,16,Morning,andm_inspired_rural,matatiele,107.154,0.0,5.018238,5.0,1,20.0,20.0,50.0,2.0
2026-08-31 23:10:29.502609,s3,LOCAL:,0,0,0,0,16,Morning,andm_inspired_rural,matatiele,107.154,0.0,5.018238,5.0,1,20.0,20.0,50.0,2.0
2026-08-31 23:10:29.502609,s4,1:,40,87,3328,9478,16,Morning,andm_inspired_rural,matatiele,107.154,0.0,5.018238,5.0,1,20.0,20.0,50.0,2.0
2026-08-31 23:10:29.502609,s4,2:,84,77,9191,8809,16,Morning,andm_inspired_rural,matatiele,107.154,0.0,5.018238,5.0,1,20.0,20.0,50.0,2.0
2026-08-31 23:10:29.502609,s4,LOCAL:,0,0,0,0,16,Morning,andm_inspired_rural,matatiele,107.154,0.0,5.018238,5.0,1,20.0,20.0,50.0,2.0
2026-08-31 23:10:29.502609,s5,1:,36,83,2944,9094,16,Morning,andm_inspired_rural,matatiele,107.154,0.0,5.018238,5.0,1,20.0,20.0,50.0,2.0
2026-08-31 23:10:29.502609,s5,2:,80,73,8726,8478,16,Morning,andm_inspired_rural,matatiele,107.154,0.0,5.018238,5.0,1,20.0,20.0,50.0,2.0
2026-08-31 23:10:29.502609,s5,LOCAL:,0,0,0,0,16,Morning,andm_inspired_rural,matatiele,107.154,0.0,5.018238,5.0,1,20.0,20.0,50.0,2.0
2026-08-31 23:10:30.497029,s1,1:,82,7619,7150,11173542,17,Morning,andm_inspired_rural,umzimvubu,116.841,0.0,5.026189,5.0,1,20.0,20.0,50.0,2.0
2026-08-31 23:10:30.497029,s1,2:,7578,87,11169827,9059,17,Morning,andm_inspired_rural,umzimvubu,116.841,0.0,5.026189,5.0,1,20.0,20.0,50.0,2.0
2026-08-31 23:10:30.497029,s1,3:,76,81,8719,8742,17,Morning,andm_inspired_rural,umzimvubu,116.841,0.0,5.026189,5.0,1,20.0,20.0,50.0,2.0
2026-08-31 23:10:30.497029,s1,4:,77,84,8809,9191,17,Morning,andm_inspired_rural,umzimvubu,116.841,0.0,5.026189,5.0,1,20.0,20.0,50.0,2.0
2026-08-31 23:10:30.497029,s1,5:,73,80,8478,8726,17,Morning,andm_inspired_rural,umzimvubu,116.841,0.0,5.026189,5.0,1,20.0,20.0,50.0,2.0
2026-08-31 23:10:30.497029,s1,LOCAL:,0,0,0,0,17,Morning,andm_inspired_rural,umzimvubu,116.841,0.0,5.026189,5.0,1,20.0,20.0,50.0,2.0
2026-08-31 23:10:30.497029,s2,1:,7691,93,11390642,9800,17,Morning,andm_inspired_rural,umzimvubu,116.841,0.0,5.026189,5.0,1,20.0,20.0,50.0,2.0
2026-08-31 23:10:30.497029,s2,2:,87,7578,9059,11169827,17,Morning,andm_inspired_rural,umzimvubu,116.841,0.0,5.026189,5.0,1,20.0,20.0,50.0,2.0
2026-08-31 23:10:30.497029,s2,LOCAL:,0,0,0,0,17,Morning,andm_inspired_rural,umzimvubu,116.841,0.0,5.026189,5.0,1,20.0,20.0,50.0,2.0
2026-08-31 23:10:30.497029,s3,1:,38,84,3152,9192,17,Morning,andm_inspired_rural,umzimvubu,116.841,0.0,5.026189,5.0,1,20.0,20.0,50.0,2.0
2026-08-31 23:10:30.497029,s3,2:,81,76,8742,8719,17,Morning,andm_inspired_rural,umzimvubu,116.841,0.0,5.026189,5.0,1,20.0,20.0,50.0,2.0
2026-08-31 23:10:30.497029,s3,LOCAL:,0,0,0,0,17,Morning,andm_inspired_rural,umzimvubu,116.841,0.0,5.026189,5.0,1,20.0,20.0,50.0,2.0
2026-08-31 23:10:30.497029,s4,1:,40,87,3328,9478,17,Morning,andm_inspired_rural,umzimvubu,116.841,0.0,5.026189,5.0,1,20.0,20.0,50.0,2.0
2026-08-31 23:10:30.497029,s4,2:,84,77,9191,8809,17,Morning,andm_inspired_rural,umzimvubu,116.841,0.0,5.026189,5.0,1,20.0,20.0,50.0,2.0
2026-08-31 23:10:30.497029,s4,LOCAL:,0,0,0,0,17,Morning,andm_inspired_rural,umzimvubu,116.841,0.0,5.026189,5.0,1,20.0,20.0,50.0,2.0
2026-08-31 23:10:30.497029,s5,1:,36,83,2944,9094,17,Morning,andm_inspired_rural,umzimvubu,116.841,0.0,5.026189,5.0,1,20.0,20.0,50.0,2.0
2026-08-31 23:10:30.497029,s5,2:,80,73,8726,8478,17,Morning,andm_inspired_rural,umzimvubu,116.841,0.0,5.026189,5.0,1,20.0,20.0,50.0,2.0
2026-08-31 23:10:30.497029,s5,LOCAL:,0,0,0,0,17,Morning,andm_inspired_rural,umzimvubu,116.841,0.0,5.026189,5.0,1,20.0,20.0,50.0,2.0
2026-08-31 23:10:31.495297,s1,1:,82,7619,7150,11173542,18,Morning,andm_inspired_rural,ntabankulu,107.737,33.3333,5.078221,5.0,1,20.0,20.0,50.0,2.0
2026-08-31 23:10:31.495297,s1,2:,7578,87,11169827,9059,18,Morning,andm_inspired_rural,ntabankulu,107.737,33.3333,5.078221,5.0,1,20.0,20.0,50.0,2.0
2026-08-31 23:10:31.495297,s1,3:,76,81,8719,8742,18,Morning,andm_inspired_rural,ntabankulu,107.737,33.3333,5.078221,5.0,1,20.0,20.0,50.0,2.0
2026-08-31 23:10:31.495297,s1,4:,77,84,8809,9191,18,Morning,andm_inspired_rural,ntabankulu,107.737,33.3333,5.078221,5.0,1,20.0,20.0,50.0,2.0
2026-08-31 23:10:31.495297,s1,5:,73,80,8478,8726,18,Morning,andm_inspired_rural,ntabankulu,107.737,33.3333,5.078221,5.0,1,20.0,20.0,50.0,2.0
2026-08-31 23:10:31.495297,s1,LOCAL:,0,0,0,0,18,Morning,andm_inspired_rural,ntabankulu,107.737,33.3333,5.078221,5.0,1,20.0,20.0,50.0,2.0
2026-08-31 23:10:31.495297,s2,1:,7691,93,11390642,9800,18,Morning,andm_inspired_rural,ntabankulu,107.737,33.3333,5.078221,5.0,1,20.0,20.0,50.0,2.0
2026-08-31 23:10:31.495297,s2,2:,87,7578,9059,11169827,18,Morning,andm_inspired_rural,ntabankulu,107.737,33.3333,5.078221,5.0,1,20.0,20.0,50.0,2.0
2026-08-31 23:10:31.495297,s2,LOCAL:,0,0,0,0,18,Morning,andm_inspired_rural,ntabankulu,107.737,33.3333,5.078221,5.0,1,20.0,20.0,50.0,2.0
2026-08-31 23:10:31.495297,s3,1:,38,84,3152,9192,18,Morning,andm_inspired_rural,ntabankulu,107.737,33.3333,5.078221,5.0,1,20.0,20.0,50.0,2.0
2026-08-31 23:10:31.495297,s3,2:,81,76,8742,8719,18,Morning,andm_inspired_rural,ntabankulu,107.737,33.3333,5.078221,5.0,1,20.0,20.0,50.0,2.0
2026-08-31 23:10:31.495297,s3,LOCAL:,0,0,0,0,18,Morning,andm_inspired_rural,ntabankulu,107.737,33.3333,5.078221,5.0,1,20.0,20.0,50.0,2.0
2026-08-31 23:10:31.495297,s4,1:,40,87,3328,9478,18,Morning,andm_inspired_rural,ntabankulu,107.737,33.3333,5.078221,5.0,1,20.0,20.0,50.0,2.0
2026-08-31 23:10:31.495297,s4,2:,84,77,9191,8809,18,Morning,andm_inspired_rural,ntabankulu,107.737,33.3333,5.078221,5.0,1,20.0,20.0,50.0,2.0
2026-08-31 23:10:31.495297,s4,LOCAL:,0,0,0,0,18,Morning,andm_inspired_rural,ntabankulu,107.737,33.3333,5.078221,5.0,1,20.0,20.0,50.0,2.0
2026-08-31 23:10:31.495297,s5,1:,36,83,2944,9094,18,Morning,andm_inspired_rural,ntabankulu,107.737,33.3333,5.078221,5.0,1,20.0,20.0,50.0,2.0
2026-08-31 23:10:31.495297,s5,2:,80,73,8726,8478,18,Morning,andm_inspired_rural,ntabankulu,107.737,33.3333,5.078221,5.0,1,20.0,20.0,50.0,2.0
2026-08-31 23:10:31.495297,s5,LOCAL:,0,0,0,0,18,Morning,andm_inspired_rural,ntabankulu,107.737,33.3333,5.078221,5.0,1,20.0,20.0,50.0,2.0
2026-08-31 23:10:32.493941,s1,1:,97,9739,8620,14308760,19,Morning,andm_inspired_rural,winnie,142.011,0.0,5.011889,5.0,1,20.0,20.0,50.0,2.0
2026-08-31 23:10:32.493941,s1,2:,9689,92,14308339,9631,19,Morning,andm_inspired_rural,winnie,142.011,0.0,5.011889,5.0,1,20.0,20.0,50.0,2.0
2026-08-31 23:10:32.493941,s1,3:,81,86,9291,9314,19,Morning,andm_inspired_rural,winnie,142.011,0.0,5.011889,5.0,1,20.0,20.0,50.0,2.0
2026-08-31 23:10:32.493941,s1,4:,82,88,9381,9665,19,Morning,andm_inspired_rural,winnie,142.011,0.0,5.011889,5.0,1,20.0,20.0,50.0,2.0
2026-08-31 23:10:32.493941,s1,5:,81,88,9344,9592,19,Morning,andm_inspired_rural,winnie,142.011,0.0,5.011889,5.0,1,20.0,20.0,50.0,2.0
2026-08-31 23:10:32.493941,s1,LOCAL:,0,0,0,0,19,Morning,andm_inspired_rural,winnie,142.011,0.0,5.011889,5.0,1,20.0,20.0,50.0,2.0
2026-08-31 23:10:32.493941,s2,1:,9856,98,14612316,10372,19,Morning,andm_inspired_rural,winnie,142.011,0.0,5.011889,5.0,1,20.0,20.0,50.0,2.0
2026-08-31 23:10:32.493941,s2,2:,92,9694,9631,14315789,19,Morning,andm_inspired_rural,winnie,142.011,0.0,5.011889,5.0,1,20.0,20.0,50.0,2.0
2026-08-31 23:10:32.493941,s2,LOCAL:,0,0,0,0,19,Morning,andm_inspired_rural,winnie,142.011,0.0,5.011889,5.0,1,20.0,20.0,50.0,2.0
2026-08-31 23:10:32.493941,s3,1:,41,89,3446,9764,19,Morning,andm_inspired_rural,winnie,142.011,0.0,5.011889,5.0,1,20.0,20.0,50.0,2.0
2026-08-31 23:10:32.493941,s3,2:,86,81,9314,9291,19,Morning,andm_inspired_rural,winnie,142.011,0.0,5.011889,5.0,1,20.0,20.0,50.0,2.0
2026-08-31 23:10:32.493941,s3,LOCAL:,0,0,0,0,19,Morning,andm_inspired_rural,winnie,142.011,0.0,5.011889,5.0,1,20.0,20.0,50.0,2.0
2026-08-31 23:10:32.493941,s4,1:,43,91,3622,9952,19,Morning,andm_inspired_rural,winnie,142.011,0.0,5.011889,5.0,1,20.0,20.0,50.0,2.0
2026-08-31 23:10:32.493941,s4,2:,88,82,9665,9381,19,Morning,andm_inspired_rural,winnie,142.011,0.0,5.011889,5.0,1,20.0,20.0,50.0,2.0
2026-08-31 23:10:32.493941,s4,LOCAL:,0,0,0,0,19,Morning,andm_inspired_rural,winnie,142.011,0.0,5.011889,5.0,1,20.0,20.0,50.0,2.0
2026-08-31 23:10:32.493941,s5,1:,42,91,3532,9960,19,Morning,andm_inspired_rural,winnie,142.011,0.0,5.011889,5.0,1,20.0,20.0,50.0,2.0
2026-08-31 23:10:32.493941,s5,2:,88,81,9592,9344,19,Morning,andm_inspired_rural,winnie,142.011,0.0,5.011889,5.0,1,20.0,20.0,50.0,2.0
2026-08-31 23:10:32.493941,s5,LOCAL:,0,0,0,0,19,Morning,andm_inspired_rural,winnie,142.011,0.0,5.011889,5.0,1,20.0,20.0,50.0,2.0
2026-08-31 23:10:33.491407,s1,1:,97,9739,8620,14308760,20,Morning,andm_inspired_rural,matatiele,109.516,0.0,5.055421,5.0,1,20.0,20.0,50.0,2.0
2026-08-31 23:10:33.491407,s1,2:,9689,92,14308339,9631,20,Morning,andm_inspired_rural,matatiele,109.516,0.0,5.055421,5.0,1,20.0,20.0,50.0,2.0
2026-08-31 23:10:33.491407,s1,3:,81,86,9291,9314,20,Morning,andm_inspired_rural,matatiele,109.516,0.0,5.055421,5.0,1,20.0,20.0,50.0,2.0
2026-08-31 23:10:33.491407,s1,4:,82,88,9381,9665,20,Morning,andm_inspired_rural,matatiele,109.516,0.0,5.055421,5.0,1,20.0,20.0,50.0,2.0
2026-08-31 23:10:33.491407,s1,5:,81,88,9344,9592,20,Morning,andm_inspired_rural,matatiele,109.516,0.0,5.055421,5.0,1,20.0,20.0,50.0,2.0
2026-08-31 23:10:33.491407,s1,LOCAL:,0,0,0,0,20,Morning,andm_inspired_rural,matatiele,109.516,0.0,5.055421,5.0,1,20.0,20.0,50.0,2.0
2026-08-31 23:10:33.491407,s2,1:,9856,98,14612316,10372,20,Morning,andm_inspired_rural,matatiele,109.516,0.0,5.055421,5.0,1,20.0,20.0,50.0,2.0
2026-08-31 23:10:33.491407,s2,2:,92,9694,9631,14315789,20,Morning,andm_inspired_rural,matatiele,109.516,0.0,5.055421,5.0,1,20.0,20.0,50.0,2.0
2026-08-31 23:10:33.491407,s2,LOCAL:,0,0,0,0,20,Morning,andm_inspired_rural,matatiele,109.516,0.0,5.055421,5.0,1,20.0,20.0,50.0,2.0
2026-08-31 23:10:33.491407,s3,1:,41,89,3446,9764,20,Morning,andm_inspired_rural,matatiele,109.516,0.0,5.055421,5.0,1,20.0,20.0,50.0,2.0
2026-08-31 23:10:33.491407,s3,2:,86,81,9314,9291,20,Morning,andm_inspired_rural,matatiele,109.516,0.0,5.055421,5.0,1,20.0,20.0,50.0,2.0
2026-08-31 23:10:33.491407,s3,LOCAL:,0,0,0,0,20,Morning,andm_inspired_rural,matatiele,109.516,0.0,5.055421,5.0,1,20.0,20.0,50.0,2.0
2026-08-31 23:10:33.491407,s4,1:,43,91,3622,9952,20,Morning,andm_inspired_rural,matatiele,109.516,0.0,5.055421,5.0,1,20.0,20.0,50.0,2.0
2026-08-31 23:10:33.491407,s4,2:,88,82,9665,9381,20,Morning,andm_inspired_rural,matatiele,109.516,0.0,5.055421,5.0,1,20.0,20.0,50.0,2.0
2026-08-31 23:10:33.491407,s4,LOCAL:,0,0,0,0,20,Morning,andm_inspired_rural,matatiele,109.516,0.0,5.055421,5.0,1,20.0,20.0,50.0,2.0
2026-08-31 23:10:33.491407,s5,1:,42,91,3532,9960,20,Morning,andm_inspired_rural,matatiele,109.516,0.0,5.055421,5.0,1,20.0,20.0,50.0,2.0
2026-08-31 23:10:33.491407,s5,2:,88,81,9592,9344,20,Morning,andm_inspired_rural,matatiele,109.516,0.0,5.055421,5.0,1,20.0,20.0,50.0,2.0
2026-08-31 23:10:33.491407,s5,LOCAL:,0,0,0,0,20,Morning,andm_inspired_rural,matatiele,109.516,0.0,5.055421,5.0,1,20.0,20.0,50.0,2.0
2026-08-31 23:10:34.491743,s1,1:,97,9739,8620,14308760,21,Morning,andm_inspired_rural,umzimvubu,117.476,0.0,5.056683,5.0,1,20.0,20.0,50.0,2.0
2026-08-31 23:10:34.491743,s1,2:,9689,92,14308339,9631,21,Morning,andm_inspired_rural,umzimvubu,117.476,0.0,5.056683,5.0,1,20.0,20.0,50.0,2.0
2026-08-31 23:10:34.491743,s1,3:,81,86,9291,9314,21,Morning,andm_inspired_rural,umzimvubu,117.476,0.0,5.056683,5.0,1,20.0,20.0,50.0,2.0
2026-08-31 23:10:34.491743,s1,4:,82,88,9381,9665,21,Morning,andm_inspired_rural,umzimvubu,117.476,0.0,5.056683,5.0,1,20.0,20.0,50.0,2.0
2026-08-31 23:10:34.491743,s1,5:,81,88,9344,9592,21,Morning,andm_inspired_rural,umzimvubu,117.476,0.0,5.056683,5.0,1,20.0,20.0,50.0,2.0
2026-08-31 23:10:34.491743,s1,LOCAL:,0,0,0,0,21,Morning,andm_inspired_rural,umzimvubu,117.476,0.0,5.056683,5.0,1,20.0,20.0,50.0,2.0
2026-08-31 23:10:34.491743,s2,1:,9856,98,14612316,10372,21,Morning,andm_inspired_rural,umzimvubu,117.476,0.0,5.056683,5.0,1,20.0,20.0,50.0,2.0
2026-08-31 23:10:34.491743,s2,2:,92,9694,9631,14315789,21,Morning,andm_inspired_rural,umzimvubu,117.476,0.0,5.056683,5.0,1,20.0,20.0,50.0,2.0
2026-08-31 23:10:34.491743,s2,LOCAL:,0,0,0,0,21,Morning,andm_inspired_rural,umzimvubu,117.476,0.0,5.056683,5.0,1,20.0,20.0,50.0,2.0
2026-08-31 23:10:34.491743,s3,1:,41,89,3446,9764,21,Morning,andm_inspired_rural,umzimvubu,117.476,0.0,5.056683,5.0,1,20.0,20.0,50.0,2.0
2026-08-31 23:10:34.491743,s3,2:,86,81,9314,9291,21,Morning,andm_inspired_rural,umzimvubu,117.476,0.0,5.056683,5.0,1,20.0,20.0,50.0,2.0
2026-08-31 23:10:34.491743,s3,LOCAL:,0,0,0,0,21,Morning,andm_inspired_rural,umzimvubu,117.476,0.0,5.056683,5.0,1,20.0,20.0,50.0,2.0
2026-08-31 23:10:34.491743,s4,1:,43,91,3622,9952,21,Morning,andm_inspired_rural,umzimvubu,117.476,0.0,5.056683,5.0,1,20.0,20.0,50.0,2.0
2026-08-31 23:10:34.491743,s4,2:,88,82,9665,9381,21,Morning,andm_inspired_rural,umzimvubu,117.476,0.0,5.056683,5.0,1,20.0,20.0,50.0,2.0
2026-08-31 23:10:34.491743,s4,LOCAL:,0,0,0,0,21,Morning,andm_inspired_rural,umzimvubu,117.476,0.0,5.056683,5.0,1,20.0,20.0,50.0,2.0
2026-08-31 23:10:34.491743,s5,1:,42,91,3532,9960,21,Morning,andm_inspired_rural,umzimvubu,117.476,0.0,5.056683,5.0,1,20.0,20.0,50.0,2.0
2026-08-31 23:10:34.491743,s5,2:,88,81,9592,9344,21,Morning,andm_inspired_rural,umzimvubu,117.476,0.0,5.056683,5.0,1,20.0,20.0,50.0,2.0
2026-08-31 23:10:34.491743,s5,LOCAL:,0,0,0,0,21,Morning,andm_inspired_rural,umzimvubu,117.476,0.0,5.056683,5.0,1,20.0,20.0,50.0,2.0
2026-08-31 23:10:35.500052,s1,1:,97,9739,8620,14308760,22,Morning,andm_inspired_rural,ntabankulu,108.858,0.0,5.035358,5.0,1,20.0,20.0,50.0,2.0
2026-08-31 23:10:35.500052,s1,2:,9689,92,14308339,9631,22,Morning,andm_inspired_rural,ntabankulu,108.858,0.0,5.035358,5.0,1,20.0,20.0,50.0,2.0
2026-08-31 23:10:35.500052,s1,3:,81,86,9291,9314,22,Morning,andm_inspired_rural,ntabankulu,108.858,0.0,5.035358,5.0,1,20.0,20.0,50.0,2.0
2026-08-31 23:10:35.500052,s1,4:,82,88,9381,9665,22,Morning,andm_inspired_rural,ntabankulu,108.858,0.0,5.035358,5.0,1,20.0,20.0,50.0,2.0
2026-08-31 23:10:35.500052,s1,5:,81,88,9344,9592,22,Morning,andm_inspired_rural,ntabankulu,108.858,0.0,5.035358,5.0,1,20.0,20.0,50.0,2.0
2026-08-31 23:10:35.500052,s1,LOCAL:,0,0,0,0,22,Morning,andm_inspired_rural,ntabankulu,108.858,0.0,5.035358,5.0,1,20.0,20.0,50.0,2.0
2026-08-31 23:10:35.500052,s2,1:,9856,98,14612316,10372,22,Morning,andm_inspired_rural,ntabankulu,108.858,0.0,5.035358,5.0,1,20.0,20.0,50.0,2.0
2026-08-31 23:10:35.500052,s2,2:,92,9694,9631,14315789,22,Morning,andm_inspired_rural,ntabankulu,108.858,0.0,5.035358,5.0,1,20.0,20.0,50.0,2.0
2026-08-31 23:10:35.500052,s2,LOCAL:,0,0,0,0,22,Morning,andm_inspired_rural,ntabankulu,108.858,0.0,5.035358,5.0,1,20.0,20.0,50.0,2.0
2026-08-31 23:10:35.500052,s3,1:,41,89,3446,9764,22,Morning,andm_inspired_rural,ntabankulu,108.858,0.0,5.035358,5.0,1,20.0,20.0,50.0,2.0
2026-08-31 23:10:35.500052,s3,2:,86,81,9314,9291,22,Morning,andm_inspired_rural,ntabankulu,108.858,0.0,5.035358,5.0,1,20.0,20.0,50.0,2.0
2026-08-31 23:10:35.500052,s3,LOCAL:,0,0,0,0,22,Morning,andm_inspired_rural,ntabankulu,108.858,0.0,5.035358,5.0,1,20.0,20.0,50.0,2.0
2026-08-31 23:10:35.500052,s4,1:,43,91,3622,9952,22,Morning,andm_inspired_rural,ntabankulu,108.858,0.0,5.035358,5.0,1,20.0,20.0,50.0,2.0
2026-08-31 23:10:35.500052,s4,2:,88,82,9665,9381,22,Morning,andm_inspired_rural,ntabankulu,108.858,0.0,5.035358,5.0,1,20.0,20.0,50.0,2.0
2026-08-31 23:10:35.500052,s4,LOCAL:,0,0,0,0,22,Morning,andm_inspired_rural,ntabankulu,108.858,0.0,5.035358,5.0,1,20.0,20.0,50.0,2.0
2026-08-31 23:10:35.500052,s5,1:,42,91,3532,9960,22,Morning,andm_inspired_rural,ntabankulu,108.858,0.0,5.035358,5.0,1,20.0,20.0,50.0,2.0
2026-08-31 23:10:35.500052,s5,2:,88,81,9592,9344,22,Morning,andm_inspired_rural,ntabankulu,108.858,0.0,5.035358,5.0,1,20.0,20.0,50.0,2.0
2026-08-31 23:10:35.500052,s5,LOCAL:,0,0,0,0,22,Morning,andm_inspired_rural,ntabankulu,108.858,0.0,5.035358,5.0,1,20.0,20.0,50.0,2.0
2026-08-31 23:10:36.497988,s1,1:,97,9739,8620,14308760,23,Morning,andm_inspired_rural,winnie,120.063,0.0,5.034984,5.0,1,20.0,20.0,50.0,2.0
2026-08-31 23:10:36.497988,s1,2:,9689,92,14308339,9631,23,Morning,andm_inspired_rural,winnie,120.063,0.0,5.034984,5.0,1,20.0,20.0,50.0,2.0
2026-08-31 23:10:36.497988,s1,3:,81,86,9291,9314,23,Morning,andm_inspired_rural,winnie,120.063,0.0,5.034984,5.0,1,20.0,20.0,50.0,2.0
2026-08-31 23:10:36.497988,s1,4:,82,88,9381,9665,23,Morning,andm_inspired_rural,winnie,120.063,0.0,5.034984,5.0,1,20.0,20.0,50.0,2.0
2026-08-31 23:10:36.497988,s1,5:,81,88,9344,9592,23,Morning,andm_inspired_rural,winnie,120.063,0.0,5.034984,5.0,1,20.0,20.0,50.0,2.0
2026-08-31 23:10:36.497988,s1,LOCAL:,0,0,0,0,23,Morning,andm_inspired_rural,winnie,120.063,0.0,5.034984,5.0,1,20.0,20.0,50.0,2.0
2026-08-31 23:10:36.497988,s2,1:,9856,98,14612316,10372,23,Morning,andm_inspired_rural,winnie,120.063,0.0,5.034984,5.0,1,20.0,20.0,50.0,2.0
2026-08-31 23:10:36.497988,s2,2:,92,9694,9631,14315789,23,Morning,andm_inspired_rural,winnie,120.063,0.0,5.034984,5.0,1,20.0,20.0,50.0,2.0
2026-08-31 23:10:36.497988,s2,LOCAL:,0,0,0,0,23,Morning,andm_inspired_rural,winnie,120.063,0.0,5.034984,5.0,1,20.0,20.0,50.0,2.0
2026-08-31 23:10:36.497988,s3,1:,41,89,3446,9764,23,Morning,andm_inspired_rural,winnie,120.063,0.0,5.034984,5.0,1,20.0,20.0,50.0,2.0
2026-08-31 23:10:36.497988,s3,2:,86,81,9314,9291,23,Morning,andm_inspired_rural,winnie,120.063,0.0,5.034984,5.0,1,20.0,20.0,50.0,2.0
2026-08-31 23:10:36.497988,s3,LOCAL:,0,0,0,0,23,Morning,andm_inspired_rural,winnie,120.063,0.0,5.034984,5.0,1,20.0,20.0,50.0,2.0
2026-08-31 23:10:36.497988,s4,1:,43,91,3622,9952,23,Morning,andm_inspired_rural,winnie,120.063,0.0,5.034984,5.0,1,20.0,20.0,50.0,2.0
2026-08-31 23:10:36.497988,s4,2:,88,82,9665,9381,23,Morning,andm_inspired_rural,winnie,120.063,0.0,5.034984,5.0,1,20.0,20.0,50.0,2.0
2026-08-31 23:10:36.497988,s4,LOCAL:,0,0,0,0,23,Morning,andm_inspired_rural,winnie,120.063,0.0,5.034984,5.0,1,20.0,20.0,50.0,2.0
2026-08-31 23:10:36.497988,s5,1:,42,91,3532,9960,23,Morning,andm_inspired_rural,winnie,120.063,0.0,5.034984,5.0,1,20.0,20.0,50.0,2.0
2026-08-31 23:10:36.497988,s5,2:,88,81,9592,9344,23,Morning,andm_inspired_rural,winnie,120.063,0.0,5.034984,5.0,1,20.0,20.0,50.0,2.0
2026-08-31 23:10:36.497988,s5,LOCAL:,0,0,0,0,23,Morning,andm_inspired_rural,winnie,120.063,0.0,5.034984,5.0,1,20.0,20.0,50.0,2.0
2026-08-31 23:10:37.493599,s1,1:,112,11885,10090,17480016,24,Morning,andm_inspired_rural,matatiele,127.566,0.0,4.963447,5.0,1,20.0,20.0,50.0,2.0
2026-08-31 23:10:37.493599,s1,2:,11825,102,17477223,10775,24,Morning,andm_inspired_rural,matatiele,127.566,0.0,4.963447,5.0,1,20.0,20.0,50.0,2.0
2026-08-31 23:10:37.493599,s1,3:,88,92,10141,10025,24,Morning,andm_inspired_rural,matatiele,127.566,0.0,4.963447,5.0,1,20.0,20.0,50.0,2.0
2026-08-31 23:10:37.493599,s1,4:,89,95,10231,10515,24,Morning,andm_inspired_rural,matatiele,127.566,0.0,4.963447,5.0,1,20.0,20.0,50.0,2.0
2026-08-31 23:10:37.493599,s1,5:,88,95,10194,10442,24,Morning,andm_inspired_rural,matatiele,127.566,0.0,4.963447,5.0,1,20.0,20.0,50.0,2.0
2026-08-31 23:10:37.493599,s1,LOCAL:,0,0,0,0,24,Morning,andm_inspired_rural,matatiele,127.566,0.0,4.963447,5.0,1,20.0,20.0,50.0,2.0
2026-08-31 23:10:37.493599,s2,1:,12021,108,17829814,11516,24,Morning,andm_inspired_rural,matatiele,127.566,0.0,4.963447,5.0,1,20.0,20.0,50.0,2.0
2026-08-31 23:10:37.493599,s2,2:,102,11825,10775,17477223,24,Morning,andm_inspired_rural,matatiele,127.566,0.0,4.963447,5.0,1,20.0,20.0,50.0,2.0
2026-08-31 23:10:37.493599,s2,LOCAL:,0,0,0,0,24,Morning,andm_inspired_rural,matatiele,127.566,0.0,4.963447,5.0,1,20.0,20.0,50.0,2.0
2026-08-31 23:10:37.493599,s3,1:,44,96,3740,10614,24,Morning,andm_inspired_rural,matatiele,127.566,0.0,4.963447,5.0,1,20.0,20.0,50.0,2.0
2026-08-31 23:10:37.493599,s3,2:,92,88,10025,10141,24,Morning,andm_inspired_rural,matatiele,127.566,0.0,4.963447,5.0,1,20.0,20.0,50.0,2.0
2026-08-31 23:10:37.493599,s3,LOCAL:,0,0,0,0,24,Morning,andm_inspired_rural,matatiele,127.566,0.0,4.963447,5.0,1,20.0,20.0,50.0,2.0
2026-08-31 23:10:37.493599,s4,1:,46,98,3916,10802,24,Morning,andm_inspired_rural,matatiele,127.566,0.0,4.963447,5.0,1,20.0,20.0,50.0,2.0
2026-08-31 23:10:37.493599,s4,2:,95,89,10515,10231,24,Morning,andm_inspired_rural,matatiele,127.566,0.0,4.963447,5.0,1,20.0,20.0,50.0,2.0
2026-08-31 23:10:37.493599,s4,LOCAL:,0,0,0,0,24,Morning,andm_inspired_rural,matatiele,127.566,0.0,4.963447,5.0,1,20.0,20.0,50.0,2.0
2026-08-31 23:10:37.493599,s5,1:,45,98,3826,10810,24,Morning,andm_inspired_rural,matatiele,127.566,0.0,4.963447,5.0,1,20.0,20.0,50.0,2.0
2026-08-31 23:10:37.493599,s5,2:,95,88,10442,10194,24,Morning,andm_inspired_rural,matatiele,127.566,0.0,4.963447,5.0,1,20.0,20.0,50.0,2.0
2026-08-31 23:10:37.493599,s5,LOCAL:,0,0,0,0,24,Morning,andm_inspired_rural,matatiele,127.566,0.0,4.963447,5.0,1,20.0,20.0,50.0,2.0
2026-08-31 23:10:38.545264,s1,1:,112,11885,10090,17480016,25,Morning,andm_inspired_rural,umzimvubu,117.977,0.0,4.83748,5.0,1,20.0,20.0,50.0,2.0
2026-08-31 23:10:38.545264,s1,2:,11825,102,17477223,10775,25,Morning,andm_inspired_rural,umzimvubu,117.977,0.0,4.83748,5.0,1,20.0,20.0,50.0,2.0
2026-08-31 23:10:38.545264,s1,3:,88,92,10141,10025,25,Morning,andm_inspired_rural,umzimvubu,117.977,0.0,4.83748,5.0,1,20.0,20.0,50.0,2.0
2026-08-31 23:10:38.545264,s1,4:,89,95,10231,10515,25,Morning,andm_inspired_rural,umzimvubu,117.977,0.0,4.83748,5.0,1,20.0,20.0,50.0,2.0
2026-08-31 23:10:38.545264,s1,5:,88,95,10194,10442,25,Morning,andm_inspired_rural,umzimvubu,117.977,0.0,4.83748,5.0,1,20.0,20.0,50.0,2.0
2026-08-31 23:10:38.545264,s1,LOCAL:,0,0,0,0,25,Morning,andm_inspired_rural,umzimvubu,117.977,0.0,4.83748,5.0,1,20.0,20.0,50.0,2.0
2026-08-31 23:10:38.545264,s2,1:,12021,108,17829814,11516,25,Morning,andm_inspired_rural,umzimvubu,117.977,0.0,4.83748,5.0,1,20.0,20.0,50.0,2.0
2026-08-31 23:10:38.545264,s2,2:,102,11825,10775,17477223,25,Morning,andm_inspired_rural,umzimvubu,117.977,0.0,4.83748,5.0,1,20.0,20.0,50.0,2.0
2026-08-31 23:10:38.545264,s2,LOCAL:,0,0,0,0,25,Morning,andm_inspired_rural,umzimvubu,117.977,0.0,4.83748,5.0,1,20.0,20.0,50.0,2.0
2026-08-31 23:10:38.545264,s3,1:,44,96,3740,10614,25,Morning,andm_inspired_rural,umzimvubu,117.977,0.0,4.83748,5.0,1,20.0,20.0,50.0,2.0
2026-08-31 23:10:38.545264,s3,2:,92,88,10025,10141,25,Morning,andm_inspired_rural,umzimvubu,117.977,0.0,4.83748,5.0,1,20.0,20.0,50.0,2.0
2026-08-31 23:10:38.545264,s3,LOCAL:,0,0,0,0,25,Morning,andm_inspired_rural,umzimvubu,117.977,0.0,4.83748,5.0,1,20.0,20.0,50.0,2.0
2026-08-31 23:10:38.545264,s4,1:,46,98,3916,10802,25,Morning,andm_inspired_rural,umzimvubu,117.977,0.0,4.83748,5.0,1,20.0,20.0,50.0,2.0
2026-08-31 23:10:38.545264,s4,2:,95,89,10515,10231,25,Morning,andm_inspired_rural,umzimvubu,117.977,0.0,4.83748,5.0,1,20.0,20.0,50.0,2.0
2026-08-31 23:10:38.545264,s4,LOCAL:,0,0,0,0,25,Morning,andm_inspired_rural,umzimvubu,117.977,0.0,4.83748,5.0,1,20.0,20.0,50.0,2.0
2026-08-31 23:10:38.545264,s5,1:,45,98,3826,10810,25,Morning,andm_inspired_rural,umzimvubu,117.977,0.0,4.83748,5.0,1,20.0,20.0,50.0,2.0
2026-08-31 23:10:38.545264,s5,2:,95,88,10442,10194,25,Morning,andm_inspired_rural,umzimvubu,117.977,0.0,4.83748,5.0,1,20.0,20.0,50.0,2.0
2026-08-31 23:10:38.545264,s5,LOCAL:,0,0,0,0,25,Morning,andm_inspired_rural,umzimvubu,117.977,0.0,4.83748,5.0,1,20.0,20.0,50.0,2.0
2026-08-31 23:10:39.492604,s1,1:,112,11885,10090,17480016,26,Morning,andm_inspired_rural,ntabankulu,113.742,0.0,5.303628,5.0,1,20.0,20.0,50.0,2.0
2026-08-31 23:10:39.492604,s1,2:,11825,102,17477223,10775,26,Morning,andm_inspired_rural,ntabankulu,113.742,0.0,5.303628,5.0,1,20.0,20.0,50.0,2.0
2026-08-31 23:10:39.492604,s1,3:,88,92,10141,10025,26,Morning,andm_inspired_rural,ntabankulu,113.742,0.0,5.303628,5.0,1,20.0,20.0,50.0,2.0
2026-08-31 23:10:39.492604,s1,4:,89,95,10231,10515,26,Morning,andm_inspired_rural,ntabankulu,113.742,0.0,5.303628,5.0,1,20.0,20.0,50.0,2.0
2026-08-31 23:10:39.492604,s1,5:,88,95,10194,10442,26,Morning,andm_inspired_rural,ntabankulu,113.742,0.0,5.303628,5.0,1,20.0,20.0,50.0,2.0
2026-08-31 23:10:39.492604,s1,LOCAL:,0,0,0,0,26,Morning,andm_inspired_rural,ntabankulu,113.742,0.0,5.303628,5.0,1,20.0,20.0,50.0,2.0
2026-08-31 23:10:39.492604,s2,1:,12021,108,17829814,11516,26,Morning,andm_inspired_rural,ntabankulu,113.742,0.0,5.303628,5.0,1,20.0,20.0,50.0,2.0
2026-08-31 23:10:39.492604,s2,2:,102,11825,10775,17477223,26,Morning,andm_inspired_rural,ntabankulu,113.742,0.0,5.303628,5.0,1,20.0,20.0,50.0,2.0
2026-08-31 23:10:39.492604,s2,LOCAL:,0,0,0,0,26,Morning,andm_inspired_rural,ntabankulu,113.742,0.0,5.303628,5.0,1,20.0,20.0,50.0,2.0
2026-08-31 23:10:39.492604,s3,1:,44,96,3740,10614,26,Morning,andm_inspired_rural,ntabankulu,113.742,0.0,5.303628,5.0,1,20.0,20.0,50.0,2.0
2026-08-31 23:10:39.492604,s3,2:,92,88,10025,10141,26,Morning,andm_inspired_rural,ntabankulu,113.742,0.0,5.303628,5.0,1,20.0,20.0,50.0,2.0
2026-08-31 23:10:39.492604,s3,LOCAL:,0,0,0,0,26,Morning,andm_inspired_rural,ntabankulu,113.742,0.0,5.303628,5.0,1,20.0,20.0,50.0,2.0
2026-08-31 23:10:39.492604,s4,1:,46,98,3916,10802,26,Morning,andm_inspired_rural,ntabankulu,113.742,0.0,5.303628,5.0,1,20.0,20.0,50.0,2.0
2026-08-31 23:10:39.492604,s4,2:,95,89,10515,10231,26,Morning,andm_inspired_rural,ntabankulu,113.742,0.0,5.303628,5.0,1,20.0,20.0,50.0,2.0
2026-08-31 23:10:39.492604,s4,LOCAL:,0,0,0,0,26,Morning,andm_inspired_rural,ntabankulu,113.742,0.0,5.303628,5.0,1,20.0,20.0,50.0,2.0
2026-08-31 23:10:39.492604,s5,1:,45,98,3826,10810,26,Morning,andm_inspired_rural,ntabankulu,113.742,0.0,5.303628,5.0,1,20.0,20.0,50.0,2.0
2026-08-31 23:10:39.492604,s5,2:,95,88,10442,10194,26,Morning,andm_inspired_rural,ntabankulu,113.742,0.0,5.303628,5.0,1,20.0,20.0,50.0,2.0
2026-08-31 23:10:39.492604,s5,LOCAL:,0,0,0,0,26,Morning,andm_inspired_rural,ntabankulu,113.742,0.0,5.303628,5.0,1,20.0,20.0,50.0,2.0
2026-08-31 23:10:40.498053,s1,1:,112,11885,10090,17480016,27,Morning,andm_inspired_rural,winnie,107.795,0.0,4.957386,5.0,1,20.0,20.0,50.0,2.0
2026-08-31 23:10:40.498053,s1,2:,11825,102,17477223,10775,27,Morning,andm_inspired_rural,winnie,107.795,0.0,4.957386,5.0,1,20.0,20.0,50.0,2.0
2026-08-31 23:10:40.498053,s1,3:,88,92,10141,10025,27,Morning,andm_inspired_rural,winnie,107.795,0.0,4.957386,5.0,1,20.0,20.0,50.0,2.0
2026-08-31 23:10:40.498053,s1,4:,89,95,10231,10515,27,Morning,andm_inspired_rural,winnie,107.795,0.0,4.957386,5.0,1,20.0,20.0,50.0,2.0
2026-08-31 23:10:40.498053,s1,5:,88,95,10194,10442,27,Morning,andm_inspired_rural,winnie,107.795,0.0,4.957386,5.0,1,20.0,20.0,50.0,2.0
2026-08-31 23:10:40.498053,s1,LOCAL:,0,0,0,0,27,Morning,andm_inspired_rural,winnie,107.795,0.0,4.957386,5.0,1,20.0,20.0,50.0,2.0
2026-08-31 23:10:40.498053,s2,1:,12021,108,17829814,11516,27,Morning,andm_inspired_rural,winnie,107.795,0.0,4.957386,5.0,1,20.0,20.0,50.0,2.0
2026-08-31 23:10:40.498053,s2,2:,102,11825,10775,17477223,27,Morning,andm_inspired_rural,winnie,107.795,0.0,4.957386,5.0,1,20.0,20.0,50.0,2.0
2026-08-31 23:10:40.498053,s2,LOCAL:,0,0,0,0,27,Morning,andm_inspired_rural,winnie,107.795,0.0,4.957386,5.0,1,20.0,20.0,50.0,2.0
2026-08-31 23:10:40.498053,s3,1:,44,96,3740,10614,27,Morning,andm_inspired_rural,winnie,107.795,0.0,4.957386,5.0,1,20.0,20.0,50.0,2.0
2026-08-31 23:10:40.498053,s3,2:,92,88,10025,10141,27,Morning,andm_inspired_rural,winnie,107.795,0.0,4.957386,5.0,1,20.0,20.0,50.0,2.0
2026-08-31 23:10:40.498053,s3,LOCAL:,0,0,0,0,27,Morning,andm_inspired_rural,winnie,107.795,0.0,4.957386,5.0,1,20.0,20.0,50.0,2.0
2026-08-31 23:10:40.498053,s4,1:,46,98,3916,10802,27,Morning,andm_inspired_rural,winnie,107.795,0.0,4.957386,5.0,1,20.0,20.0,50.0,2.0
2026-08-31 23:10:40.498053,s4,2:,95,89,10515,10231,27,Morning,andm_inspired_rural,winnie,107.795,0.0,4.957386,5.0,1,20.0,20.0,50.0,2.0
2026-08-31 23:10:40.498053,s4,LOCAL:,0,0,0,0,27,Morning,andm_inspired_rural,winnie,107.795,0.0,4.957386,5.0,1,20.0,20.0,50.0,2.0
2026-08-31 23:10:40.498053,s5,1:,45,98,3826,10810,27,Morning,andm_inspired_rural,winnie,107.795,0.0,4.957386,5.0,1,20.0,20.0,50.0,2.0
2026-08-31 23:10:40.498053,s5,2:,95,88,10442,10194,27,Morning,andm_inspired_rural,winnie,107.795,0.0,4.957386,5.0,1,20.0,20.0,50.0,2.0
2026-08-31 23:10:40.498053,s5,LOCAL:,0,0,0,0,27,Morning,andm_inspired_rural,winnie,107.795,0.0,4.957386,5.0,1,20.0,20.0,50.0,2.0
2026-08-31 23:10:41.539789,s1,1:,112,11885,10090,17480016,28,Morning,andm_inspired_rural,matatiele,114.293,0.0,5.120206,5.0,1,20.0,20.0,50.0,2.0
2026-08-31 23:10:41.539789,s1,2:,11825,102,17477223,10775,28,Morning,andm_inspired_rural,matatiele,114.293,0.0,5.120206,5.0,1,20.0,20.0,50.0,2.0
2026-08-31 23:10:41.539789,s1,3:,88,92,10141,10025,28,Morning,andm_inspired_rural,matatiele,114.293,0.0,5.120206,5.0,1,20.0,20.0,50.0,2.0
2026-08-31 23:10:41.539789,s1,4:,89,95,10231,10515,28,Morning,andm_inspired_rural,matatiele,114.293,0.0,5.120206,5.0,1,20.0,20.0,50.0,2.0
2026-08-31 23:10:41.539789,s1,5:,88,95,10194,10442,28,Morning,andm_inspired_rural,matatiele,114.293,0.0,5.120206,5.0,1,20.0,20.0,50.0,2.0
2026-08-31 23:10:41.539789,s1,LOCAL:,0,0,0,0,28,Morning,andm_inspired_rural,matatiele,114.293,0.0,5.120206,5.0,1,20.0,20.0,50.0,2.0
2026-08-31 23:10:41.539789,s2,1:,12021,108,17829814,11516,28,Morning,andm_inspired_rural,matatiele,114.293,0.0,5.120206,5.0,1,20.0,20.0,50.0,2.0
2026-08-31 23:10:41.539789,s2,2:,102,11825,10775,17477223,28,Morning,andm_inspired_rural,matatiele,114.293,0.0,5.120206,5.0,1,20.0,20.0,50.0,2.0
2026-08-31 23:10:41.539789,s2,LOCAL:,0,0,0,0,28,Morning,andm_inspired_rural,matatiele,114.293,0.0,5.120206,5.0,1,20.0,20.0,50.0,2.0
2026-08-31 23:10:41.539789,s3,1:,44,96,3740,10614,28,Morning,andm_inspired_rural,matatiele,114.293,0.0,5.120206,5.0,1,20.0,20.0,50.0,2.0
2026-08-31 23:10:41.539789,s3,2:,92,88,10025,10141,28,Morning,andm_inspired_rural,matatiele,114.293,0.0,5.120206,5.0,1,20.0,20.0,50.0,2.0
2026-08-31 23:10:41.539789,s3,LOCAL:,0,0,0,0,28,Morning,andm_inspired_rural,matatiele,114.293,0.0,5.120206,5.0,1,20.0,20.0,50.0,2.0
2026-08-31 23:10:41.539789,s4,1:,46,98,3916,10802,28,Morning,andm_inspired_rural,matatiele,114.293,0.0,5.120206,5.0,1,20.0,20.0,50.0,2.0
2026-08-31 23:10:41.539789,s4,2:,95,89,10515,10231,28,Morning,andm_inspired_rural,matatiele,114.293,0.0,5.120206,5.0,1,20.0,20.0,50.0,2.0
2026-08-31 23:10:41.539789,s4,LOCAL:,0,0,0,0,28,Morning,andm_inspired_rural,matatiele,114.293,0.0,5.120206,5.0,1,20.0,20.0,50.0,2.0
2026-08-31 23:10:41.539789,s5,1:,45,98,3826,10810,28,Morning,andm_inspired_rural,matatiele,114.293,0.0,5.120206,5.0,1,20.0,20.0,50.0,2.0
2026-08-31 23:10:41.539789,s5,2:,95,88,10442,10194,28,Morning,andm_inspired_rural,matatiele,114.293,0.0,5.120206,5.0,1,20.0,20.0,50.0,2.0
2026-08-31 23:10:41.539789,s5,LOCAL:,0,0,0,0,28,Morning,andm_inspired_rural,matatiele,114.293,0.0,5.120206,5.0,1,20.0,20.0,50.0,2.0
2026-08-31 23:10:42.509084,s1,1:,129,14028,11644,20643906,29,Morning,andm_inspired_rural,umzimvubu,126.97,0.0,5.093025,5.0,1,20.0,20.0,50.0,2.0
2026-08-31 23:10:42.509084,s1,2:,13953,109,20638363,11625,29,Morning,andm_inspired_rural,umzimvubu,126.97,0.0,5.093025,5.0,1,20.0,20.0,50.0,2.0
2026-08-31 23:10:42.509084,s1,3:,98,102,11285,11169,29,Morning,andm_inspired_rural,umzimvubu,126.97,0.0,5.093025,5.0,1,20.0,20.0,50.0,2.0
2026-08-31 23:10:42.509084,s1,4:,97,103,11123,11407,29,Morning,andm_inspired_rural,umzimvubu,126.97,0.0,5.093025,5.0,1,20.0,20.0,50.0,2.0
2026-08-31 23:10:42.509084,s1,5:,96,101,11086,11056,29,Morning,andm_inspired_rural,umzimvubu,126.97,0.0,5.093025,5.0,1,20.0,20.0,50.0,2.0
2026-08-31 23:10:42.509084,s1,LOCAL:,0,0,0,0,29,Morning,andm_inspired_rural,umzimvubu,126.97,0.0,5.093025,5.0,1,20.0,20.0,50.0,2.0
2026-08-31 23:10:42.509084,s2,1:,14189,115,21055958,12366,29,Morning,andm_inspired_rural,umzimvubu,126.97,0.0,5.093025,5.0,1,20.0,20.0,50.0,2.0
2026-08-31 23:10:42.509084,s2,2:,109,13953,11625,20638363,29,Morning,andm_inspired_rural,umzimvubu,126.97,0.0,5.093025,5.0,1,20.0,20.0,50.0,2.0
2026-08-31 23:10:42.509084,s2,LOCAL:,0,0,0,0,29,Morning,andm_inspired_rural,umzimvubu,126.97,0.0,5.093025,5.0,1,20.0,20.0,50.0,2.0
2026-08-31 23:10:42.509084,s3,1:,50,106,4328,11758,29,Morning,andm_inspired_rural,umzimvubu,126.97,0.0,5.093025,5.0,1,20.0,20.0,50.0,2.0
2026-08-31 23:10:42.509084,s3,2:,102,98,11169,11285,29,Morning,andm_inspired_rural,umzimvubu,126.97,0.0,5.093025,5.0,1,20.0,20.0,50.0,2.0
2026-08-31 23:10:42.509084,s3,LOCAL:,0,0,0,0,29,Morning,andm_inspired_rural,umzimvubu,126.97,0.0,5.093025,5.0,1,20.0,20.0,50.0,2.0
2026-08-31 23:10:42.509084,s4,1:,50,106,4252,11694,29,Morning,andm_inspired_rural,umzimvubu,126.97,0.0,5.093025,5.0,1,20.0,20.0,50.0,2.0
2026-08-31 23:10:42.509084,s4,2:,103,97,11407,11123,29,Morning,andm_inspired_rural,umzimvubu,126.97,0.0,5.093025,5.0,1,20.0,20.0,50.0,2.0
2026-08-31 23:10:42.509084,s4,LOCAL:,0,0,0,0,29,Morning,andm_inspired_rural,umzimvubu,126.97,0.0,5.093025,5.0,1,20.0,20.0,50.0,2.0
2026-08-31 23:10:42.509084,s5,1:,49,106,4162,11702,29,Morning,andm_inspired_rural,umzimvubu,126.97,0.0,5.093025,5.0,1,20.0,20.0,50.0,2.0
2026-08-31 23:10:42.509084,s5,2:,101,96,11056,11086,29,Morning,andm_inspired_rural,umzimvubu,126.97,0.0,5.093025,5.0,1,20.0,20.0,50.0,2.0
2026-08-31 23:10:42.509084,s5,LOCAL:,0,0,0,0,29,Morning,andm_inspired_rural,umzimvubu,126.97,0.0,5.093025,5.0,1,20.0,20.0,50.0,2.0
2026-08-31 23:10:43.523812,s1,1:,129,14028,11644,20643906,30,Morning,andm_inspired_rural,ntabankulu,112.533,0.0,5.106936,5.0,1,20.0,20.0,50.0,2.0
2026-08-31 23:10:43.523812,s1,2:,13953,109,20638363,11625,30,Morning,andm_inspired_rural,ntabankulu,112.533,0.0,5.106936,5.0,1,20.0,20.0,50.0,2.0
2026-08-31 23:10:43.523812,s1,3:,98,102,11285,11169,30,Morning,andm_inspired_rural,ntabankulu,112.533,0.0,5.106936,5.0,1,20.0,20.0,50.0,2.0
2026-08-31 23:10:43.523812,s1,4:,97,103,11123,11407,30,Morning,andm_inspired_rural,ntabankulu,112.533,0.0,5.106936,5.0,1,20.0,20.0,50.0,2.0
2026-08-31 23:10:43.523812,s1,5:,96,101,11086,11056,30,Morning,andm_inspired_rural,ntabankulu,112.533,0.0,5.106936,5.0,1,20.0,20.0,50.0,2.0
2026-08-31 23:10:43.523812,s1,LOCAL:,0,0,0,0,30,Morning,andm_inspired_rural,ntabankulu,112.533,0.0,5.106936,5.0,1,20.0,20.0,50.0,2.0
2026-08-31 23:10:43.523812,s2,1:,14189,115,21055958,12366,30,Morning,andm_inspired_rural,ntabankulu,112.533,0.0,5.106936,5.0,1,20.0,20.0,50.0,2.0
2026-08-31 23:10:43.523812,s2,2:,109,13953,11625,20638363,30,Morning,andm_inspired_rural,ntabankulu,112.533,0.0,5.106936,5.0,1,20.0,20.0,50.0,2.0
2026-08-31 23:10:43.523812,s2,LOCAL:,0,0,0,0,30,Morning,andm_inspired_rural,ntabankulu,112.533,0.0,5.106936,5.0,1,20.0,20.0,50.0,2.0
2026-08-31 23:10:43.523812,s3,1:,50,106,4328,11758,30,Morning,andm_inspired_rural,ntabankulu,112.533,0.0,5.106936,5.0,1,20.0,20.0,50.0,2.0
2026-08-31 23:10:43.523812,s3,2:,102,98,11169,11285,30,Morning,andm_inspired_rural,ntabankulu,112.533,0.0,5.106936,5.0,1,20.0,20.0,50.0,2.0
2026-08-31 23:10:43.523812,s3,LOCAL:,0,0,0,0,30,Morning,andm_inspired_rural,ntabankulu,112.533,0.0,5.106936,5.0,1,20.0,20.0,50.0,2.0
2026-08-31 23:10:43.523812,s4,1:,50,106,4252,11694,30,Morning,andm_inspired_rural,ntabankulu,112.533,0.0,5.106936,5.0,1,20.0,20.0,50.0,2.0
2026-08-31 23:10:43.523812,s4,2:,103,97,11407,11123,30,Morning,andm_inspired_rural,ntabankulu,112.533,0.0,5.106936,5.0,1,20.0,20.0,50.0,2.0
2026-08-31 23:10:43.523812,s4,LOCAL:,0,0,0,0,30,Morning,andm_inspired_rural,ntabankulu,112.533,0.0,5.106936,5.0,1,20.0,20.0,50.0,2.0
2026-08-31 23:10:43.523812,s5,1:,49,106,4162,11702,30,Morning,andm_inspired_rural,ntabankulu,112.533,0.0,5.106936,5.0,1,20.0,20.0,50.0,2.0
2026-08-31 23:10:43.523812,s5,2:,101,96,11056,11086,30,Morning,andm_inspired_rural,ntabankulu,112.533,0.0,5.106936,5.0,1,20.0,20.0,50.0,2.0
2026-08-31 23:10:43.523812,s5,LOCAL:,0,0,0,0,30,Morning,andm_inspired_rural,ntabankulu,112.533,0.0,5.106936,5.0,1,20.0,20.0,50.0,2.0
2026-08-31 23:10:44.491035,s1,1:,129,14028,11644,20643906,31,Morning,andm_inspired_rural,winnie,107.658,0.0,5.019146,5.0,1,20.0,20.0,50.0,2.0
2026-08-31 23:10:44.491035,s1,2:,13953,109,20638363,11625,31,Morning,andm_inspired_rural,winnie,107.658,0.0,5.019146,5.0,1,20.0,20.0,50.0,2.0
2026-08-31 23:10:44.491035,s1,3:,98,102,11285,11169,31,Morning,andm_inspired_rural,winnie,107.658,0.0,5.019146,5.0,1,20.0,20.0,50.0,2.0
2026-08-31 23:10:44.491035,s1,4:,97,103,11123,11407,31,Morning,andm_inspired_rural,winnie,107.658,0.0,5.019146,5.0,1,20.0,20.0,50.0,2.0
2026-08-31 23:10:44.491035,s1,5:,96,101,11086,11056,31,Morning,andm_inspired_rural,winnie,107.658,0.0,5.019146,5.0,1,20.0,20.0,50.0,2.0
2026-08-31 23:10:44.491035,s1,LOCAL:,0,0,0,0,31,Morning,andm_inspired_rural,winnie,107.658,0.0,5.019146,5.0,1,20.0,20.0,50.0,2.0
2026-08-31 23:10:44.491035,s2,1:,14189,115,21055958,12366,31,Morning,andm_inspired_rural,winnie,107.658,0.0,5.019146,5.0,1,20.0,20.0,50.0,2.0
2026-08-31 23:10:44.491035,s2,2:,109,13953,11625,20638363,31,Morning,andm_inspired_rural,winnie,107.658,0.0,5.019146,5.0,1,20.0,20.0,50.0,2.0
2026-08-31 23:10:44.491035,s2,LOCAL:,0,0,0,0,31,Morning,andm_inspired_rural,winnie,107.658,0.0,5.019146,5.0,1,20.0,20.0,50.0,2.0
2026-08-31 23:10:44.491035,s3,1:,50,106,4328,11758,31,Morning,andm_inspired_rural,winnie,107.658,0.0,5.019146,5.0,1,20.0,20.0,50.0,2.0
2026-08-31 23:10:44.491035,s3,2:,102,98,11169,11285,31,Morning,andm_inspired_rural,winnie,107.658,0.0,5.019146,5.0,1,20.0,20.0,50.0,2.0
2026-08-31 23:10:44.491035,s3,LOCAL:,0,0,0,0,31,Morning,andm_inspired_rural,winnie,107.658,0.0,5.019146,5.0,1,20.0,20.0,50.0,2.0
2026-08-31 23:10:44.491035,s4,1:,50,106,4252,11694,31,Morning,andm_inspired_rural,winnie,107.658,0.0,5.019146,5.0,1,20.0,20.0,50.0,2.0
2026-08-31 23:10:44.491035,s4,2:,103,97,11407,11123,31,Morning,andm_inspired_rural,winnie,107.658,0.0,5.019146,5.0,1,20.0,20.0,50.0,2.0
2026-08-31 23:10:44.491035,s4,LOCAL:,0,0,0,0,31,Morning,andm_inspired_rural,winnie,107.658,0.0,5.019146,5.0,1,20.0,20.0,50.0,2.0
2026-08-31 23:10:44.491035,s5,1:,49,106,4162,11702,31,Morning,andm_inspired_rural,winnie,107.658,0.0,5.019146,5.0,1,20.0,20.0,50.0,2.0
2026-08-31 23:10:44.491035,s5,2:,101,96,11056,11086,31,Morning,andm_inspired_rural,winnie,107.658,0.0,5.019146,5.0,1,20.0,20.0,50.0,2.0
2026-08-31 23:10:44.491035,s5,LOCAL:,0,0,0,0,31,Morning,andm_inspired_rural,winnie,107.658,0.0,5.019146,5.0,1,20.0,20.0,50.0,2.0
2026-08-31 23:10:45.493291,s1,1:,129,14028,11644,20643906,32,Morning,andm_inspired_rural,matatiele,111.844,0.0,5.067231,5.0,1,20.0,20.0,50.0,2.0
2026-08-31 23:10:45.493291,s1,2:,13953,109,20638363,11625,32,Morning,andm_inspired_rural,matatiele,111.844,0.0,5.067231,5.0,1,20.0,20.0,50.0,2.0
2026-08-31 23:10:45.493291,s1,3:,98,102,11285,11169,32,Morning,andm_inspired_rural,matatiele,111.844,0.0,5.067231,5.0,1,20.0,20.0,50.0,2.0
2026-08-31 23:10:45.493291,s1,4:,97,103,11123,11407,32,Morning,andm_inspired_rural,matatiele,111.844,0.0,5.067231,5.0,1,20.0,20.0,50.0,2.0
2026-08-31 23:10:45.493291,s1,5:,96,101,11086,11056,32,Morning,andm_inspired_rural,matatiele,111.844,0.0,5.067231,5.0,1,20.0,20.0,50.0,2.0
2026-08-31 23:10:45.493291,s1,LOCAL:,0,0,0,0,32,Morning,andm_inspired_rural,matatiele,111.844,0.0,5.067231,5.0,1,20.0,20.0,50.0,2.0
2026-08-31 23:10:45.493291,s2,1:,14189,115,21055958,12366,32,Morning,andm_inspired_rural,matatiele,111.844,0.0,5.067231,5.0,1,20.0,20.0,50.0,2.0
2026-08-31 23:10:45.493291,s2,2:,109,13953,11625,20638363,32,Morning,andm_inspired_rural,matatiele,111.844,0.0,5.067231,5.0,1,20.0,20.0,50.0,2.0
2026-08-31 23:10:45.493291,s2,LOCAL:,0,0,0,0,32,Morning,andm_inspired_rural,matatiele,111.844,0.0,5.067231,5.0,1,20.0,20.0,50.0,2.0
2026-08-31 23:10:45.493291,s3,1:,50,106,4328,11758,32,Morning,andm_inspired_rural,matatiele,111.844,0.0,5.067231,5.0,1,20.0,20.0,50.0,2.0
2026-08-31 23:10:45.493291,s3,2:,102,98,11169,11285,32,Morning,andm_inspired_rural,matatiele,111.844,0.0,5.067231,5.0,1,20.0,20.0,50.0,2.0
2026-08-31 23:10:45.493291,s3,LOCAL:,0,0,0,0,32,Morning,andm_inspired_rural,matatiele,111.844,0.0,5.067231,5.0,1,20.0,20.0,50.0,2.0
2026-08-31 23:10:45.493291,s4,1:,50,106,4252,11694,32,Morning,andm_inspired_rural,matatiele,111.844,0.0,5.067231,5.0,1,20.0,20.0,50.0,2.0
2026-08-31 23:10:45.493291,s4,2:,103,97,11407,11123,32,Morning,andm_inspired_rural,matatiele,111.844,0.0,5.067231,5.0,1,20.0,20.0,50.0,2.0
2026-08-31 23:10:45.493291,s4,LOCAL:,0,0,0,0,32,Morning,andm_inspired_rural,matatiele,111.844,0.0,5.067231,5.0,1,20.0,20.0,50.0,2.0
2026-08-31 23:10:45.493291,s5,1:,49,106,4162,11702,32,Morning,andm_inspired_rural,matatiele,111.844,0.0,5.067231,5.0,1,20.0,20.0,50.0,2.0
2026-08-31 23:10:45.493291,s5,2:,101,96,11056,11086,32,Morning,andm_inspired_rural,matatiele,111.844,0.0,5.067231,5.0,1,20.0,20.0,50.0,2.0
2026-08-31 23:10:45.493291,s5,LOCAL:,0,0,0,0,32,Morning,andm_inspired_rural,matatiele,111.844,0.0,5.067231,5.0,1,20.0,20.0,50.0,2.0
2026-08-31 23:10:46.491266,s1,1:,129,14028,11644,20643906,33,Morning,andm_inspired_rural,umzimvubu,107.081,0.0,4.978503,5.0,1,20.0,20.0,50.0,2.0
2026-08-31 23:10:46.491266,s1,2:,13953,109,20638363,11625,33,Morning,andm_inspired_rural,umzimvubu,107.081,0.0,4.978503,5.0,1,20.0,20.0,50.0,2.0
2026-08-31 23:10:46.491266,s1,3:,98,102,11285,11169,33,Morning,andm_inspired_rural,umzimvubu,107.081,0.0,4.978503,5.0,1,20.0,20.0,50.0,2.0
2026-08-31 23:10:46.491266,s1,4:,97,103,11123,11407,33,Morning,andm_inspired_rural,umzimvubu,107.081,0.0,4.978503,5.0,1,20.0,20.0,50.0,2.0
2026-08-31 23:10:46.491266,s1,5:,96,101,11086,11056,33,Morning,andm_inspired_rural,umzimvubu,107.081,0.0,4.978503,5.0,1,20.0,20.0,50.0,2.0
2026-08-31 23:10:46.491266,s1,LOCAL:,0,0,0,0,33,Morning,andm_inspired_rural,umzimvubu,107.081,0.0,4.978503,5.0,1,20.0,20.0,50.0,2.0
2026-08-31 23:10:46.491266,s2,1:,14189,115,21055958,12366,33,Morning,andm_inspired_rural,umzimvubu,107.081,0.0,4.978503,5.0,1,20.0,20.0,50.0,2.0
2026-08-31 23:10:46.491266,s2,2:,109,13953,11625,20638363,33,Morning,andm_inspired_rural,umzimvubu,107.081,0.0,4.978503,5.0,1,20.0,20.0,50.0,2.0
2026-08-31 23:10:46.491266,s2,LOCAL:,0,0,0,0,33,Morning,andm_inspired_rural,umzimvubu,107.081,0.0,4.978503,5.0,1,20.0,20.0,50.0,2.0
2026-08-31 23:10:46.491266,s3,1:,50,106,4328,11758,33,Morning,andm_inspired_rural,umzimvubu,107.081,0.0,4.978503,5.0,1,20.0,20.0,50.0,2.0
2026-08-31 23:10:46.491266,s3,2:,102,98,11169,11285,33,Morning,andm_inspired_rural,umzimvubu,107.081,0.0,4.978503,5.0,1,20.0,20.0,50.0,2.0
2026-08-31 23:10:46.491266,s3,LOCAL:,0,0,0,0,33,Morning,andm_inspired_rural,umzimvubu,107.081,0.0,4.978503,5.0,1,20.0,20.0,50.0,2.0
2026-08-31 23:10:46.491266,s4,1:,50,106,4252,11694,33,Morning,andm_inspired_rural,umzimvubu,107.081,0.0,4.978503,5.0,1,20.0,20.0,50.0,2.0
2026-08-31 23:10:46.491266,s4,2:,103,97,11407,11123,33,Morning,andm_inspired_rural,umzimvubu,107.081,0.0,4.978503,5.0,1,20.0,20.0,50.0,2.0
2026-08-31 23:10:46.491266,s4,LOCAL:,0,0,0,0,33,Morning,andm_inspired_rural,umzimvubu,107.081,0.0,4.978503,5.0,1,20.0,20.0,50.0,2.0
2026-08-31 23:10:46.491266,s5,1:,49,106,4162,11702,33,Morning,andm_inspired_rural,umzimvubu,107.081,0.0,4.978503,5.0,1,20.0,20.0,50.0,2.0
2026-08-31 23:10:46.491266,s5,2:,101,96,11056,11086,33,Morning,andm_inspired_rural,umzimvubu,107.081,0.0,4.978503,5.0,1,20.0,20.0,50.0,2.0
2026-08-31 23:10:46.491266,s5,LOCAL:,0,0,0,0,33,Morning,andm_inspired_rural,umzimvubu,107.081,0.0,4.978503,5.0,1,20.0,20.0,50.0,2.0
2026-08-31 23:10:47.491971,s1,1:,150,16178,13394,23816584,34,Morning,andm_inspired_rural,ntabankulu,111.104,0.0,5.169689,5.0,1,20.0,20.0,50.0,2.0
2026-08-31 23:10:47.491971,s1,2:,16086,115,23808207,12239,34,Morning,andm_inspired_rural,ntabankulu,111.104,0.0,5.169689,5.0,1,20.0,20.0,50.0,2.0
2026-08-31 23:10:47.491971,s1,3:,106,109,12011,11825,34,Morning,andm_inspired_rural,ntabankulu,111.104,0.0,5.169689,5.0,1,20.0,20.0,50.0,2.0
2026-08-31 23:10:47.491971,s1,4:,106,112,12031,12315,34,Morning,andm_inspired_rural,ntabankulu,111.104,0.0,5.169689,5.0,1,20.0,20.0,50.0,2.0
2026-08-31 23:10:47.491971,s1,5:,103,107,11770,11670,34,Morning,andm_inspired_rural,ntabankulu,111.104,0.0,5.169689,5.0,1,20.0,20.0,50.0,2.0
2026-08-31 23:10:47.491971,s1,LOCAL:,0,0,0,0,34,Morning,andm_inspired_rural,ntabankulu,111.104,0.0,5.169689,5.0,1,20.0,20.0,50.0,2.0
2026-08-31 23:10:47.491971,s2,1:,16354,121,24274764,12980,34,Morning,andm_inspired_rural,ntabankulu,111.104,0.0,5.169689,5.0,1,20.0,20.0,50.0,2.0
2026-08-31 23:10:47.491971,s2,2:,115,16086,12239,23808207,34,Morning,andm_inspired_rural,ntabankulu,111.104,0.0,5.169689,5.0,1,20.0,20.0,50.0,2.0
2026-08-31 23:10:47.491971,s2,LOCAL:,0,0,0,0,34,Morning,andm_inspired_rural,ntabankulu,111.104,0.0,5.169689,5.0,1,20.0,20.0,50.0,2.0
2026-08-31 23:10:47.491971,s3,1:,55,113,4706,12414,34,Morning,andm_inspired_rural,ntabankulu,111.104,0.0,5.169689,5.0,1,20.0,20.0,50.0,2.0
2026-08-31 23:10:47.491971,s3,2:,109,106,11825,12011,34,Morning,andm_inspired_rural,ntabankulu,111.104,0.0,5.169689,5.0,1,20.0,20.0,50.0,2.0
2026-08-31 23:10:47.491971,s3,LOCAL:,0,0,0,0,34,Morning,andm_inspired_rural,ntabankulu,111.104,0.0,5.169689,5.0,1,20.0,20.0,50.0,2.0
2026-08-31 23:10:47.491971,s4,1:,57,115,4882,12602,34,Morning,andm_inspired_rural,ntabankulu,111.104,0.0,5.169689,5.0,1,20.0,20.0,50.0,2.0
2026-08-31 23:10:47.491971,s4,2:,112,106,12315,12031,34,Morning,andm_inspired_rural,ntabankulu,111.104,0.0,5.169689,5.0,1,20.0,20.0,50.0,2.0
2026-08-31 23:10:47.491971,s4,LOCAL:,0,0,0,0,34,Morning,andm_inspired_rural,ntabankulu,111.104,0.0,5.169689,5.0,1,20.0,20.0,50.0,2.0
2026-08-31 23:10:47.491971,s5,1:,53,113,4498,12386,34,Morning,andm_inspired_rural,ntabankulu,111.104,0.0,5.169689,5.0,1,20.0,20.0,50.0,2.0
2026-08-31 23:10:47.491971,s5,2:,107,103,11670,11770,34,Morning,andm_inspired_rural,ntabankulu,111.104,0.0,5.169689,5.0,1,20.0,20.0,50.0,2.0
2026-08-31 23:10:47.491971,s5,LOCAL:,0,0,0,0,34,Morning,andm_inspired_rural,ntabankulu,111.104,0.0,5.169689,5.0,1,20.0,20.0,50.0,2.0
2026-08-31 23:10:48.491796,s1,1:,150,16178,13394,23816584,35,Morning,andm_inspired_rural,winnie,115.988,0.0,5.00365,5.0,1,20.0,20.0,50.0,2.0
2026-08-31 23:10:48.491796,s1,2:,16086,115,23808207,12239,35,Morning,andm_inspired_rural,winnie,115.988,0.0,5.00365,5.0,1,20.0,20.0,50.0,2.0
2026-08-31 23:10:48.491796,s1,3:,106,109,12011,11825,35,Morning,andm_inspired_rural,winnie,115.988,0.0,5.00365,5.0,1,20.0,20.0,50.0,2.0
2026-08-31 23:10:48.491796,s1,4:,106,112,12031,12315,35,Morning,andm_inspired_rural,winnie,115.988,0.0,5.00365,5.0,1,20.0,20.0,50.0,2.0
2026-08-31 23:10:48.491796,s1,5:,103,107,11770,11670,35,Morning,andm_inspired_rural,winnie,115.988,0.0,5.00365,5.0,1,20.0,20.0,50.0,2.0
2026-08-31 23:10:48.491796,s1,LOCAL:,0,0,0,0,35,Morning,andm_inspired_rural,winnie,115.988,0.0,5.00365,5.0,1,20.0,20.0,50.0,2.0
2026-08-31 23:10:48.491796,s2,1:,16354,121,24274764,12980,35,Morning,andm_inspired_rural,winnie,115.988,0.0,5.00365,5.0,1,20.0,20.0,50.0,2.0
2026-08-31 23:10:48.491796,s2,2:,115,16086,12239,23808207,35,Morning,andm_inspired_rural,winnie,115.988,0.0,5.00365,5.0,1,20.0,20.0,50.0,2.0
2026-08-31 23:10:48.491796,s2,LOCAL:,0,0,0,0,35,Morning,andm_inspired_rural,winnie,115.988,0.0,5.00365,5.0,1,20.0,20.0,50.0,2.0
2026-08-31 23:10:48.491796,s3,1:,55,113,4706,12414,35,Morning,andm_inspired_rural,winnie,115.988,0.0,5.00365,5.0,1,20.0,20.0,50.0,2.0
2026-08-31 23:10:48.491796,s3,2:,109,106,11825,12011,35,Morning,andm_inspired_rural,winnie,115.988,0.0,5.00365,5.0,1,20.0,20.0,50.0,2.0
2026-08-31 23:10:48.491796,s3,LOCAL:,0,0,0,0,35,Morning,andm_inspired_rural,winnie,115.988,0.0,5.00365,5.0,1,20.0,20.0,50.0,2.0
2026-08-31 23:10:48.491796,s4,1:,57,115,4882,12602,35,Morning,andm_inspired_rural,winnie,115.988,0.0,5.00365,5.0,1,20.0,20.0,50.0,2.0
2026-08-31 23:10:48.491796,s4,2:,112,106,12315,12031,35,Morning,andm_inspired_rural,winnie,115.988,0.0,5.00365,5.0,1,20.0,20.0,50.0,2.0
2026-08-31 23:10:48.491796,s4,LOCAL:,0,0,0,0,35,Morning,andm_inspired_rural,winnie,115.988,0.0,5.00365,5.0,1,20.0,20.0,50.0,2.0
2026-08-31 23:10:48.491796,s5,1:,53,113,4498,12386,35,Morning,andm_inspired_rural,winnie,115.988,0.0,5.00365,5.0,1,20.0,20.0,50.0,2.0
2026-08-31 23:10:48.491796,s5,2:,107,103,11670,11770,35,Morning,andm_inspired_rural,winnie,115.988,0.0,5.00365,5.0,1,20.0,20.0,50.0,2.0
2026-08-31 23:10:48.491796,s5,LOCAL:,0,0,0,0,35,Morning,andm_inspired_rural,winnie,115.988,0.0,5.00365,5.0,1,20.0,20.0,50.0,2.0
2026-08-31 23:10:49.493444,s1,1:,150,16178,13394,23816584,36,Morning,andm_inspired_rural,matatiele,121.917,33.3333,5.064955,5.0,1,20.0,20.0,50.0,2.0
2026-08-31 23:10:49.493444,s1,2:,16086,115,23808207,12239,36,Morning,andm_inspired_rural,matatiele,121.917,33.3333,5.064955,5.0,1,20.0,20.0,50.0,2.0
2026-08-31 23:10:49.493444,s1,3:,106,109,12011,11825,36,Morning,andm_inspired_rural,matatiele,121.917,33.3333,5.064955,5.0,1,20.0,20.0,50.0,2.0
2026-08-31 23:10:49.493444,s1,4:,106,112,12031,12315,36,Morning,andm_inspired_rural,matatiele,121.917,33.3333,5.064955,5.0,1,20.0,20.0,50.0,2.0
2026-08-31 23:10:49.493444,s1,5:,103,107,11770,11670,36,Morning,andm_inspired_rural,matatiele,121.917,33.3333,5.064955,5.0,1,20.0,20.0,50.0,2.0
2026-08-31 23:10:49.493444,s1,LOCAL:,0,0,0,0,36,Morning,andm_inspired_rural,matatiele,121.917,33.3333,5.064955,5.0,1,20.0,20.0,50.0,2.0
2026-08-31 23:10:49.493444,s2,1:,16354,121,24274764,12980,36,Morning,andm_inspired_rural,matatiele,121.917,33.3333,5.064955,5.0,1,20.0,20.0,50.0,2.0
2026-08-31 23:10:49.493444,s2,2:,115,16086,12239,23808207,36,Morning,andm_inspired_rural,matatiele,121.917,33.3333,5.064955,5.0,1,20.0,20.0,50.0,2.0
2026-08-31 23:10:49.493444,s2,LOCAL:,0,0,0,0,36,Morning,andm_inspired_rural,matatiele,121.917,33.3333,5.064955,5.0,1,20.0,20.0,50.0,2.0
2026-08-31 23:10:49.493444,s3,1:,55,113,4706,12414,36,Morning,andm_inspired_rural,matatiele,121.917,33.3333,5.064955,5.0,1,20.0,20.0,50.0,2.0
2026-08-31 23:10:49.493444,s3,2:,109,106,11825,12011,36,Morning,andm_inspired_rural,matatiele,121.917,33.3333,5.064955,5.0,1,20.0,20.0,50.0,2.0
2026-08-31 23:10:49.493444,s3,LOCAL:,0,0,0,0,36,Morning,andm_inspired_rural,matatiele,121.917,33.3333,5.064955,5.0,1,20.0,20.0,50.0,2.0
2026-08-31 23:10:49.493444,s4,1:,57,115,4882,12602,36,Morning,andm_inspired_rural,matatiele,121.917,33.3333,5.064955,5.0,1,20.0,20.0,50.0,2.0
2026-08-31 23:10:49.493444,s4,2:,112,106,12315,12031,36,Morning,andm_inspired_rural,matatiele,121.917,33.3333,5.064955,5.0,1,20.0,20.0,50.0,2.0
2026-08-31 23:10:49.493444,s4,LOCAL:,0,0,0,0,36,Morning,andm_inspired_rural,matatiele,121.917,33.3333,5.064955,5.0,1,20.0,20.0,50.0,2.0
2026-08-31 23:10:49.493444,s5,1:,53,113,4498,12386,36,Morning,andm_inspired_rural,matatiele,121.917,33.3333,5.064955,5.0,1,20.0,20.0,50.0,2.0
2026-08-31 23:10:49.493444,s5,2:,107,103,11670,11770,36,Morning,andm_inspired_rural,matatiele,121.917,33.3333,5.064955,5.0,1,20.0,20.0,50.0,2.0
2026-08-31 23:10:49.493444,s5,LOCAL:,0,0,0,0,36,Morning,andm_inspired_rural,matatiele,121.917,33.3333,5.064955,5.0,1,20.0,20.0,50.0,2.0
2026-08-31 23:10:50.493761,s1,1:,150,16178,13394,23816584,37,Morning,andm_inspired_rural,umzimvubu,111.333,0.0,5.02743,5.0,1,20.0,20.0,50.0,2.0
2026-08-31 23:10:50.493761,s1,2:,16086,115,23808207,12239,37,Morning,andm_inspired_rural,umzimvubu,111.333,0.0,5.02743,5.0,1,20.0,20.0,50.0,2.0
2026-08-31 23:10:50.493761,s1,3:,106,109,12011,11825,37,Morning,andm_inspired_rural,umzimvubu,111.333,0.0,5.02743,5.0,1,20.0,20.0,50.0,2.0
2026-08-31 23:10:50.493761,s1,4:,106,112,12031,12315,37,Morning,andm_inspired_rural,umzimvubu,111.333,0.0,5.02743,5.0,1,20.0,20.0,50.0,2.0
2026-08-31 23:10:50.493761,s1,5:,103,107,11770,11670,37,Morning,andm_inspired_rural,umzimvubu,111.333,0.0,5.02743,5.0,1,20.0,20.0,50.0,2.0
2026-08-31 23:10:50.493761,s1,LOCAL:,0,0,0,0,37,Morning,andm_inspired_rural,umzimvubu,111.333,0.0,5.02743,5.0,1,20.0,20.0,50.0,2.0
2026-08-31 23:10:50.493761,s2,1:,16354,121,24274764,12980,37,Morning,andm_inspired_rural,umzimvubu,111.333,0.0,5.02743,5.0,1,20.0,20.0,50.0,2.0
2026-08-31 23:10:50.493761,s2,2:,115,16086,12239,23808207,37,Morning,andm_inspired_rural,umzimvubu,111.333,0.0,5.02743,5.0,1,20.0,20.0,50.0,2.0
2026-08-31 23:10:50.493761,s2,LOCAL:,0,0,0,0,37,Morning,andm_inspired_rural,umzimvubu,111.333,0.0,5.02743,5.0,1,20.0,20.0,50.0,2.0
2026-08-31 23:10:50.493761,s3,1:,55,113,4706,12414,37,Morning,andm_inspired_rural,umzimvubu,111.333,0.0,5.02743,5.0,1,20.0,20.0,50.0,2.0
2026-08-31 23:10:50.493761,s3,2:,109,106,11825,12011,37,Morning,andm_inspired_rural,umzimvubu,111.333,0.0,5.02743,5.0,1,20.0,20.0,50.0,2.0
2026-08-31 23:10:50.493761,s3,LOCAL:,0,0,0,0,37,Morning,andm_inspired_rural,umzimvubu,111.333,0.0,5.02743,5.0,1,20.0,20.0,50.0,2.0
2026-08-31 23:10:50.493761,s4,1:,57,115,4882,12602,37,Morning,andm_inspired_rural,umzimvubu,111.333,0.0,5.02743,5.0,1,20.0,20.0,50.0,2.0
2026-08-31 23:10:50.493761,s4,2:,112,106,12315,12031,37,Morning,andm_inspired_rural,umzimvubu,111.333,0.0,5.02743,5.0,1,20.0,20.0,50.0,2.0
2026-08-31 23:10:50.493761,s4,LOCAL:,0,0,0,0,37,Morning,andm_inspired_rural,umzimvubu,111.333,0.0,5.02743,5.0,1,20.0,20.0,50.0,2.0
2026-08-31 23:10:50.493761,s5,1:,53,113,4498,12386,37,Morning,andm_inspired_rural,umzimvubu,111.333,0.0,5.02743,5.0,1,20.0,20.0,50.0,2.0
2026-08-31 23:10:50.493761,s5,2:,107,103,11670,11770,37,Morning,andm_inspired_rural,umzimvubu,111.333,0.0,5.02743,5.0,1,20.0,20.0,50.0,2.0
2026-08-31 23:10:50.493761,s5,LOCAL:,0,0,0,0,37,Morning,andm_inspired_rural,umzimvubu,111.333,0.0,5.02743,5.0,1,20.0,20.0,50.0,2.0
2026-08-31 23:10:51.495185,s1,1:,150,16178,13394,23816584,38,Morning,andm_inspired_rural,ntabankulu,114.226,0.0,4.945692,5.0,1,20.0,20.0,50.0,2.0
2026-08-31 23:10:51.495185,s1,2:,16086,115,23808207,12239,38,Morning,andm_inspired_rural,ntabankulu,114.226,0.0,4.945692,5.0,1,20.0,20.0,50.0,2.0
2026-08-31 23:10:51.495185,s1,3:,106,109,12011,11825,38,Morning,andm_inspired_rural,ntabankulu,114.226,0.0,4.945692,5.0,1,20.0,20.0,50.0,2.0
2026-08-31 23:10:51.495185,s1,4:,106,112,12031,12315,38,Morning,andm_inspired_rural,ntabankulu,114.226,0.0,4.945692,5.0,1,20.0,20.0,50.0,2.0
2026-08-31 23:10:51.495185,s1,5:,103,107,11770,11670,38,Morning,andm_inspired_rural,ntabankulu,114.226,0.0,4.945692,5.0,1,20.0,20.0,50.0,2.0
2026-08-31 23:10:51.495185,s1,LOCAL:,0,0,0,0,38,Morning,andm_inspired_rural,ntabankulu,114.226,0.0,4.945692,5.0,1,20.0,20.0,50.0,2.0
2026-08-31 23:10:51.495185,s2,1:,16354,121,24274764,12980,38,Morning,andm_inspired_rural,ntabankulu,114.226,0.0,4.945692,5.0,1,20.0,20.0,50.0,2.0
2026-08-31 23:10:51.495185,s2,2:,115,16086,12239,23808207,38,Morning,andm_inspired_rural,ntabankulu,114.226,0.0,4.945692,5.0,1,20.0,20.0,50.0,2.0
2026-08-31 23:10:51.495185,s2,LOCAL:,0,0,0,0,38,Morning,andm_inspired_rural,ntabankulu,114.226,0.0,4.945692,5.0,1,20.0,20.0,50.0,2.0
2026-08-31 23:10:51.495185,s3,1:,55,113,4706,12414,38,Morning,andm_inspired_rural,ntabankulu,114.226,0.0,4.945692,5.0,1,20.0,20.0,50.0,2.0
2026-08-31 23:10:51.495185,s3,2:,109,106,11825,12011,38,Morning,andm_inspired_rural,ntabankulu,114.226,0.0,4.945692,5.0,1,20.0,20.0,50.0,2.0
2026-08-31 23:10:51.495185,s3,LOCAL:,0,0,0,0,38,Morning,andm_inspired_rural,ntabankulu,114.226,0.0,4.945692,5.0,1,20.0,20.0,50.0,2.0
2026-08-31 23:10:51.495185,s4,1:,57,115,4882,12602,38,Morning,andm_inspired_rural,ntabankulu,114.226,0.0,4.945692,5.0,1,20.0,20.0,50.0,2.0
2026-08-31 23:10:51.495185,s4,2:,112,106,12315,12031,38,Morning,andm_inspired_rural,ntabankulu,114.226,0.0,4.945692,5.0,1,20.0,20.0,50.0,2.0
2026-08-31 23:10:51.495185,s4,LOCAL:,0,0,0,0,38,Morning,andm_inspired_rural,ntabankulu,114.226,0.0,4.945692,5.0,1,20.0,20.0,50.0,2.0
2026-08-31 23:10:51.495185,s5,1:,53,113,4498,12386,38,Morning,andm_inspired_rural,ntabankulu,114.226,0.0,4.945692,5.0,1,20.0,20.0,50.0,2.0
2026-08-31 23:10:51.495185,s5,2:,107,103,11670,11770,38,Morning,andm_inspired_rural,ntabankulu,114.226,0.0,4.945692,5.0,1,20.0,20.0,50.0,2.0
2026-08-31 23:10:51.495185,s5,LOCAL:,0,0,0,0,38,Morning,andm_inspired_rural,ntabankulu,114.226,0.0,4.945692,5.0,1,20.0,20.0,50.0,2.0
2026-08-31 23:10:52.497662,s1,1:,165,18327,14864,26990890,39,Morning,andm_inspired_rural,winnie,130.052,0.0,5.167757,5.0,1,20.0,20.0,50.0,2.0
2026-08-31 23:10:52.497662,s1,2:,18223,121,26981374,12991,39,Morning,andm_inspired_rural,winnie,130.052,0.0,5.167757,5.0,1,20.0,20.0,50.0,2.0
2026-08-31 23:10:52.497662,s1,3:,114,117,12968,12782,39,Morning,andm_inspired_rural,winnie,130.052,0.0,5.167757,5.0,1,20.0,20.0,50.0,2.0
2026-08-31 23:10:52.497662,s1,4:,113,119,12881,13165,39,Morning,andm_inspired_rural,winnie,130.052,0.0,5.167757,5.0,1,20.0,20.0,50.0,2.0
2026-08-31 23:10:52.497662,s1,5:,113,117,12914,12814,39,Morning,andm_inspired_rural,winnie,130.052,0.0,5.167757,5.0,1,20.0,20.0,50.0,2.0
2026-08-31 23:10:52.497662,s1,LOCAL:,0,0,0,0,39,Morning,andm_inspired_rural,winnie,130.052,0.0,5.167757,5.0,1,20.0,20.0,50.0,2.0
2026-08-31 23:10:52.497662,s2,1:,18539,129,27526238,13909,39,Morning,andm_inspired_rural,winnie,130.052,0.0,5.167757,5.0,1,20.0,20.0,50.0,2.0
2026-08-31 23:10:52.497662,s2,2:,121,18228,12991,26988824,39,Morning,andm_inspired_rural,winnie,130.052,0.0,5.167757,5.0,1,20.0,20.0,50.0,2.0
2026-08-31 23:10:52.497662,s2,LOCAL:,0,0,0,0,39,Morning,andm_inspired_rural,winnie,130.052,0.0,5.167757,5.0,1,20.0,20.0,50.0,2.0
2026-08-31 23:10:52.497662,s3,1:,59,121,5070,13334,39,Morning,andm_inspired_rural,winnie,130.052,0.0,5.167757,5.0,1,20.0,20.0,50.0,2.0
2026-08-31 23:10:52.497662,s3,2:,117,114,12782,12968,39,Morning,andm_inspired_rural,winnie,130.052,0.0,5.167757,5.0,1,20.0,20.0,50.0,2.0
2026-08-31 23:10:52.497662,s3,LOCAL:,0,0,0,0,39,Morning,andm_inspired_rural,winnie,130.052,0.0,5.167757,5.0,1,20.0,20.0,50.0,2.0
2026-08-31 23:10:52.497662,s4,1:,60,123,5176,13559,39,Morning,andm_inspired_rural,winnie,130.052,0.0,5.167757,5.0,1,20.0,20.0,50.0,2.0
2026-08-31 23:10:52.497662,s4,2:,119,113,13165,12881,39,Morning,andm_inspired_rural,winnie,130.052,0.0,5.167757,5.0,1,20.0,20.0,50.0,2.0
2026-08-31 23:10:52.497662,s4,LOCAL:,0,0,0,0,39,Morning,andm_inspired_rural,winnie,130.052,0.0,5.167757,5.0,1,20.0,20.0,50.0,2.0
2026-08-31 23:10:52.497662,s5,1:,59,123,5086,13530,39,Morning,andm_inspired_rural,winnie,130.052,0.0,5.167757,5.0,1,20.0,20.0,50.0,2.0
2026-08-31 23:10:52.497662,s5,2:,117,113,12814,12914,39,Morning,andm_inspired_rural,winnie,130.052,0.0,5.167757,5.0,1,20.0,20.0,50.0,2.0
2026-08-31 23:10:52.497662,s5,LOCAL:,0,0,0,0,39,Morning,andm_inspired_rural,winnie,130.052,0.0,5.167757,5.0,1,20.0,20.0,50.0,2.0
2026-08-31 23:10:53.504953,s1,1:,165,18327,14864,26990890,40,Morning,andm_inspired_rural,matatiele,113.796,0.0,5.057869,5.0,1,20.0,20.0,50.0,2.0
2026-08-31 23:10:53.504953,s1,2:,18223,121,26981374,12991,40,Morning,andm_inspired_rural,matatiele,113.796,0.0,5.057869,5.0,1,20.0,20.0,50.0,2.0
2026-08-31 23:10:53.504953,s1,3:,114,117,12968,12782,40,Morning,andm_inspired_rural,matatiele,113.796,0.0,5.057869,5.0,1,20.0,20.0,50.0,2.0
2026-08-31 23:10:53.504953,s1,4:,113,119,12881,13165,40,Morning,andm_inspired_rural,matatiele,113.796,0.0,5.057869,5.0,1,20.0,20.0,50.0,2.0
2026-08-31 23:10:53.504953,s1,5:,113,117,12914,12814,40,Morning,andm_inspired_rural,matatiele,113.796,0.0,5.057869,5.0,1,20.0,20.0,50.0,2.0
2026-08-31 23:10:53.504953,s1,LOCAL:,0,0,0,0,40,Morning,andm_inspired_rural,matatiele,113.796,0.0,5.057869,5.0,1,20.0,20.0,50.0,2.0
2026-08-31 23:10:53.504953,s2,1:,18539,129,27526238,13909,40,Morning,andm_inspired_rural,matatiele,113.796,0.0,5.057869,5.0,1,20.0,20.0,50.0,2.0
2026-08-31 23:10:53.504953,s2,2:,121,18228,12991,26988824,40,Morning,andm_inspired_rural,matatiele,113.796,0.0,5.057869,5.0,1,20.0,20.0,50.0,2.0
2026-08-31 23:10:53.504953,s2,LOCAL:,0,0,0,0,40,Morning,andm_inspired_rural,matatiele,113.796,0.0,5.057869,5.0,1,20.0,20.0,50.0,2.0
2026-08-31 23:10:53.504953,s3,1:,59,121,5070,13334,40,Morning,andm_inspired_rural,matatiele,113.796,0.0,5.057869,5.0,1,20.0,20.0,50.0,2.0
2026-08-31 23:10:53.504953,s3,2:,117,114,12782,12968,40,Morning,andm_inspired_rural,matatiele,113.796,0.0,5.057869,5.0,1,20.0,20.0,50.0,2.0
2026-08-31 23:10:53.504953,s3,LOCAL:,0,0,0,0,40,Morning,andm_inspired_rural,matatiele,113.796,0.0,5.057869,5.0,1,20.0,20.0,50.0,2.0
2026-08-31 23:10:53.504953,s4,1:,60,123,5176,13559,40,Morning,andm_inspired_rural,matatiele,113.796,0.0,5.057869,5.0,1,20.0,20.0,50.0,2.0
2026-08-31 23:10:53.504953,s4,2:,119,113,13165,12881,40,Morning,andm_inspired_rural,matatiele,113.796,0.0,5.057869,5.0,1,20.0,20.0,50.0,2.0
2026-08-31 23:10:53.504953,s4,LOCAL:,0,0,0,0,40,Morning,andm_inspired_rural,matatiele,113.796,0.0,5.057869,5.0,1,20.0,20.0,50.0,2.0
2026-08-31 23:10:53.504953,s5,1:,59,123,5086,13530,40,Morning,andm_inspired_rural,matatiele,113.796,0.0,5.057869,5.0,1,20.0,20.0,50.0,2.0
2026-08-31 23:10:53.504953,s5,2:,117,113,12814,12914,40,Morning,andm_inspired_rural,matatiele,113.796,0.0,5.057869,5.0,1,20.0,20.0,50.0,2.0
2026-08-31 23:10:53.504953,s5,LOCAL:,0,0,0,0,40,Morning,andm_inspired_rural,matatiele,113.796,0.0,5.057869,5.0,1,20.0,20.0,50.0,2.0
2026-08-31 23:10:54.494124,s1,1:,165,18327,14864,26990890,41,Morning,andm_inspired_rural,umzimvubu,125.958,0.0,5.066349,5.0,1,20.0,20.0,50.0,2.0
2026-08-31 23:10:54.494124,s1,2:,18223,121,26981374,12991,41,Morning,andm_inspired_rural,umzimvubu,125.958,0.0,5.066349,5.0,1,20.0,20.0,50.0,2.0
2026-08-31 23:10:54.494124,s1,3:,114,117,12968,12782,41,Morning,andm_inspired_rural,umzimvubu,125.958,0.0,5.066349,5.0,1,20.0,20.0,50.0,2.0
2026-08-31 23:10:54.494124,s1,4:,113,119,12881,13165,41,Morning,andm_inspired_rural,umzimvubu,125.958,0.0,5.066349,5.0,1,20.0,20.0,50.0,2.0
2026-08-31 23:10:54.494124,s1,5:,113,117,12914,12814,41,Morning,andm_inspired_rural,umzimvubu,125.958,0.0,5.066349,5.0,1,20.0,20.0,50.0,2.0
2026-08-31 23:10:54.494124,s1,LOCAL:,0,0,0,0,41,Morning,andm_inspired_rural,umzimvubu,125.958,0.0,5.066349,5.0,1,20.0,20.0,50.0,2.0
2026-08-31 23:10:54.494124,s2,1:,18539,129,27526238,13909,41,Morning,andm_inspired_rural,umzimvubu,125.958,0.0,5.066349,5.0,1,20.0,20.0,50.0,2.0
2026-08-31 23:10:54.494124,s2,2:,121,18228,12991,26988824,41,Morning,andm_inspired_rural,umzimvubu,125.958,0.0,5.066349,5.0,1,20.0,20.0,50.0,2.0
2026-08-31 23:10:54.494124,s2,LOCAL:,0,0,0,0,41,Morning,andm_inspired_rural,umzimvubu,125.958,0.0,5.066349,5.0,1,20.0,20.0,50.0,2.0
2026-08-31 23:10:54.494124,s3,1:,59,121,5070,13334,41,Morning,andm_inspired_rural,umzimvubu,125.958,0.0,5.066349,5.0,1,20.0,20.0,50.0,2.0
2026-08-31 23:10:54.494124,s3,2:,117,114,12782,12968,41,Morning,andm_inspired_rural,umzimvubu,125.958,0.0,5.066349,5.0,1,20.0,20.0,50.0,2.0
2026-08-31 23:10:54.494124,s3,LOCAL:,0,0,0,0,41,Morning,andm_inspired_rural,umzimvubu,125.958,0.0,5.066349,5.0,1,20.0,20.0,50.0,2.0
2026-08-31 23:10:54.494124,s4,1:,60,123,5176,13559,41,Morning,andm_inspired_rural,umzimvubu,125.958,0.0,5.066349,5.0,1,20.0,20.0,50.0,2.0
2026-08-31 23:10:54.494124,s4,2:,119,113,13165,12881,41,Morning,andm_inspired_rural,umzimvubu,125.958,0.0,5.066349,5.0,1,20.0,20.0,50.0,2.0
2026-08-31 23:10:54.494124,s4,LOCAL:,0,0,0,0,41,Morning,andm_inspired_rural,umzimvubu,125.958,0.0,5.066349,5.0,1,20.0,20.0,50.0,2.0
2026-08-31 23:10:54.494124,s5,1:,59,123,5086,13530,41,Morning,andm_inspired_rural,umzimvubu,125.958,0.0,5.066349,5.0,1,20.0,20.0,50.0,2.0
2026-08-31 23:10:54.494124,s5,2:,117,113,12814,12914,41,Morning,andm_inspired_rural,umzimvubu,125.958,0.0,5.066349,5.0,1,20.0,20.0,50.0,2.0
2026-08-31 23:10:54.494124,s5,LOCAL:,0,0,0,0,41,Morning,andm_inspired_rural,umzimvubu,125.958,0.0,5.066349,5.0,1,20.0,20.0,50.0,2.0
2026-08-31 23:10:55.494300,s1,1:,165,18327,14864,26990890,42,Morning,andm_inspired_rural,ntabankulu,110.507,0.0,5.005092,5.0,1,20.0,20.0,50.0,2.0
2026-08-31 23:10:55.494300,s1,2:,18223,121,26981374,12991,42,Morning,andm_inspired_rural,ntabankulu,110.507,0.0,5.005092,5.0,1,20.0,20.0,50.0,2.0
2026-08-31 23:10:55.494300,s1,3:,114,117,12968,12782,42,Morning,andm_inspired_rural,ntabankulu,110.507,0.0,5.005092,5.0,1,20.0,20.0,50.0,2.0
2026-08-31 23:10:55.494300,s1,4:,113,119,12881,13165,42,Morning,andm_inspired_rural,ntabankulu,110.507,0.0,5.005092,5.0,1,20.0,20.0,50.0,2.0
2026-08-31 23:10:55.494300,s1,5:,113,117,12914,12814,42,Morning,andm_inspired_rural,ntabankulu,110.507,0.0,5.005092,5.0,1,20.0,20.0,50.0,2.0
2026-08-31 23:10:55.494300,s1,LOCAL:,0,0,0,0,42,Morning,andm_inspired_rural,ntabankulu,110.507,0.0,5.005092,5.0,1,20.0,20.0,50.0,2.0
2026-08-31 23:10:55.494300,s2,1:,18539,129,27526238,13909,42,Morning,andm_inspired_rural,ntabankulu,110.507,0.0,5.005092,5.0,1,20.0,20.0,50.0,2.0
2026-08-31 23:10:55.494300,s2,2:,121,18228,12991,26988824,42,Morning,andm_inspired_rural,ntabankulu,110.507,0.0,5.005092,5.0,1,20.0,20.0,50.0,2.0
2026-08-31 23:10:55.494300,s2,LOCAL:,0,0,0,0,42,Morning,andm_inspired_rural,ntabankulu,110.507,0.0,5.005092,5.0,1,20.0,20.0,50.0,2.0
2026-08-31 23:10:55.494300,s3,1:,59,121,5070,13334,42,Morning,andm_inspired_rural,ntabankulu,110.507,0.0,5.005092,5.0,1,20.0,20.0,50.0,2.0
2026-08-31 23:10:55.494300,s3,2:,117,114,12782,12968,42,Morning,andm_inspired_rural,ntabankulu,110.507,0.0,5.005092,5.0,1,20.0,20.0,50.0,2.0
2026-08-31 23:10:55.494300,s3,LOCAL:,0,0,0,0,42,Morning,andm_inspired_rural,ntabankulu,110.507,0.0,5.005092,5.0,1,20.0,20.0,50.0,2.0
2026-08-31 23:10:55.494300,s4,1:,60,123,5176,13559,42,Morning,andm_inspired_rural,ntabankulu,110.507,0.0,5.005092,5.0,1,20.0,20.0,50.0,2.0
2026-08-31 23:10:55.494300,s4,2:,119,113,13165,12881,42,Morning,andm_inspired_rural,ntabankulu,110.507,0.0,5.005092,5.0,1,20.0,20.0,50.0,2.0
2026-08-31 23:10:55.494300,s4,LOCAL:,0,0,0,0,42,Morning,andm_inspired_rural,ntabankulu,110.507,0.0,5.005092,5.0,1,20.0,20.0,50.0,2.0
2026-08-31 23:10:55.494300,s5,1:,59,123,5086,13530,42,Morning,andm_inspired_rural,ntabankulu,110.507,0.0,5.005092,5.0,1,20.0,20.0,50.0,2.0
2026-08-31 23:10:55.494300,s5,2:,117,113,12814,12914,42,Morning,andm_inspired_rural,ntabankulu,110.507,0.0,5.005092,5.0,1,20.0,20.0,50.0,2.0
2026-08-31 23:10:55.494300,s5,LOCAL:,0,0,0,0,42,Morning,andm_inspired_rural,ntabankulu,110.507,0.0,5.005092,5.0,1,20.0,20.0,50.0,2.0
2026-08-31 23:10:56.501955,s1,1:,165,18327,14864,26990890,43,Morning,andm_inspired_rural,winnie,109.985,0.0,5.098702,5.0,1,20.0,20.0,50.0,2.0
2026-08-31 23:10:56.501955,s1,2:,18223,121,26981374,12991,43,Morning,andm_inspired_rural,winnie,109.985,0.0,5.098702,5.0,1,20.0,20.0,50.0,2.0
2026-08-31 23:10:56.501955,s1,3:,114,117,12968,12782,43,Morning,andm_inspired_rural,winnie,109.985,0.0,5.098702,5.0,1,20.0,20.0,50.0,2.0
2026-08-31 23:10:56.501955,s1,4:,113,119,12881,13165,43,Morning,andm_inspired_rural,winnie,109.985,0.0,5.098702,5.0,1,20.0,20.0,50.0,2.0
2026-08-31 23:10:56.501955,s1,5:,113,117,12914,12814,43,Morning,andm_inspired_rural,winnie,109.985,0.0,5.098702,5.0,1,20.0,20.0,50.0,2.0
2026-08-31 23:10:56.501955,s1,LOCAL:,0,0,0,0,43,Morning,andm_inspired_rural,winnie,109.985,0.0,5.098702,5.0,1,20.0,20.0,50.0,2.0
2026-08-31 23:10:56.501955,s2,1:,18539,129,27526238,13909,43,Morning,andm_inspired_rural,winnie,109.985,0.0,5.098702,5.0,1,20.0,20.0,50.0,2.0
2026-08-31 23:10:56.501955,s2,2:,121,18228,12991,26988824,43,Morning,andm_inspired_rural,winnie,109.985,0.0,5.098702,5.0,1,20.0,20.0,50.0,2.0
2026-08-31 23:10:56.501955,s2,LOCAL:,0,0,0,0,43,Morning,andm_inspired_rural,winnie,109.985,0.0,5.098702,5.0,1,20.0,20.0,50.0,2.0
2026-08-31 23:10:56.501955,s3,1:,59,121,5070,13334,43,Morning,andm_inspired_rural,winnie,109.985,0.0,5.098702,5.0,1,20.0,20.0,50.0,2.0
2026-08-31 23:10:56.501955,s3,2:,117,114,12782,12968,43,Morning,andm_inspired_rural,winnie,109.985,0.0,5.098702,5.0,1,20.0,20.0,50.0,2.0
2026-08-31 23:10:56.501955,s3,LOCAL:,0,0,0,0,43,Morning,andm_inspired_rural,winnie,109.985,0.0,5.098702,5.0,1,20.0,20.0,50.0,2.0
2026-08-31 23:10:56.501955,s4,1:,60,123,5176,13559,43,Morning,andm_inspired_rural,winnie,109.985,0.0,5.098702,5.0,1,20.0,20.0,50.0,2.0
2026-08-31 23:10:56.501955,s4,2:,119,113,13165,12881,43,Morning,andm_inspired_rural,winnie,109.985,0.0,5.098702,5.0,1,20.0,20.0,50.0,2.0
2026-08-31 23:10:56.501955,s4,LOCAL:,0,0,0,0,43,Morning,andm_inspired_rural,winnie,109.985,0.0,5.098702,5.0,1,20.0,20.0,50.0,2.0
2026-08-31 23:10:56.501955,s5,1:,59,123,5086,13530,43,Morning,andm_inspired_rural,winnie,109.985,0.0,5.098702,5.0,1,20.0,20.0,50.0,2.0
2026-08-31 23:10:56.501955,s5,2:,117,113,12814,12914,43,Morning,andm_inspired_rural,winnie,109.985,0.0,5.098702,5.0,1,20.0,20.0,50.0,2.0
2026-08-31 23:10:56.501955,s5,LOCAL:,0,0,0,0,43,Morning,andm_inspired_rural,winnie,109.985,0.0,5.098702,5.0,1,20.0,20.0,50.0,2.0
2026-08-31 23:10:57.492818,s1,1:,181,20476,16376,30163785,44,Morning,andm_inspired_rural,matatiele,107.955,0.0,4.95305,5.0,1,20.0,20.0,50.0,2.0
2026-08-31 23:10:57.492818,s1,2:,20363,134,30154770,14354,44,Morning,andm_inspired_rural,matatiele,107.955,0.0,4.95305,5.0,1,20.0,20.0,50.0,2.0
2026-08-31 23:10:57.492818,s1,3:,121,125,13818,13702,44,Morning,andm_inspired_rural,matatiele,107.955,0.0,4.95305,5.0,1,20.0,20.0,50.0,2.0
2026-08-31 23:10:57.492818,s1,4:,122,128,13908,14192,44,Morning,andm_inspired_rural,matatiele,107.955,0.0,4.95305,5.0,1,20.0,20.0,50.0,2.0
2026-08-31 23:10:57.492818,s1,5:,120,126,13732,13841,44,Morning,andm_inspired_rural,matatiele,107.955,0.0,4.95305,5.0,1,20.0,20.0,50.0,2.0
2026-08-31 23:10:57.492818,s1,LOCAL:,0,0,0,0,44,Morning,andm_inspired_rural,matatiele,107.955,0.0,4.95305,5.0,1,20.0,20.0,50.0,2.0
2026-08-31 23:10:57.492818,s2,1:,20712,140,30754208,15095,44,Morning,andm_inspired_rural,matatiele,107.955,0.0,4.95305,5.0,1,20.0,20.0,50.0,2.0
2026-08-31 23:10:57.492818,s2,2:,134,20364,14354,30156260,44,Morning,andm_inspired_rural,matatiele,107.955,0.0,4.95305,5.0,1,20.0,20.0,50.0,2.0
2026-08-31 23:10:57.492818,s2,LOCAL:,0,0,0,0,44,Morning,andm_inspired_rural,matatiele,107.955,0.0,4.95305,5.0,1,20.0,20.0,50.0,2.0
2026-08-31 23:10:57.492818,s3,1:,62,129,5364,14291,44,Morning,andm_inspired_rural,matatiele,107.955,0.0,4.95305,5.0,1,20.0,20.0,50.0,2.0
2026-08-31 23:10:57.492818,s3,2:,125,121,13702,13818,44,Morning,andm_inspired_rural,matatiele,107.955,0.0,4.95305,5.0,1,20.0,20.0,50.0,2.0
2026-08-31 23:10:57.492818,s3,LOCAL:,0,0,0,0,44,Morning,andm_inspired_rural,matatiele,107.955,0.0,4.95305,5.0,1,20.0,20.0,50.0,2.0
2026-08-31 23:10:57.492818,s4,1:,64,131,5540,14479,44,Morning,andm_inspired_rural,matatiele,107.955,0.0,4.95305,5.0,1,20.0,20.0,50.0,2.0
2026-08-31 23:10:57.492818,s4,2:,128,122,14192,13908,44,Morning,andm_inspired_rural,matatiele,107.955,0.0,4.95305,5.0,1,20.0,20.0,50.0,2.0
2026-08-31 23:10:57.492818,s4,LOCAL:,0,0,0,0,44,Morning,andm_inspired_rural,matatiele,107.955,0.0,4.95305,5.0,1,20.0,20.0,50.0,2.0
2026-08-31 23:10:57.492818,s5,1:,63,131,5450,14487,44,Morning,andm_inspired_rural,matatiele,107.955,0.0,4.95305,5.0,1,20.0,20.0,50.0,2.0
2026-08-31 23:10:57.492818,s5,2:,126,120,13841,13732,44,Morning,andm_inspired_rural,matatiele,107.955,0.0,4.95305,5.0,1,20.0,20.0,50.0,2.0
2026-08-31 23:10:57.492818,s5,LOCAL:,0,0,0,0,44,Morning,andm_inspired_rural,matatiele,107.955,0.0,4.95305,5.0,1,20.0,20.0,50.0,2.0
2026-08-31 23:10:58.494981,s1,1:,181,20476,16376,30163785,45,Morning,andm_inspired_rural,umzimvubu,126.169,0.0,5.056244,5.0,1,20.0,20.0,50.0,2.0
2026-08-31 23:10:58.494981,s1,2:,20363,134,30154770,14354,45,Morning,andm_inspired_rural,umzimvubu,126.169,0.0,5.056244,5.0,1,20.0,20.0,50.0,2.0
2026-08-31 23:10:58.494981,s1,3:,121,125,13818,13702,45,Morning,andm_inspired_rural,umzimvubu,126.169,0.0,5.056244,5.0,1,20.0,20.0,50.0,2.0
2026-08-31 23:10:58.494981,s1,4:,122,128,13908,14192,45,Morning,andm_inspired_rural,umzimvubu,126.169,0.0,5.056244,5.0,1,20.0,20.0,50.0,2.0
2026-08-31 23:10:58.494981,s1,5:,120,126,13732,13841,45,Morning,andm_inspired_rural,umzimvubu,126.169,0.0,5.056244,5.0,1,20.0,20.0,50.0,2.0
2026-08-31 23:10:58.494981,s1,LOCAL:,0,0,0,0,45,Morning,andm_inspired_rural,umzimvubu,126.169,0.0,5.056244,5.0,1,20.0,20.0,50.0,2.0
2026-08-31 23:10:58.494981,s2,1:,20712,140,30754208,15095,45,Morning,andm_inspired_rural,umzimvubu,126.169,0.0,5.056244,5.0,1,20.0,20.0,50.0,2.0
2026-08-31 23:10:58.494981,s2,2:,134,20364,14354,30156260,45,Morning,andm_inspired_rural,umzimvubu,126.169,0.0,5.056244,5.0,1,20.0,20.0,50.0,2.0
2026-08-31 23:10:58.494981,s2,LOCAL:,0,0,0,0,45,Morning,andm_inspired_rural,umzimvubu,126.169,0.0,5.056244,5.0,1,20.0,20.0,50.0,2.0
2026-08-31 23:10:58.494981,s3,1:,62,129,5364,14291,45,Morning,andm_inspired_rural,umzimvubu,126.169,0.0,5.056244,5.0,1,20.0,20.0,50.0,2.0
2026-08-31 23:10:58.494981,s3,2:,125,121,13702,13818,45,Morning,andm_inspired_rural,umzimvubu,126.169,0.0,5.056244,5.0,1,20.0,20.0,50.0,2.0
2026-08-31 23:10:58.494981,s3,LOCAL:,0,0,0,0,45,Morning,andm_inspired_rural,umzimvubu,126.169,0.0,5.056244,5.0,1,20.0,20.0,50.0,2.0
2026-08-31 23:10:58.494981,s4,1:,64,131,5540,14479,45,Morning,andm_inspired_rural,umzimvubu,126.169,0.0,5.056244,5.0,1,20.0,20.0,50.0,2.0
2026-08-31 23:10:58.494981,s4,2:,128,122,14192,13908,45,Morning,andm_inspired_rural,umzimvubu,126.169,0.0,5.056244,5.0,1,20.0,20.0,50.0,2.0
2026-08-31 23:10:58.494981,s4,LOCAL:,0,0,0,0,45,Morning,andm_inspired_rural,umzimvubu,126.169,0.0,5.056244,5.0,1,20.0,20.0,50.0,2.0
2026-08-31 23:10:58.494981,s5,1:,63,131,5450,14487,45,Morning,andm_inspired_rural,umzimvubu,126.169,0.0,5.056244,5.0,1,20.0,20.0,50.0,2.0
2026-08-31 23:10:58.494981,s5,2:,126,120,13841,13732,45,Morning,andm_inspired_rural,umzimvubu,126.169,0.0,5.056244,5.0,1,20.0,20.0,50.0,2.0
2026-08-31 23:10:58.494981,s5,LOCAL:,0,0,0,0,45,Morning,andm_inspired_rural,umzimvubu,126.169,0.0,5.056244,5.0,1,20.0,20.0,50.0,2.0
2026-08-31 23:10:59.493088,s1,1:,181,20476,16376,30163785,46,Morning,andm_inspired_rural,ntabankulu,113.028,0.0,5.069233,5.0,1,20.0,20.0,50.0,2.0
2026-08-31 23:10:59.493088,s1,2:,20363,134,30154770,14354,46,Morning,andm_inspired_rural,ntabankulu,113.028,0.0,5.069233,5.0,1,20.0,20.0,50.0,2.0
2026-08-31 23:10:59.493088,s1,3:,121,125,13818,13702,46,Morning,andm_inspired_rural,ntabankulu,113.028,0.0,5.069233,5.0,1,20.0,20.0,50.0,2.0
2026-08-31 23:10:59.493088,s1,4:,122,128,13908,14192,46,Morning,andm_inspired_rural,ntabankulu,113.028,0.0,5.069233,5.0,1,20.0,20.0,50.0,2.0
2026-08-31 23:10:59.493088,s1,5:,120,126,13732,13841,46,Morning,andm_inspired_rural,ntabankulu,113.028,0.0,5.069233,5.0,1,20.0,20.0,50.0,2.0
2026-08-31 23:10:59.493088,s1,LOCAL:,0,0,0,0,46,Morning,andm_inspired_rural,ntabankulu,113.028,0.0,5.069233,5.0,1,20.0,20.0,50.0,2.0
2026-08-31 23:10:59.493088,s2,1:,20712,140,30754208,15095,46,Morning,andm_inspired_rural,ntabankulu,113.028,0.0,5.069233,5.0,1,20.0,20.0,50.0,2.0
2026-08-31 23:10:59.493088,s2,2:,134,20364,14354,30156260,46,Morning,andm_inspired_rural,ntabankulu,113.028,0.0,5.069233,5.0,1,20.0,20.0,50.0,2.0
2026-08-31 23:10:59.493088,s2,LOCAL:,0,0,0,0,46,Morning,andm_inspired_rural,ntabankulu,113.028,0.0,5.069233,5.0,1,20.0,20.0,50.0,2.0
2026-08-31 23:10:59.493088,s3,1:,62,129,5364,14291,46,Morning,andm_inspired_rural,ntabankulu,113.028,0.0,5.069233,5.0,1,20.0,20.0,50.0,2.0
2026-08-31 23:10:59.493088,s3,2:,125,121,13702,13818,46,Morning,andm_inspired_rural,ntabankulu,113.028,0.0,5.069233,5.0,1,20.0,20.0,50.0,2.0
2026-08-31 23:10:59.493088,s3,LOCAL:,0,0,0,0,46,Morning,andm_inspired_rural,ntabankulu,113.028,0.0,5.069233,5.0,1,20.0,20.0,50.0,2.0
2026-08-31 23:10:59.493088,s4,1:,64,131,5540,14479,46,Morning,andm_inspired_rural,ntabankulu,113.028,0.0,5.069233,5.0,1,20.0,20.0,50.0,2.0
2026-08-31 23:10:59.493088,s4,2:,128,122,14192,13908,46,Morning,andm_inspired_rural,ntabankulu,113.028,0.0,5.069233,5.0,1,20.0,20.0,50.0,2.0
2026-08-31 23:10:59.493088,s4,LOCAL:,0,0,0,0,46,Morning,andm_inspired_rural,ntabankulu,113.028,0.0,5.069233,5.0,1,20.0,20.0,50.0,2.0
2026-08-31 23:10:59.493088,s5,1:,63,131,5450,14487,46,Morning,andm_inspired_rural,ntabankulu,113.028,0.0,5.069233,5.0,1,20.0,20.0,50.0,2.0
2026-08-31 23:10:59.493088,s5,2:,126,120,13841,13732,46,Morning,andm_inspired_rural,ntabankulu,113.028,0.0,5.069233,5.0,1,20.0,20.0,50.0,2.0
2026-08-31 23:10:59.493088,s5,LOCAL:,0,0,0,0,46,Morning,andm_inspired_rural,ntabankulu,113.028,0.0,5.069233,5.0,1,20.0,20.0,50.0,2.0
2026-08-31 23:11:00.496596,s1,1:,181,20476,16376,30163785,47,Morning,andm_inspired_rural,winnie,118.471,0.0,5.010949,5.0,1,20.0,20.0,50.0,2.0
2026-08-31 23:11:00.496596,s1,2:,20363,134,30154770,14354,47,Morning,andm_inspired_rural,winnie,118.471,0.0,5.010949,5.0,1,20.0,20.0,50.0,2.0
2026-08-31 23:11:00.496596,s1,3:,121,125,13818,13702,47,Morning,andm_inspired_rural,winnie,118.471,0.0,5.010949,5.0,1,20.0,20.0,50.0,2.0
2026-08-31 23:11:00.496596,s1,4:,122,128,13908,14192,47,Morning,andm_inspired_rural,winnie,118.471,0.0,5.010949,5.0,1,20.0,20.0,50.0,2.0
2026-08-31 23:11:00.496596,s1,5:,120,126,13732,13841,47,Morning,andm_inspired_rural,winnie,118.471,0.0,5.010949,5.0,1,20.0,20.0,50.0,2.0
2026-08-31 23:11:00.496596,s1,LOCAL:,0,0,0,0,47,Morning,andm_inspired_rural,winnie,118.471,0.0,5.010949,5.0,1,20.0,20.0,50.0,2.0
2026-08-31 23:11:00.496596,s2,1:,20712,140,30754208,15095,47,Morning,andm_inspired_rural,winnie,118.471,0.0,5.010949,5.0,1,20.0,20.0,50.0,2.0
2026-08-31 23:11:00.496596,s2,2:,134,20364,14354,30156260,47,Morning,andm_inspired_rural,winnie,118.471,0.0,5.010949,5.0,1,20.0,20.0,50.0,2.0
2026-08-31 23:11:00.496596,s2,LOCAL:,0,0,0,0,47,Morning,andm_inspired_rural,winnie,118.471,0.0,5.010949,5.0,1,20.0,20.0,50.0,2.0
2026-08-31 23:11:00.496596,s3,1:,62,129,5364,14291,47,Morning,andm_inspired_rural,winnie,118.471,0.0,5.010949,5.0,1,20.0,20.0,50.0,2.0
2026-08-31 23:11:00.496596,s3,2:,125,121,13702,13818,47,Morning,andm_inspired_rural,winnie,118.471,0.0,5.010949,5.0,1,20.0,20.0,50.0,2.0
2026-08-31 23:11:00.496596,s3,LOCAL:,0,0,0,0,47,Morning,andm_inspired_rural,winnie,118.471,0.0,5.010949,5.0,1,20.0,20.0,50.0,2.0
2026-08-31 23:11:00.496596,s4,1:,64,131,5540,14479,47,Morning,andm_inspired_rural,winnie,118.471,0.0,5.010949,5.0,1,20.0,20.0,50.0,2.0
2026-08-31 23:11:00.496596,s4,2:,128,122,14192,13908,47,Morning,andm_inspired_rural,winnie,118.471,0.0,5.010949,5.0,1,20.0,20.0,50.0,2.0
2026-08-31 23:11:00.496596,s4,LOCAL:,0,0,0,0,47,Morning,andm_inspired_rural,winnie,118.471,0.0,5.010949,5.0,1,20.0,20.0,50.0,2.0
2026-08-31 23:11:00.496596,s5,1:,63,131,5450,14487,47,Morning,andm_inspired_rural,winnie,118.471,0.0,5.010949,5.0,1,20.0,20.0,50.0,2.0
2026-08-31 23:11:00.496596,s5,2:,126,120,13841,13732,47,Morning,andm_inspired_rural,winnie,118.471,0.0,5.010949,5.0,1,20.0,20.0,50.0,2.0
2026-08-31 23:11:00.496596,s5,LOCAL:,0,0,0,0,47,Morning,andm_inspired_rural,winnie,118.471,0.0,5.010949,5.0,1,20.0,20.0,50.0,2.0
2026-08-31 23:11:01.493600,s1,1:,181,20476,16376,30163785,48,Morning,andm_inspired_rural,matatiele,126.131,0.0,5.073515,5.0,1,20.0,20.0,50.0,2.0
2026-08-31 23:11:01.493600,s1,2:,20363,134,30154770,14354,48,Morning,andm_inspired_rural,matatiele,126.131,0.0,5.073515,5.0,1,20.0,20.0,50.0,2.0
2026-08-31 23:11:01.493600,s1,3:,121,125,13818,13702,48,Morning,andm_inspired_rural,matatiele,126.131,0.0,5.073515,5.0,1,20.0,20.0,50.0,2.0
2026-08-31 23:11:01.493600,s1,4:,122,128,13908,14192,48,Morning,andm_inspired_rural,matatiele,126.131,0.0,5.073515,5.0,1,20.0,20.0,50.0,2.0
2026-08-31 23:11:01.493600,s1,5:,120,126,13732,13841,48,Morning,andm_inspired_rural,matatiele,126.131,0.0,5.073515,5.0,1,20.0,20.0,50.0,2.0
2026-08-31 23:11:01.493600,s1,LOCAL:,0,0,0,0,48,Morning,andm_inspired_rural,matatiele,126.131,0.0,5.073515,5.0,1,20.0,20.0,50.0,2.0
2026-08-31 23:11:01.493600,s2,1:,20712,140,30754208,15095,48,Morning,andm_inspired_rural,matatiele,126.131,0.0,5.073515,5.0,1,20.0,20.0,50.0,2.0
2026-08-31 23:11:01.493600,s2,2:,134,20364,14354,30156260,48,Morning,andm_inspired_rural,matatiele,126.131,0.0,5.073515,5.0,1,20.0,20.0,50.0,2.0
2026-08-31 23:11:01.493600,s2,LOCAL:,0,0,0,0,48,Morning,andm_inspired_rural,matatiele,126.131,0.0,5.073515,5.0,1,20.0,20.0,50.0,2.0
2026-08-31 23:11:01.493600,s3,1:,62,129,5364,14291,48,Morning,andm_inspired_rural,matatiele,126.131,0.0,5.073515,5.0,1,20.0,20.0,50.0,2.0
2026-08-31 23:11:01.493600,s3,2:,125,121,13702,13818,48,Morning,andm_inspired_rural,matatiele,126.131,0.0,5.073515,5.0,1,20.0,20.0,50.0,2.0
2026-08-31 23:11:01.493600,s3,LOCAL:,0,0,0,0,48,Morning,andm_inspired_rural,matatiele,126.131,0.0,5.073515,5.0,1,20.0,20.0,50.0,2.0
2026-08-31 23:11:01.493600,s4,1:,64,131,5540,14479,48,Morning,andm_inspired_rural,matatiele,126.131,0.0,5.073515,5.0,1,20.0,20.0,50.0,2.0
2026-08-31 23:11:01.493600,s4,2:,128,122,14192,13908,48,Morning,andm_inspired_rural,matatiele,126.131,0.0,5.073515,5.0,1,20.0,20.0,50.0,2.0
2026-08-31 23:11:01.493600,s4,LOCAL:,0,0,0,0,48,Morning,andm_inspired_rural,matatiele,126.131,0.0,5.073515,5.0,1,20.0,20.0,50.0,2.0
2026-08-31 23:11:01.493600,s5,1:,63,131,5450,14487,48,Morning,andm_inspired_rural,matatiele,126.131,0.0,5.073515,5.0,1,20.0,20.0,50.0,2.0
2026-08-31 23:11:01.493600,s5,2:,126,120,13841,13732,48,Morning,andm_inspired_rural,matatiele,126.131,0.0,5.073515,5.0,1,20.0,20.0,50.0,2.0
2026-08-31 23:11:01.493600,s5,LOCAL:,0,0,0,0,48,Morning,andm_inspired_rural,matatiele,126.131,0.0,5.073515,5.0,1,20.0,20.0,50.0,2.0
2026-08-31 23:11:02.493687,s1,1:,196,22615,17846,33327313,49,Morning,andm_inspired_rural,umzimvubu,127.715,0.0,5.111253,5.0,1,20.0,20.0,50.0,2.0
2026-08-31 23:11:02.493687,s1,2:,22490,139,33315702,14926,49,Morning,andm_inspired_rural,umzimvubu,127.715,0.0,5.111253,5.0,1,20.0,20.0,50.0,2.0
2026-08-31 23:11:02.493687,s1,3:,128,133,14545,14568,49,Morning,andm_inspired_rural,umzimvubu,127.715,0.0,5.111253,5.0,1,20.0,20.0,50.0,2.0
2026-08-31 23:11:02.493687,s1,4:,127,133,14480,14764,49,Morning,andm_inspired_rural,umzimvubu,127.715,0.0,5.111253,5.0,1,20.0,20.0,50.0,2.0
2026-08-31 23:11:02.493687,s1,5:,125,131,14304,14413,49,Morning,andm_inspired_rural,umzimvubu,127.715,0.0,5.111253,5.0,1,20.0,20.0,50.0,2.0
2026-08-31 23:11:02.493687,s1,LOCAL:,0,0,0,0,49,Morning,andm_inspired_rural,umzimvubu,127.715,0.0,5.111253,5.0,1,20.0,20.0,50.0,2.0
2026-08-31 23:11:02.493687,s2,1:,22875,145,33972902,15667,49,Morning,andm_inspired_rural,umzimvubu,127.715,0.0,5.111253,5.0,1,20.0,20.0,50.0,2.0
2026-08-31 23:11:02.493687,s2,2:,139,22491,14926,33317192,49,Morning,andm_inspired_rural,umzimvubu,127.715,0.0,5.111253,5.0,1,20.0,20.0,50.0,2.0
2026-08-31 23:11:02.493687,s2,LOCAL:,0,0,0,0,49,Morning,andm_inspired_rural,umzimvubu,127.715,0.0,5.111253,5.0,1,20.0,20.0,50.0,2.0
2026-08-31 23:11:02.493687,s3,1:,68,137,5952,15157,49,Morning,andm_inspired_rural,umzimvubu,127.715,0.0,5.111253,5.0,1,20.0,20.0,50.0,2.0
2026-08-31 23:11:02.493687,s3,2:,133,128,14568,14545,49,Morning,andm_inspired_rural,umzimvubu,127.715,0.0,5.111253,5.0,1,20.0,20.0,50.0,2.0
2026-08-31 23:11:02.493687,s3,LOCAL:,0,0,0,0,49,Morning,andm_inspired_rural,umzimvubu,127.715,0.0,5.111253,5.0,1,20.0,20.0,50.0,2.0
2026-08-31 23:11:02.493687,s4,1:,67,136,5834,15051,49,Morning,andm_inspired_rural,umzimvubu,127.715,0.0,5.111253,5.0,1,20.0,20.0,50.0,2.0
2026-08-31 23:11:02.493687,s4,2:,133,127,14764,14480,49,Morning,andm_inspired_rural,umzimvubu,127.715,0.0,5.111253,5.0,1,20.0,20.0,50.0,2.0
2026-08-31 23:11:02.493687,s4,LOCAL:,0,0,0,0,49,Morning,andm_inspired_rural,umzimvubu,127.715,0.0,5.111253,5.0,1,20.0,20.0,50.0,2.0
2026-08-31 23:11:02.493687,s5,1:,66,136,5744,15059,49,Morning,andm_inspired_rural,umzimvubu,127.715,0.0,5.111253,5.0,1,20.0,20.0,50.0,2.0
2026-08-31 23:11:02.493687,s5,2:,131,125,14413,14304,49,Morning,andm_inspired_rural,umzimvubu,127.715,0.0,5.111253,5.0,1,20.0,20.0,50.0,2.0
2026-08-31 23:11:02.493687,s5,LOCAL:,0,0,0,0,49,Morning,andm_inspired_rural,umzimvubu,127.715,0.0,5.111253,5.0,1,20.0,20.0,50.0,2.0
2026-08-31 23:11:03.495549,s1,1:,196,22615,17846,33327313,50,Morning,andm_inspired_rural,ntabankulu,109.526,0.0,5.028894,5.0,1,20.0,20.0,50.0,2.0
2026-08-31 23:11:03.495549,s1,2:,22490,139,33315702,14926,50,Morning,andm_inspired_rural,ntabankulu,109.526,0.0,5.028894,5.0,1,20.0,20.0,50.0,2.0
2026-08-31 23:11:03.495549,s1,3:,128,133,14545,14568,50,Morning,andm_inspired_rural,ntabankulu,109.526,0.0,5.028894,5.0,1,20.0,20.0,50.0,2.0
2026-08-31 23:11:03.495549,s1,4:,127,133,14480,14764,50,Morning,andm_inspired_rural,ntabankulu,109.526,0.0,5.028894,5.0,1,20.0,20.0,50.0,2.0
2026-08-31 23:11:03.495549,s1,5:,125,131,14304,14413,50,Morning,andm_inspired_rural,ntabankulu,109.526,0.0,5.028894,5.0,1,20.0,20.0,50.0,2.0
2026-08-31 23:11:03.495549,s1,LOCAL:,0,0,0,0,50,Morning,andm_inspired_rural,ntabankulu,109.526,0.0,5.028894,5.0,1,20.0,20.0,50.0,2.0
2026-08-31 23:11:03.495549,s2,1:,22875,145,33972902,15667,50,Morning,andm_inspired_rural,ntabankulu,109.526,0.0,5.028894,5.0,1,20.0,20.0,50.0,2.0
2026-08-31 23:11:03.495549,s2,2:,139,22491,14926,33317192,50,Morning,andm_inspired_rural,ntabankulu,109.526,0.0,5.028894,5.0,1,20.0,20.0,50.0,2.0
2026-08-31 23:11:03.495549,s2,LOCAL:,0,0,0,0,50,Morning,andm_inspired_rural,ntabankulu,109.526,0.0,5.028894,5.0,1,20.0,20.0,50.0,2.0
2026-08-31 23:11:03.495549,s3,1:,68,137,5952,15157,50,Morning,andm_inspired_rural,ntabankulu,109.526,0.0,5.028894,5.0,1,20.0,20.0,50.0,2.0
2026-08-31 23:11:03.495549,s3,2:,133,128,14568,14545,50,Morning,andm_inspired_rural,ntabankulu,109.526,0.0,5.028894,5.0,1,20.0,20.0,50.0,2.0
2026-08-31 23:11:03.495549,s3,LOCAL:,0,0,0,0,50,Morning,andm_inspired_rural,ntabankulu,109.526,0.0,5.028894,5.0,1,20.0,20.0,50.0,2.0
2026-08-31 23:11:03.495549,s4,1:,67,136,5834,15051,50,Morning,andm_inspired_rural,ntabankulu,109.526,0.0,5.028894,5.0,1,20.0,20.0,50.0,2.0
2026-08-31 23:11:03.495549,s4,2:,133,127,14764,14480,50,Morning,andm_inspired_rural,ntabankulu,109.526,0.0,5.028894,5.0,1,20.0,20.0,50.0,2.0
2026-08-31 23:11:03.495549,s4,LOCAL:,0,0,0,0,50,Morning,andm_inspired_rural,ntabankulu,109.526,0.0,5.028894,5.0,1,20.0,20.0,50.0,2.0
2026-08-31 23:11:03.495549,s5,1:,66,136,5744,15059,50,Morning,andm_inspired_rural,ntabankulu,109.526,0.0,5.028894,5.0,1,20.0,20.0,50.0,2.0
2026-08-31 23:11:03.495549,s5,2:,131,125,14413,14304,50,Morning,andm_inspired_rural,ntabankulu,109.526,0.0,5.028894,5.0,1,20.0,20.0,50.0,2.0
2026-08-31 23:11:03.495549,s5,LOCAL:,0,0,0,0,50,Morning,andm_inspired_rural,ntabankulu,109.526,0.0,5.028894,5.0,1,20.0,20.0,50.0,2.0
2026-08-31 23:11:04.534539,s1,1:,196,22615,17846,33327313,51,Morning,andm_inspired_rural,winnie,108.401,0.0,5.081311,5.0,1,20.0,20.0,50.0,2.0
2026-08-31 23:11:04.534539,s1,2:,22490,139,33315702,14926,51,Morning,andm_inspired_rural,winnie,108.401,0.0,5.081311,5.0,1,20.0,20.0,50.0,2.0
2026-08-31 23:11:04.534539,s1,3:,128,133,14545,14568,51,Morning,andm_inspired_rural,winnie,108.401,0.0,5.081311,5.0,1,20.0,20.0,50.0,2.0
2026-08-31 23:11:04.534539,s1,4:,127,133,14480,14764,51,Morning,andm_inspired_rural,winnie,108.401,0.0,5.081311,5.0,1,20.0,20.0,50.0,2.0
2026-08-31 23:11:04.534539,s1,5:,125,131,14304,14413,51,Morning,andm_inspired_rural,winnie,108.401,0.0,5.081311,5.0,1,20.0,20.0,50.0,2.0
2026-08-31 23:11:04.534539,s1,LOCAL:,0,0,0,0,51,Morning,andm_inspired_rural,winnie,108.401,0.0,5.081311,5.0,1,20.0,20.0,50.0,2.0
2026-08-31 23:11:04.534539,s2,1:,22875,145,33972902,15667,51,Morning,andm_inspired_rural,winnie,108.401,0.0,5.081311,5.0,1,20.0,20.0,50.0,2.0
2026-08-31 23:11:04.534539,s2,2:,139,22491,14926,33317192,51,Morning,andm_inspired_rural,winnie,108.401,0.0,5.081311,5.0,1,20.0,20.0,50.0,2.0
2026-08-31 23:11:04.534539,s2,LOCAL:,0,0,0,0,51,Morning,andm_inspired_rural,winnie,108.401,0.0,5.081311,5.0,1,20.0,20.0,50.0,2.0
2026-08-31 23:11:04.534539,s3,1:,68,137,5952,15157,51,Morning,andm_inspired_rural,winnie,108.401,0.0,5.081311,5.0,1,20.0,20.0,50.0,2.0
2026-08-31 23:11:04.534539,s3,2:,133,128,14568,14545,51,Morning,andm_inspired_rural,winnie,108.401,0.0,5.081311,5.0,1,20.0,20.0,50.0,2.0
2026-08-31 23:11:04.534539,s3,LOCAL:,0,0,0,0,51,Morning,andm_inspired_rural,winnie,108.401,0.0,5.081311,5.0,1,20.0,20.0,50.0,2.0
2026-08-31 23:11:04.534539,s4,1:,67,136,5834,15051,51,Morning,andm_inspired_rural,winnie,108.401,0.0,5.081311,5.0,1,20.0,20.0,50.0,2.0
2026-08-31 23:11:04.534539,s4,2:,133,127,14764,14480,51,Morning,andm_inspired_rural,winnie,108.401,0.0,5.081311,5.0,1,20.0,20.0,50.0,2.0
2026-08-31 23:11:04.534539,s4,LOCAL:,0,0,0,0,51,Morning,andm_inspired_rural,winnie,108.401,0.0,5.081311,5.0,1,20.0,20.0,50.0,2.0
2026-08-31 23:11:04.534539,s5,1:,66,136,5744,15059,51,Morning,andm_inspired_rural,winnie,108.401,0.0,5.081311,5.0,1,20.0,20.0,50.0,2.0
2026-08-31 23:11:04.534539,s5,2:,131,125,14413,14304,51,Morning,andm_inspired_rural,winnie,108.401,0.0,5.081311,5.0,1,20.0,20.0,50.0,2.0
2026-08-31 23:11:04.534539,s5,LOCAL:,0,0,0,0,51,Morning,andm_inspired_rural,winnie,108.401,0.0,5.081311,5.0,1,20.0,20.0,50.0,2.0
2026-08-31 23:11:05.491873,s1,1:,196,22615,17846,33327313,52,Morning,andm_inspired_rural,matatiele,117.737,0.0,4.240848,5.0,1,20.0,20.0,50.0,2.0
2026-08-31 23:11:05.491873,s1,2:,22490,139,33315702,14926,52,Morning,andm_inspired_rural,matatiele,117.737,0.0,4.240848,5.0,1,20.0,20.0,50.0,2.0
2026-08-31 23:11:05.491873,s1,3:,128,133,14545,14568,52,Morning,andm_inspired_rural,matatiele,117.737,0.0,4.240848,5.0,1,20.0,20.0,50.0,2.0
2026-08-31 23:11:05.491873,s1,4:,127,133,14480,14764,52,Morning,andm_inspired_rural,matatiele,117.737,0.0,4.240848,5.0,1,20.0,20.0,50.0,2.0
2026-08-31 23:11:05.491873,s1,5:,125,131,14304,14413,52,Morning,andm_inspired_rural,matatiele,117.737,0.0,4.240848,5.0,1,20.0,20.0,50.0,2.0
2026-08-31 23:11:05.491873,s1,LOCAL:,0,0,0,0,52,Morning,andm_inspired_rural,matatiele,117.737,0.0,4.240848,5.0,1,20.0,20.0,50.0,2.0
2026-08-31 23:11:05.491873,s2,1:,22875,145,33972902,15667,52,Morning,andm_inspired_rural,matatiele,117.737,0.0,4.240848,5.0,1,20.0,20.0,50.0,2.0
2026-08-31 23:11:05.491873,s2,2:,139,22491,14926,33317192,52,Morning,andm_inspired_rural,matatiele,117.737,0.0,4.240848,5.0,1,20.0,20.0,50.0,2.0
2026-08-31 23:11:05.491873,s2,LOCAL:,0,0,0,0,52,Morning,andm_inspired_rural,matatiele,117.737,0.0,4.240848,5.0,1,20.0,20.0,50.0,2.0
2026-08-31 23:11:05.491873,s3,1:,68,137,5952,15157,52,Morning,andm_inspired_rural,matatiele,117.737,0.0,4.240848,5.0,1,20.0,20.0,50.0,2.0
2026-08-31 23:11:05.491873,s3,2:,133,128,14568,14545,52,Morning,andm_inspired_rural,matatiele,117.737,0.0,4.240848,5.0,1,20.0,20.0,50.0,2.0
2026-08-31 23:11:05.491873,s3,LOCAL:,0,0,0,0,52,Morning,andm_inspired_rural,matatiele,117.737,0.0,4.240848,5.0,1,20.0,20.0,50.0,2.0
2026-08-31 23:11:05.491873,s4,1:,67,136,5834,15051,52,Morning,andm_inspired_rural,matatiele,117.737,0.0,4.240848,5.0,1,20.0,20.0,50.0,2.0
2026-08-31 23:11:05.491873,s4,2:,133,127,14764,14480,52,Morning,andm_inspired_rural,matatiele,117.737,0.0,4.240848,5.0,1,20.0,20.0,50.0,2.0
2026-08-31 23:11:05.491873,s4,LOCAL:,0,0,0,0,52,Morning,andm_inspired_rural,matatiele,117.737,0.0,4.240848,5.0,1,20.0,20.0,50.0,2.0
2026-08-31 23:11:05.491873,s5,1:,66,136,5744,15059,52,Morning,andm_inspired_rural,matatiele,117.737,0.0,4.240848,5.0,1,20.0,20.0,50.0,2.0
2026-08-31 23:11:05.491873,s5,2:,131,125,14413,14304,52,Morning,andm_inspired_rural,matatiele,117.737,0.0,4.240848,5.0,1,20.0,20.0,50.0,2.0
2026-08-31 23:11:05.491873,s5,LOCAL:,0,0,0,0,52,Morning,andm_inspired_rural,matatiele,117.737,0.0,4.240848,5.0,1,20.0,20.0,50.0,2.0
2026-08-31 23:11:06.512067,s1,1:,196,22615,17846,33327313,53,Morning,andm_inspired_rural,umzimvubu,107.825,0.0,5.708211,5.0,1,20.0,20.0,50.0,2.0
2026-08-31 23:11:06.512067,s1,2:,22490,139,33315702,14926,53,Morning,andm_inspired_rural,umzimvubu,107.825,0.0,5.708211,5.0,1,20.0,20.0,50.0,2.0
2026-08-31 23:11:06.512067,s1,3:,128,133,14545,14568,53,Morning,andm_inspired_rural,umzimvubu,107.825,0.0,5.708211,5.0,1,20.0,20.0,50.0,2.0
2026-08-31 23:11:06.512067,s1,4:,127,133,14480,14764,53,Morning,andm_inspired_rural,umzimvubu,107.825,0.0,5.708211,5.0,1,20.0,20.0,50.0,2.0
2026-08-31 23:11:06.512067,s1,5:,125,131,14304,14413,53,Morning,andm_inspired_rural,umzimvubu,107.825,0.0,5.708211,5.0,1,20.0,20.0,50.0,2.0
2026-08-31 23:11:06.512067,s1,LOCAL:,0,0,0,0,53,Morning,andm_inspired_rural,umzimvubu,107.825,0.0,5.708211,5.0,1,20.0,20.0,50.0,2.0
2026-08-31 23:11:06.512067,s2,1:,22875,145,33972902,15667,53,Morning,andm_inspired_rural,umzimvubu,107.825,0.0,5.708211,5.0,1,20.0,20.0,50.0,2.0
2026-08-31 23:11:06.512067,s2,2:,139,22491,14926,33317192,53,Morning,andm_inspired_rural,umzimvubu,107.825,0.0,5.708211,5.0,1,20.0,20.0,50.0,2.0
2026-08-31 23:11:06.512067,s2,LOCAL:,0,0,0,0,53,Morning,andm_inspired_rural,umzimvubu,107.825,0.0,5.708211,5.0,1,20.0,20.0,50.0,2.0
2026-08-31 23:11:06.512067,s3,1:,68,137,5952,15157,53,Morning,andm_inspired_rural,umzimvubu,107.825,0.0,5.708211,5.0,1,20.0,20.0,50.0,2.0
2026-08-31 23:11:06.512067,s3,2:,133,128,14568,14545,53,Morning,andm_inspired_rural,umzimvubu,107.825,0.0,5.708211,5.0,1,20.0,20.0,50.0,2.0
2026-08-31 23:11:06.512067,s3,LOCAL:,0,0,0,0,53,Morning,andm_inspired_rural,umzimvubu,107.825,0.0,5.708211,5.0,1,20.0,20.0,50.0,2.0
2026-08-31 23:11:06.512067,s4,1:,67,136,5834,15051,53,Morning,andm_inspired_rural,umzimvubu,107.825,0.0,5.708211,5.0,1,20.0,20.0,50.0,2.0
2026-08-31 23:11:06.512067,s4,2:,133,127,14764,14480,53,Morning,andm_inspired_rural,umzimvubu,107.825,0.0,5.708211,5.0,1,20.0,20.0,50.0,2.0
2026-08-31 23:11:06.512067,s4,LOCAL:,0,0,0,0,53,Morning,andm_inspired_rural,umzimvubu,107.825,0.0,5.708211,5.0,1,20.0,20.0,50.0,2.0
2026-08-31 23:11:06.512067,s5,1:,66,136,5744,15059,53,Morning,andm_inspired_rural,umzimvubu,107.825,0.0,5.708211,5.0,1,20.0,20.0,50.0,2.0
2026-08-31 23:11:06.512067,s5,2:,131,125,14413,14304,53,Morning,andm_inspired_rural,umzimvubu,107.825,0.0,5.708211,5.0,1,20.0,20.0,50.0,2.0
2026-08-31 23:11:06.512067,s5,LOCAL:,0,0,0,0,53,Morning,andm_inspired_rural,umzimvubu,107.825,0.0,5.708211,5.0,1,20.0,20.0,50.0,2.0
2026-08-31 23:11:07.504311,s1,1:,211,24733,19316,36456849,54,Morning,andm_inspired_rural,ntabankulu,121.587,0.0,5.131681,5.0,1,20.0,20.0,50.0,2.0
2026-08-31 23:11:07.504311,s1,2:,24596,146,36444062,15776,54,Morning,andm_inspired_rural,ntabankulu,121.587,0.0,5.131681,5.0,1,20.0,20.0,50.0,2.0
2026-08-31 23:11:07.504311,s1,3:,135,140,15395,15418,54,Morning,andm_inspired_rural,ntabankulu,121.587,0.0,5.131681,5.0,1,20.0,20.0,50.0,2.0
2026-08-31 23:11:07.504311,s1,4:,137,143,15624,15908,54,Morning,andm_inspired_rural,ntabankulu,121.587,0.0,5.131681,5.0,1,20.0,20.0,50.0,2.0
2026-08-31 23:11:07.504311,s1,5:,132,138,15154,15263,54,Morning,andm_inspired_rural,ntabankulu,121.587,0.0,5.131681,5.0,1,20.0,20.0,50.0,2.0
2026-08-31 23:11:07.504311,s1,LOCAL:,0,0,0,0,54,Morning,andm_inspired_rural,ntabankulu,121.587,0.0,5.131681,5.0,1,20.0,20.0,50.0,2.0
2026-08-31 23:11:07.504311,s2,1:,25038,152,37191596,16517,54,Morning,andm_inspired_rural,ntabankulu,121.587,0.0,5.131681,5.0,1,20.0,20.0,50.0,2.0
2026-08-31 23:11:07.504311,s2,2:,146,24596,15776,36444062,54,Morning,andm_inspired_rural,ntabankulu,121.587,0.0,5.131681,5.0,1,20.0,20.0,50.0,2.0
2026-08-31 23:11:07.504311,s2,LOCAL:,0,0,0,0,54,Morning,andm_inspired_rural,ntabankulu,121.587,0.0,5.131681,5.0,1,20.0,20.0,50.0,2.0
2026-08-31 23:11:07.504311,s3,1:,71,144,6246,16007,54,Morning,andm_inspired_rural,ntabankulu,121.587,0.0,5.131681,5.0,1,20.0,20.0,50.0,2.0
2026-08-31 23:11:07.504311,s3,2:,140,135,15418,15395,54,Morning,andm_inspired_rural,ntabankulu,121.587,0.0,5.131681,5.0,1,20.0,20.0,50.0,2.0
2026-08-31 23:11:07.504311,s3,LOCAL:,0,0,0,0,54,Morning,andm_inspired_rural,ntabankulu,121.587,0.0,5.131681,5.0,1,20.0,20.0,50.0,2.0
2026-08-31 23:11:07.504311,s4,1:,73,146,6422,16195,54,Morning,andm_inspired_rural,ntabankulu,121.587,0.0,5.131681,5.0,1,20.0,20.0,50.0,2.0
2026-08-31 23:11:07.504311,s4,2:,143,137,15908,15624,54,Morning,andm_inspired_rural,ntabankulu,121.587,0.0,5.131681,5.0,1,20.0,20.0,50.0,2.0
2026-08-31 23:11:07.504311,s4,LOCAL:,0,0,0,0,54,Morning,andm_inspired_rural,ntabankulu,121.587,0.0,5.131681,5.0,1,20.0,20.0,50.0,2.0
2026-08-31 23:11:07.504311,s5,1:,69,143,6038,15909,54,Morning,andm_inspired_rural,ntabankulu,121.587,0.0,5.131681,5.0,1,20.0,20.0,50.0,2.0
2026-08-31 23:11:07.504311,s5,2:,138,132,15263,15154,54,Morning,andm_inspired_rural,ntabankulu,121.587,0.0,5.131681,5.0,1,20.0,20.0,50.0,2.0
2026-08-31 23:11:07.504311,s5,LOCAL:,0,0,0,0,54,Morning,andm_inspired_rural,ntabankulu,121.587,0.0,5.131681,5.0,1,20.0,20.0,50.0,2.0
2026-08-31 23:11:08.491156,s1,1:,211,24733,19316,36456849,55,Morning,andm_inspired_rural,winnie,110.477,0.0,4.994425,5.0,1,20.0,20.0,50.0,2.0
2026-08-31 23:11:08.491156,s1,2:,24596,146,36444062,15776,55,Morning,andm_inspired_rural,winnie,110.477,0.0,4.994425,5.0,1,20.0,20.0,50.0,2.0
2026-08-31 23:11:08.491156,s1,3:,135,140,15395,15418,55,Morning,andm_inspired_rural,winnie,110.477,0.0,4.994425,5.0,1,20.0,20.0,50.0,2.0
2026-08-31 23:11:08.491156,s1,4:,137,143,15624,15908,55,Morning,andm_inspired_rural,winnie,110.477,0.0,4.994425,5.0,1,20.0,20.0,50.0,2.0
2026-08-31 23:11:08.491156,s1,5:,132,138,15154,15263,55,Morning,andm_inspired_rural,winnie,110.477,0.0,4.994425,5.0,1,20.0,20.0,50.0,2.0
2026-08-31 23:11:08.491156,s1,LOCAL:,0,0,0,0,55,Morning,andm_inspired_rural,winnie,110.477,0.0,4.994425,5.0,1,20.0,20.0,50.0,2.0
2026-08-31 23:11:08.491156,s2,1:,25038,152,37191596,16517,55,Morning,andm_inspired_rural,winnie,110.477,0.0,4.994425,5.0,1,20.0,20.0,50.0,2.0
2026-08-31 23:11:08.491156,s2,2:,146,24596,15776,36444062,55,Morning,andm_inspired_rural,winnie,110.477,0.0,4.994425,5.0,1,20.0,20.0,50.0,2.0
2026-08-31 23:11:08.491156,s2,LOCAL:,0,0,0,0,55,Morning,andm_inspired_rural,winnie,110.477,0.0,4.994425,5.0,1,20.0,20.0,50.0,2.0
2026-08-31 23:11:08.491156,s3,1:,71,144,6246,16007,55,Morning,andm_inspired_rural,winnie,110.477,0.0,4.994425,5.0,1,20.0,20.0,50.0,2.0
2026-08-31 23:11:08.491156,s3,2:,140,135,15418,15395,55,Morning,andm_inspired_rural,winnie,110.477,0.0,4.994425,5.0,1,20.0,20.0,50.0,2.0
2026-08-31 23:11:08.491156,s3,LOCAL:,0,0,0,0,55,Morning,andm_inspired_rural,winnie,110.477,0.0,4.994425,5.0,1,20.0,20.0,50.0,2.0
2026-08-31 23:11:08.491156,s4,1:,73,146,6422,16195,55,Morning,andm_inspired_rural,winnie,110.477,0.0,4.994425,5.0,1,20.0,20.0,50.0,2.0
2026-08-31 23:11:08.491156,s4,2:,143,137,15908,15624,55,Morning,andm_inspired_rural,winnie,110.477,0.0,4.994425,5.0,1,20.0,20.0,50.0,2.0
2026-08-31 23:11:08.491156,s4,LOCAL:,0,0,0,0,55,Morning,andm_inspired_rural,winnie,110.477,0.0,4.994425,5.0,1,20.0,20.0,50.0,2.0
2026-08-31 23:11:08.491156,s5,1:,69,143,6038,15909,55,Morning,andm_inspired_rural,winnie,110.477,0.0,4.994425,5.0,1,20.0,20.0,50.0,2.0
2026-08-31 23:11:08.491156,s5,2:,138,132,15263,15154,55,Morning,andm_inspired_rural,winnie,110.477,0.0,4.994425,5.0,1,20.0,20.0,50.0,2.0
2026-08-31 23:11:08.491156,s5,LOCAL:,0,0,0,0,55,Morning,andm_inspired_rural,winnie,110.477,0.0,4.994425,5.0,1,20.0,20.0,50.0,2.0
2026-08-31 23:11:09.491285,s1,1:,211,24733,19316,36456849,56,Morning,andm_inspired_rural,matatiele,124.933,0.0,5.052692,5.0,1,20.0,20.0,50.0,2.0
2026-08-31 23:11:09.491285,s1,2:,24596,146,36444062,15776,56,Morning,andm_inspired_rural,matatiele,124.933,0.0,5.052692,5.0,1,20.0,20.0,50.0,2.0
2026-08-31 23:11:09.491285,s1,3:,135,140,15395,15418,56,Morning,andm_inspired_rural,matatiele,124.933,0.0,5.052692,5.0,1,20.0,20.0,50.0,2.0
2026-08-31 23:11:09.491285,s1,4:,137,143,15624,15908,56,Morning,andm_inspired_rural,matatiele,124.933,0.0,5.052692,5.0,1,20.0,20.0,50.0,2.0
2026-08-31 23:11:09.491285,s1,5:,132,138,15154,15263,56,Morning,andm_inspired_rural,matatiele,124.933,0.0,5.052692,5.0,1,20.0,20.0,50.0,2.0
2026-08-31 23:11:09.491285,s1,LOCAL:,0,0,0,0,56,Morning,andm_inspired_rural,matatiele,124.933,0.0,5.052692,5.0,1,20.0,20.0,50.0,2.0
2026-08-31 23:11:09.491285,s2,1:,25038,152,37191596,16517,56,Morning,andm_inspired_rural,matatiele,124.933,0.0,5.052692,5.0,1,20.0,20.0,50.0,2.0
2026-08-31 23:11:09.491285,s2,2:,146,24596,15776,36444062,56,Morning,andm_inspired_rural,matatiele,124.933,0.0,5.052692,5.0,1,20.0,20.0,50.0,2.0
2026-08-31 23:11:09.491285,s2,LOCAL:,0,0,0,0,56,Morning,andm_inspired_rural,matatiele,124.933,0.0,5.052692,5.0,1,20.0,20.0,50.0,2.0
2026-08-31 23:11:09.491285,s3,1:,71,144,6246,16007,56,Morning,andm_inspired_rural,matatiele,124.933,0.0,5.052692,5.0,1,20.0,20.0,50.0,2.0
2026-08-31 23:11:09.491285,s3,2:,140,135,15418,15395,56,Morning,andm_inspired_rural,matatiele,124.933,0.0,5.052692,5.0,1,20.0,20.0,50.0,2.0
2026-08-31 23:11:09.491285,s3,LOCAL:,0,0,0,0,56,Morning,andm_inspired_rural,matatiele,124.933,0.0,5.052692,5.0,1,20.0,20.0,50.0,2.0
2026-08-31 23:11:09.491285,s4,1:,73,146,6422,16195,56,Morning,andm_inspired_rural,matatiele,124.933,0.0,5.052692,5.0,1,20.0,20.0,50.0,2.0
2026-08-31 23:11:09.491285,s4,2:,143,137,15908,15624,56,Morning,andm_inspired_rural,matatiele,124.933,0.0,5.052692,5.0,1,20.0,20.0,50.0,2.0
2026-08-31 23:11:09.491285,s4,LOCAL:,0,0,0,0,56,Morning,andm_inspired_rural,matatiele,124.933,0.0,5.052692,5.0,1,20.0,20.0,50.0,2.0
2026-08-31 23:11:09.491285,s5,1:,69,143,6038,15909,56,Morning,andm_inspired_rural,matatiele,124.933,0.0,5.052692,5.0,1,20.0,20.0,50.0,2.0
2026-08-31 23:11:09.491285,s5,2:,138,132,15263,15154,56,Morning,andm_inspired_rural,matatiele,124.933,0.0,5.052692,5.0,1,20.0,20.0,50.0,2.0
2026-08-31 23:11:09.491285,s5,LOCAL:,0,0,0,0,56,Morning,andm_inspired_rural,matatiele,124.933,0.0,5.052692,5.0,1,20.0,20.0,50.0,2.0
2026-08-31 23:11:10.511189,s1,1:,211,24733,19316,36456849,57,Morning,andm_inspired_rural,umzimvubu,110.518,0.0,5.050846,5.0,1,20.0,20.0,50.0,2.0
2026-08-31 23:11:10.511189,s1,2:,24596,146,36444062,15776,57,Morning,andm_inspired_rural,umzimvubu,110.518,0.0,5.050846,5.0,1,20.0,20.0,50.0,2.0
2026-08-31 23:11:10.511189,s1,3:,135,140,15395,15418,57,Morning,andm_inspired_rural,umzimvubu,110.518,0.0,5.050846,5.0,1,20.0,20.0,50.0,2.0
2026-08-31 23:11:10.511189,s1,4:,137,143,15624,15908,57,Morning,andm_inspired_rural,umzimvubu,110.518,0.0,5.050846,5.0,1,20.0,20.0,50.0,2.0
2026-08-31 23:11:10.511189,s1,5:,132,138,15154,15263,57,Morning,andm_inspired_rural,umzimvubu,110.518,0.0,5.050846,5.0,1,20.0,20.0,50.0,2.0
2026-08-31 23:11:10.511189,s1,LOCAL:,0,0,0,0,57,Morning,andm_inspired_rural,umzimvubu,110.518,0.0,5.050846,5.0,1,20.0,20.0,50.0,2.0
2026-08-31 23:11:10.511189,s2,1:,25038,152,37191596,16517,57,Morning,andm_inspired_rural,umzimvubu,110.518,0.0,5.050846,5.0,1,20.0,20.0,50.0,2.0
2026-08-31 23:11:10.511189,s2,2:,146,24596,15776,36444062,57,Morning,andm_inspired_rural,umzimvubu,110.518,0.0,5.050846,5.0,1,20.0,20.0,50.0,2.0
2026-08-31 23:11:10.511189,s2,LOCAL:,0,0,0,0,57,Morning,andm_inspired_rural,umzimvubu,110.518,0.0,5.050846,5.0,1,20.0,20.0,50.0,2.0
2026-08-31 23:11:10.511189,s3,1:,71,144,6246,16007,57,Morning,andm_inspired_rural,umzimvubu,110.518,0.0,5.050846,5.0,1,20.0,20.0,50.0,2.0
2026-08-31 23:11:10.511189,s3,2:,140,135,15418,15395,57,Morning,andm_inspired_rural,umzimvubu,110.518,0.0,5.050846,5.0,1,20.0,20.0,50.0,2.0
2026-08-31 23:11:10.511189,s3,LOCAL:,0,0,0,0,57,Morning,andm_inspired_rural,umzimvubu,110.518,0.0,5.050846,5.0,1,20.0,20.0,50.0,2.0
2026-08-31 23:11:10.511189,s4,1:,73,146,6422,16195,57,Morning,andm_inspired_rural,umzimvubu,110.518,0.0,5.050846,5.0,1,20.0,20.0,50.0,2.0
2026-08-31 23:11:10.511189,s4,2:,143,137,15908,15624,57,Morning,andm_inspired_rural,umzimvubu,110.518,0.0,5.050846,5.0,1,20.0,20.0,50.0,2.0
2026-08-31 23:11:10.511189,s4,LOCAL:,0,0,0,0,57,Morning,andm_inspired_rural,umzimvubu,110.518,0.0,5.050846,5.0,1,20.0,20.0,50.0,2.0
2026-08-31 23:11:10.511189,s5,1:,69,143,6038,15909,57,Morning,andm_inspired_rural,umzimvubu,110.518,0.0,5.050846,5.0,1,20.0,20.0,50.0,2.0
2026-08-31 23:11:10.511189,s5,2:,138,132,15263,15154,57,Morning,andm_inspired_rural,umzimvubu,110.518,0.0,5.050846,5.0,1,20.0,20.0,50.0,2.0
2026-08-31 23:11:10.511189,s5,LOCAL:,0,0,0,0,57,Morning,andm_inspired_rural,umzimvubu,110.518,0.0,5.050846,5.0,1,20.0,20.0,50.0,2.0
2026-08-31 23:11:11.494376,s1,1:,211,24733,19316,36456849,58,Morning,andm_inspired_rural,ntabankulu,135.301,0.0,5.101293,5.0,1,20.0,20.0,50.0,2.0
2026-08-31 23:11:11.494376,s1,2:,24596,146,36444062,15776,58,Morning,andm_inspired_rural,ntabankulu,135.301,0.0,5.101293,5.0,1,20.0,20.0,50.0,2.0
2026-08-31 23:11:11.494376,s1,3:,135,140,15395,15418,58,Morning,andm_inspired_rural,ntabankulu,135.301,0.0,5.101293,5.0,1,20.0,20.0,50.0,2.0
2026-08-31 23:11:11.494376,s1,4:,137,143,15624,15908,58,Morning,andm_inspired_rural,ntabankulu,135.301,0.0,5.101293,5.0,1,20.0,20.0,50.0,2.0
2026-08-31 23:11:11.494376,s1,5:,132,138,15154,15263,58,Morning,andm_inspired_rural,ntabankulu,135.301,0.0,5.101293,5.0,1,20.0,20.0,50.0,2.0
2026-08-31 23:11:11.494376,s1,LOCAL:,0,0,0,0,58,Morning,andm_inspired_rural,ntabankulu,135.301,0.0,5.101293,5.0,1,20.0,20.0,50.0,2.0
2026-08-31 23:11:11.494376,s2,1:,25038,152,37191596,16517,58,Morning,andm_inspired_rural,ntabankulu,135.301,0.0,5.101293,5.0,1,20.0,20.0,50.0,2.0
2026-08-31 23:11:11.494376,s2,2:,146,24596,15776,36444062,58,Morning,andm_inspired_rural,ntabankulu,135.301,0.0,5.101293,5.0,1,20.0,20.0,50.0,2.0
2026-08-31 23:11:11.494376,s2,LOCAL:,0,0,0,0,58,Morning,andm_inspired_rural,ntabankulu,135.301,0.0,5.101293,5.0,1,20.0,20.0,50.0,2.0
2026-08-31 23:11:11.494376,s3,1:,71,144,6246,16007,58,Morning,andm_inspired_rural,ntabankulu,135.301,0.0,5.101293,5.0,1,20.0,20.0,50.0,2.0
2026-08-31 23:11:11.494376,s3,2:,140,135,15418,15395,58,Morning,andm_inspired_rural,ntabankulu,135.301,0.0,5.101293,5.0,1,20.0,20.0,50.0,2.0
2026-08-31 23:11:11.494376,s3,LOCAL:,0,0,0,0,58,Morning,andm_inspired_rural,ntabankulu,135.301,0.0,5.101293,5.0,1,20.0,20.0,50.0,2.0
2026-08-31 23:11:11.494376,s4,1:,73,146,6422,16195,58,Morning,andm_inspired_rural,ntabankulu,135.301,0.0,5.101293,5.0,1,20.0,20.0,50.0,2.0
2026-08-31 23:11:11.494376,s4,2:,143,137,15908,15624,58,Morning,andm_inspired_rural,ntabankulu,135.301,0.0,5.101293,5.0,1,20.0,20.0,50.0,2.0
2026-08-31 23:11:11.494376,s4,LOCAL:,0,0,0,0,58,Morning,andm_inspired_rural,ntabankulu,135.301,0.0,5.101293,5.0,1,20.0,20.0,50.0,2.0
2026-08-31 23:11:11.494376,s5,1:,69,143,6038,15909,58,Morning,andm_inspired_rural,ntabankulu,135.301,0.0,5.101293,5.0,1,20.0,20.0,50.0,2.0
2026-08-31 23:11:11.494376,s5,2:,138,132,15263,15154,58,Morning,andm_inspired_rural,ntabankulu,135.301,0.0,5.101293,5.0,1,20.0,20.0,50.0,2.0
2026-08-31 23:11:11.494376,s5,LOCAL:,0,0,0,0,58,Morning,andm_inspired_rural,ntabankulu,135.301,0.0,5.101293,5.0,1,20.0,20.0,50.0,2.0
2026-08-31 23:11:12.494794,s1,1:,226,26887,20786,39642727,59,Morning,andm_inspired_rural,winnie,111.117,0.0,4.970571,5.0,1,20.0,20.0,50.0,2.0
2026-08-31 23:11:12.494794,s1,2:,26738,151,39628764,16348,59,Morning,andm_inspired_rural,winnie,111.117,0.0,4.970571,5.0,1,20.0,20.0,50.0,2.0
2026-08-31 23:11:12.494794,s1,3:,140,145,15967,15990,59,Morning,andm_inspired_rural,winnie,111.117,0.0,4.970571,5.0,1,20.0,20.0,50.0,2.0
2026-08-31 23:11:12.494794,s1,4:,142,148,16196,16480,59,Morning,andm_inspired_rural,winnie,111.117,0.0,4.970571,5.0,1,20.0,20.0,50.0,2.0
2026-08-31 23:11:12.494794,s1,5:,140,146,16020,16129,59,Morning,andm_inspired_rural,winnie,111.117,0.0,4.970571,5.0,1,20.0,20.0,50.0,2.0
2026-08-31 23:11:12.494794,s1,LOCAL:,0,0,0,0,59,Morning,andm_inspired_rural,winnie,111.117,0.0,4.970571,5.0,1,20.0,20.0,50.0,2.0
2026-08-31 23:11:12.494794,s2,1:,27201,157,40410290,17089,59,Morning,andm_inspired_rural,winnie,111.117,0.0,4.970571,5.0,1,20.0,20.0,50.0,2.0
2026-08-31 23:11:12.494794,s2,2:,151,26738,16348,39628764,59,Morning,andm_inspired_rural,winnie,111.117,0.0,4.970571,5.0,1,20.0,20.0,50.0,2.0
2026-08-31 23:11:12.494794,s2,LOCAL:,0,0,0,0,59,Morning,andm_inspired_rural,winnie,111.117,0.0,4.970571,5.0,1,20.0,20.0,50.0,2.0
2026-08-31 23:11:12.494794,s3,1:,74,149,6540,16579,59,Morning,andm_inspired_rural,winnie,111.117,0.0,4.970571,5.0,1,20.0,20.0,50.0,2.0
2026-08-31 23:11:12.494794,s3,2:,145,140,15990,15967,59,Morning,andm_inspired_rural,winnie,111.117,0.0,4.970571,5.0,1,20.0,20.0,50.0,2.0
2026-08-31 23:11:12.494794,s3,LOCAL:,0,0,0,0,59,Morning,andm_inspired_rural,winnie,111.117,0.0,4.970571,5.0,1,20.0,20.0,50.0,2.0
2026-08-31 23:11:12.494794,s4,1:,76,151,6716,16767,59,Morning,andm_inspired_rural,winnie,111.117,0.0,4.970571,5.0,1,20.0,20.0,50.0,2.0
2026-08-31 23:11:12.494794,s4,2:,148,142,16480,16196,59,Morning,andm_inspired_rural,winnie,111.117,0.0,4.970571,5.0,1,20.0,20.0,50.0,2.0
2026-08-31 23:11:12.494794,s4,LOCAL:,0,0,0,0,59,Morning,andm_inspired_rural,winnie,111.117,0.0,4.970571,5.0,1,20.0,20.0,50.0,2.0
2026-08-31 23:11:12.494794,s5,1:,75,151,6626,16775,59,Morning,andm_inspired_rural,winnie,111.117,0.0,4.970571,5.0,1,20.0,20.0,50.0,2.0
2026-08-31 23:11:12.494794,s5,2:,146,140,16129,16020,59,Morning,andm_inspired_rural,winnie,111.117,0.0,4.970571,5.0,1,20.0,20.0,50.0,2.0
2026-08-31 23:11:12.494794,s5,LOCAL:,0,0,0,0,59,Morning,andm_inspired_rural,winnie,111.117,0.0,4.970571,5.0,1,20.0,20.0,50.0,2.0
2026-08-31 23:11:24.612829,s1,1:,254,29967,25717,44189908,60,Afternoon,andm_inspired_rural,matatiele,,100.0,15.456766,30.0,2,20.0,20.0,50.0,2.0
2026-08-31 23:11:24.612829,s1,2:,29805,176,44172102,21622,60,Afternoon,andm_inspired_rural,matatiele,,100.0,15.456766,30.0,2,20.0,20.0,50.0,2.0
2026-08-31 23:11:24.612829,s1,3:,148,153,17079,17102,60,Afternoon,andm_inspired_rural,matatiele,,100.0,15.456766,30.0,2,20.0,20.0,50.0,2.0
2026-08-31 23:11:24.612829,s1,4:,151,157,17350,17634,60,Afternoon,andm_inspired_rural,matatiele,,100.0,15.456766,30.0,2,20.0,20.0,50.0,2.0
2026-08-31 23:11:24.612829,s1,5:,2449,163,3432894,17829,60,Afternoon,andm_inspired_rural,matatiele,,100.0,15.456766,30.0,2,20.0,20.0,50.0,2.0
2026-08-31 23:11:24.612829,s1,LOCAL:,0,0,0,0,60,Afternoon,andm_inspired_rural,matatiele,,100.0,15.456766,30.0,2,20.0,20.0,50.0,2.0
2026-08-31 23:11:24.612829,s2,1:,31468,183,46749734,22502,60,Afternoon,andm_inspired_rural,matatiele,,100.0,15.456766,30.0,2,20.0,20.0,50.0,2.0
2026-08-31 23:11:24.612829,s2,2:,176,29806,21622,44173592,60,Afternoon,andm_inspired_rural,matatiele,,100.0,15.456766,30.0,2,20.0,20.0,50.0,2.0
2026-08-31 23:11:24.612829,s2,LOCAL:,0,0,0,0,60,Afternoon,andm_inspired_rural,matatiele,,100.0,15.456766,30.0,2,20.0,20.0,50.0,2.0
2026-08-31 23:11:24.612829,s3,1:,74,157,6540,17691,60,Afternoon,andm_inspired_rural,matatiele,,100.0,15.456766,30.0,2,20.0,20.0,50.0,2.0
2026-08-31 23:11:24.612829,s3,2:,153,148,17102,17079,60,Afternoon,andm_inspired_rural,matatiele,,100.0,15.456766,30.0,2,20.0,20.0,50.0,2.0
2026-08-31 23:11:24.612829,s3,LOCAL:,0,0,0,0,60,Afternoon,andm_inspired_rural,matatiele,,100.0,15.456766,30.0,2,20.0,20.0,50.0,2.0
2026-08-31 23:11:24.612829,s4,1:,77,160,6758,17921,60,Afternoon,andm_inspired_rural,matatiele,,100.0,15.456766,30.0,2,20.0,20.0,50.0,2.0
2026-08-31 23:11:24.612829,s4,2:,157,151,17634,17350,60,Afternoon,andm_inspired_rural,matatiele,,100.0,15.456766,30.0,2,20.0,20.0,50.0,2.0
2026-08-31 23:11:24.612829,s4,LOCAL:,0,0,0,0,60,Afternoon,andm_inspired_rural,matatiele,,100.0,15.456766,30.0,2,20.0,20.0,50.0,2.0
2026-08-31 23:11:24.612829,s5,1:,2551,168,3681787,18475,60,Afternoon,andm_inspired_rural,matatiele,,100.0,15.456766,30.0,2,20.0,20.0,50.0,2.0
2026-08-31 23:11:24.612829,s5,2:,163,2449,17829,3432894,60,Afternoon,andm_inspired_rural,matatiele,,100.0,15.456766,30.0,2,20.0,20.0,50.0,2.0
2026-08-31 23:11:24.612829,s5,LOCAL:,0,0,0,0,60,Afternoon,andm_inspired_rural,matatiele,,100.0,15.456766,30.0,2,20.0,20.0,50.0,2.0
2026-08-31 23:11:25.851909,s1,1:,254,29967,25717,44189908,61,Afternoon,andm_inspired_rural,umzimvubu,826.896,66.6667,17.847198,30.0,2,20.0,20.0,50.0,2.0
2026-08-31 23:11:25.851909,s1,2:,29805,176,44172102,21622,61,Afternoon,andm_inspired_rural,umzimvubu,826.896,66.6667,17.847198,30.0,2,20.0,20.0,50.0,2.0
2026-08-31 23:11:25.851909,s1,3:,148,153,17079,17102,61,Afternoon,andm_inspired_rural,umzimvubu,826.896,66.6667,17.847198,30.0,2,20.0,20.0,50.0,2.0
2026-08-31 23:11:25.851909,s1,4:,151,157,17350,17634,61,Afternoon,andm_inspired_rural,umzimvubu,826.896,66.6667,17.847198,30.0,2,20.0,20.0,50.0,2.0
2026-08-31 23:11:25.851909,s1,5:,2449,163,3432894,17829,61,Afternoon,andm_inspired_rural,umzimvubu,826.896,66.6667,17.847198,30.0,2,20.0,20.0,50.0,2.0
2026-08-31 23:11:25.851909,s1,LOCAL:,0,0,0,0,61,Afternoon,andm_inspired_rural,umzimvubu,826.896,66.6667,17.847198,30.0,2,20.0,20.0,50.0,2.0
2026-08-31 23:11:25.851909,s2,1:,31468,183,46749734,22502,61,Afternoon,andm_inspired_rural,umzimvubu,826.896,66.6667,17.847198,30.0,2,20.0,20.0,50.0,2.0
2026-08-31 23:11:25.851909,s2,2:,176,29806,21622,44173592,61,Afternoon,andm_inspired_rural,umzimvubu,826.896,66.6667,17.847198,30.0,2,20.0,20.0,50.0,2.0
2026-08-31 23:11:25.851909,s2,LOCAL:,0,0,0,0,61,Afternoon,andm_inspired_rural,umzimvubu,826.896,66.6667,17.847198,30.0,2,20.0,20.0,50.0,2.0
2026-08-31 23:11:25.851909,s3,1:,74,157,6540,17691,61,Afternoon,andm_inspired_rural,umzimvubu,826.896,66.6667,17.847198,30.0,2,20.0,20.0,50.0,2.0
2026-08-31 23:11:25.851909,s3,2:,153,148,17102,17079,61,Afternoon,andm_inspired_rural,umzimvubu,826.896,66.6667,17.847198,30.0,2,20.0,20.0,50.0,2.0
2026-08-31 23:11:25.851909,s3,LOCAL:,0,0,0,0,61,Afternoon,andm_inspired_rural,umzimvubu,826.896,66.6667,17.847198,30.0,2,20.0,20.0,50.0,2.0
2026-08-31 23:11:25.851909,s4,1:,77,160,6758,17921,61,Afternoon,andm_inspired_rural,umzimvubu,826.896,66.6667,17.847198,30.0,2,20.0,20.0,50.0,2.0
2026-08-31 23:11:25.851909,s4,2:,157,151,17634,17350,61,Afternoon,andm_inspired_rural,umzimvubu,826.896,66.6667,17.847198,30.0,2,20.0,20.0,50.0,2.0
2026-08-31 23:11:25.851909,s4,LOCAL:,0,0,0,0,61,Afternoon,andm_inspired_rural,umzimvubu,826.896,66.6667,17.847198,30.0,2,20.0,20.0,50.0,2.0
2026-08-31 23:11:25.851909,s5,1:,2551,168,3681787,18475,61,Afternoon,andm_inspired_rural,umzimvubu,826.896,66.6667,17.847198,30.0,2,20.0,20.0,50.0,2.0
2026-08-31 23:11:25.851909,s5,2:,163,2449,17829,3432894,61,Afternoon,andm_inspired_rural,umzimvubu,826.896,66.6667,17.847198,30.0,2,20.0,20.0,50.0,2.0
2026-08-31 23:11:25.851909,s5,LOCAL:,0,0,0,0,61,Afternoon,andm_inspired_rural,umzimvubu,826.896,66.6667,17.847198,30.0,2,20.0,20.0,50.0,2.0
2026-08-31 23:11:27.078441,s1,1:,254,29967,25717,44189908,62,Afternoon,andm_inspired_rural,ntabankulu,841.616,66.6667,17.843905,30.0,2,20.0,20.0,50.0,2.0
2026-08-31 23:11:27.078441,s1,2:,29805,176,44172102,21622,62,Afternoon,andm_inspired_rural,ntabankulu,841.616,66.6667,17.843905,30.0,2,20.0,20.0,50.0,2.0
2026-08-31 23:11:27.078441,s1,3:,148,153,17079,17102,62,Afternoon,andm_inspired_rural,ntabankulu,841.616,66.6667,17.843905,30.0,2,20.0,20.0,50.0,2.0
2026-08-31 23:11:27.078441,s1,4:,151,157,17350,17634,62,Afternoon,andm_inspired_rural,ntabankulu,841.616,66.6667,17.843905,30.0,2,20.0,20.0,50.0,2.0
2026-08-31 23:11:27.078441,s1,5:,2449,163,3432894,17829,62,Afternoon,andm_inspired_rural,ntabankulu,841.616,66.6667,17.843905,30.0,2,20.0,20.0,50.0,2.0
2026-08-31 23:11:27.078441,s1,LOCAL:,0,0,0,0,62,Afternoon,andm_inspired_rural,ntabankulu,841.616,66.6667,17.843905,30.0,2,20.0,20.0,50.0,2.0
2026-08-31 23:11:27.078441,s2,1:,31468,183,46749734,22502,62,Afternoon,andm_inspired_rural,ntabankulu,841.616,66.6667,17.843905,30.0,2,20.0,20.0,50.0,2.0
2026-08-31 23:11:27.078441,s2,2:,176,29806,21622,44173592,62,Afternoon,andm_inspired_rural,ntabankulu,841.616,66.6667,17.843905,30.0,2,20.0,20.0,50.0,2.0
2026-08-31 23:11:27.078441,s2,LOCAL:,0,0,0,0,62,Afternoon,andm_inspired_rural,ntabankulu,841.616,66.6667,17.843905,30.0,2,20.0,20.0,50.0,2.0
2026-08-31 23:11:27.078441,s3,1:,74,157,6540,17691,62,Afternoon,andm_inspired_rural,ntabankulu,841.616,66.6667,17.843905,30.0,2,20.0,20.0,50.0,2.0
2026-08-31 23:11:27.078441,s3,2:,153,148,17102,17079,62,Afternoon,andm_inspired_rural,ntabankulu,841.616,66.6667,17.843905,30.0,2,20.0,20.0,50.0,2.0
2026-08-31 23:11:27.078441,s3,LOCAL:,0,0,0,0,62,Afternoon,andm_inspired_rural,ntabankulu,841.616,66.6667,17.843905,30.0,2,20.0,20.0,50.0,2.0
2026-08-31 23:11:27.078441,s4,1:,77,160,6758,17921,62,Afternoon,andm_inspired_rural,ntabankulu,841.616,66.6667,17.843905,30.0,2,20.0,20.0,50.0,2.0
2026-08-31 23:11:27.078441,s4,2:,157,151,17634,17350,62,Afternoon,andm_inspired_rural,ntabankulu,841.616,66.6667,17.843905,30.0,2,20.0,20.0,50.0,2.0
2026-08-31 23:11:27.078441,s4,LOCAL:,0,0,0,0,62,Afternoon,andm_inspired_rural,ntabankulu,841.616,66.6667,17.843905,30.0,2,20.0,20.0,50.0,2.0
2026-08-31 23:11:27.078441,s5,1:,2551,168,3681787,18475,62,Afternoon,andm_inspired_rural,ntabankulu,841.616,66.6667,17.843905,30.0,2,20.0,20.0,50.0,2.0
2026-08-31 23:11:27.078441,s5,2:,163,2449,17829,3432894,62,Afternoon,andm_inspired_rural,ntabankulu,841.616,66.6667,17.843905,30.0,2,20.0,20.0,50.0,2.0
2026-08-31 23:11:27.078441,s5,LOCAL:,0,0,0,0,62,Afternoon,andm_inspired_rural,ntabankulu,841.616,66.6667,17.843905,30.0,2,20.0,20.0,50.0,2.0
2026-08-31 23:11:28.312779,s1,1:,256,37064,25913,54760303,63,Afternoon,andm_inspired_rural,winnie,,100.0,16.866399,30.0,2,20.0,20.0,50.0,2.0
2026-08-31 23:11:28.312779,s1,2:,36903,178,54738542,21900,63,Afternoon,andm_inspired_rural,winnie,,100.0,16.866399,30.0,2,20.0,20.0,50.0,2.0
2026-08-31 23:11:28.312779,s1,3:,152,156,17553,17478,63,Afternoon,andm_inspired_rural,winnie,,100.0,16.866399,30.0,2,20.0,20.0,50.0,2.0
2026-08-31 23:11:28.312779,s1,4:,156,159,17922,17871,63,Afternoon,andm_inspired_rural,winnie,,100.0,16.866399,30.0,2,20.0,20.0,50.0,2.0
2026-08-31 23:11:28.312779,s1,5:,8855,165,12973740,18107,63,Afternoon,andm_inspired_rural,winnie,,100.0,16.866399,30.0,2,20.0,20.0,50.0,2.0
2026-08-31 23:11:28.312779,s1,LOCAL:,0,0,0,0,63,Afternoon,andm_inspired_rural,winnie,,100.0,16.866399,30.0,2,20.0,20.0,50.0,2.0
2026-08-31 23:11:28.312779,s2,1:,37936,185,56382878,22780,63,Afternoon,andm_inspired_rural,winnie,,100.0,16.866399,30.0,2,20.0,20.0,50.0,2.0
2026-08-31 23:11:28.312779,s2,2:,178,36903,21900,54738542,63,Afternoon,andm_inspired_rural,winnie,,100.0,16.866399,30.0,2,20.0,20.0,50.0,2.0
2026-08-31 23:11:28.312779,s2,LOCAL:,0,0,0,0,63,Afternoon,andm_inspired_rural,winnie,,100.0,16.866399,30.0,2,20.0,20.0,50.0,2.0
2026-08-31 23:11:28.312779,s3,1:,77,160,6834,18067,63,Afternoon,andm_inspired_rural,winnie,,100.0,16.866399,30.0,2,20.0,20.0,50.0,2.0
2026-08-31 23:11:28.312779,s3,2:,156,152,17478,17553,63,Afternoon,andm_inspired_rural,winnie,,100.0,16.866399,30.0,2,20.0,20.0,50.0,2.0
2026-08-31 23:11:28.312779,s3,LOCAL:,0,0,0,0,63,Afternoon,andm_inspired_rural,winnie,,100.0,16.866399,30.0,2,20.0,20.0,50.0,2.0
2026-08-31 23:11:28.312779,s4,1:,80,163,7052,18297,63,Afternoon,andm_inspired_rural,winnie,,100.0,16.866399,30.0,2,20.0,20.0,50.0,2.0
2026-08-31 23:11:28.312779,s4,2:,159,156,17871,17922,63,Afternoon,andm_inspired_rural,winnie,,100.0,16.866399,30.0,2,20.0,20.0,50.0,2.0
2026-08-31 23:11:28.312779,s4,LOCAL:,0,0,0,0,63,Afternoon,andm_inspired_rural,winnie,,100.0,16.866399,30.0,2,20.0,20.0,50.0,2.0
2026-08-31 23:11:28.312779,s5,1:,9029,170,13331223,18753,63,Afternoon,andm_inspired_rural,winnie,,100.0,16.866399,30.0,2,20.0,20.0,50.0,2.0
2026-08-31 23:11:28.312779,s5,2:,165,8855,18107,12973740,63,Afternoon,andm_inspired_rural,winnie,,100.0,16.866399,30.0,2,20.0,20.0,50.0,2.0
2026-08-31 23:11:28.312779,s5,LOCAL:,0,0,0,0,63,Afternoon,andm_inspired_rural,winnie,,100.0,16.866399,30.0,2,20.0,20.0,50.0,2.0
2026-08-31 23:11:29.346277,s1,1:,256,37064,25913,54760303,64,Afternoon,andm_inspired_rural,matatiele,814.086,0.0,17.331233,30.0,2,20.0,20.0,50.0,2.0
2026-08-31 23:11:29.346277,s1,2:,36903,178,54738542,21900,64,Afternoon,andm_inspired_rural,matatiele,814.086,0.0,17.331233,30.0,2,20.0,20.0,50.0,2.0
2026-08-31 23:11:29.346277,s1,3:,152,156,17553,17478,64,Afternoon,andm_inspired_rural,matatiele,814.086,0.0,17.331233,30.0,2,20.0,20.0,50.0,2.0
2026-08-31 23:11:29.346277,s1,4:,156,159,17922,17871,64,Afternoon,andm_inspired_rural,matatiele,814.086,0.0,17.331233,30.0,2,20.0,20.0,50.0,2.0
2026-08-31 23:11:29.346277,s1,5:,8855,165,12973740,18107,64,Afternoon,andm_inspired_rural,matatiele,814.086,0.0,17.331233,30.0,2,20.0,20.0,50.0,2.0
2026-08-31 23:11:29.346277,s1,LOCAL:,0,0,0,0,64,Afternoon,andm_inspired_rural,matatiele,814.086,0.0,17.331233,30.0,2,20.0,20.0,50.0,2.0
2026-08-31 23:11:29.346277,s2,1:,37936,185,56382878,22780,64,Afternoon,andm_inspired_rural,matatiele,814.086,0.0,17.331233,30.0,2,20.0,20.0,50.0,2.0
2026-08-31 23:11:29.346277,s2,2:,178,36903,21900,54738542,64,Afternoon,andm_inspired_rural,matatiele,814.086,0.0,17.331233,30.0,2,20.0,20.0,50.0,2.0
2026-08-31 23:11:29.346277,s2,LOCAL:,0,0,0,0,64,Afternoon,andm_inspired_rural,matatiele,814.086,0.0,17.331233,30.0,2,20.0,20.0,50.0,2.0
2026-08-31 23:11:29.346277,s3,1:,77,160,6834,18067,64,Afternoon,andm_inspired_rural,matatiele,814.086,0.0,17.331233,30.0,2,20.0,20.0,50.0,2.0
2026-08-31 23:11:29.346277,s3,2:,156,152,17478,17553,64,Afternoon,andm_inspired_rural,matatiele,814.086,0.0,17.331233,30.0,2,20.0,20.0,50.0,2.0
2026-08-31 23:11:29.346277,s3,LOCAL:,0,0,0,0,64,Afternoon,andm_inspired_rural,matatiele,814.086,0.0,17.331233,30.0,2,20.0,20.0,50.0,2.0
2026-08-31 23:11:29.346277,s4,1:,80,163,7052,18297,64,Afternoon,andm_inspired_rural,matatiele,814.086,0.0,17.331233,30.0,2,20.0,20.0,50.0,2.0
2026-08-31 23:11:29.346277,s4,2:,159,156,17871,17922,64,Afternoon,andm_inspired_rural,matatiele,814.086,0.0,17.331233,30.0,2,20.0,20.0,50.0,2.0
2026-08-31 23:11:29.346277,s4,LOCAL:,0,0,0,0,64,Afternoon,andm_inspired_rural,matatiele,814.086,0.0,17.331233,30.0,2,20.0,20.0,50.0,2.0
2026-08-31 23:11:29.346277,s5,1:,9029,170,13331223,18753,64,Afternoon,andm_inspired_rural,matatiele,814.086,0.0,17.331233,30.0,2,20.0,20.0,50.0,2.0
2026-08-31 23:11:29.346277,s5,2:,165,8855,18107,12973740,64,Afternoon,andm_inspired_rural,matatiele,814.086,0.0,17.331233,30.0,2,20.0,20.0,50.0,2.0
2026-08-31 23:11:29.346277,s5,LOCAL:,0,0,0,0,64,Afternoon,andm_inspired_rural,matatiele,814.086,0.0,17.331233,30.0,2,20.0,20.0,50.0,2.0
2026-08-31 23:11:30.583741,s1,1:,256,37064,25913,54760303,65,Afternoon,andm_inspired_rural,umzimvubu,815.474,33.3333,17.034416,30.0,2,20.0,20.0,50.0,2.0
2026-08-31 23:11:30.583741,s1,2:,36903,178,54738542,21900,65,Afternoon,andm_inspired_rural,umzimvubu,815.474,33.3333,17.034416,30.0,2,20.0,20.0,50.0,2.0
2026-08-31 23:11:30.583741,s1,3:,152,156,17553,17478,65,Afternoon,andm_inspired_rural,umzimvubu,815.474,33.3333,17.034416,30.0,2,20.0,20.0,50.0,2.0
2026-08-31 23:11:30.583741,s1,4:,156,159,17922,17871,65,Afternoon,andm_inspired_rural,umzimvubu,815.474,33.3333,17.034416,30.0,2,20.0,20.0,50.0,2.0
2026-08-31 23:11:30.583741,s1,5:,8855,165,12973740,18107,65,Afternoon,andm_inspired_rural,umzimvubu,815.474,33.3333,17.034416,30.0,2,20.0,20.0,50.0,2.0
2026-08-31 23:11:30.583741,s1,LOCAL:,0,0,0,0,65,Afternoon,andm_inspired_rural,umzimvubu,815.474,33.3333,17.034416,30.0,2,20.0,20.0,50.0,2.0
2026-08-31 23:11:30.583741,s2,1:,37936,185,56382878,22780,65,Afternoon,andm_inspired_rural,umzimvubu,815.474,33.3333,17.034416,30.0,2,20.0,20.0,50.0,2.0
2026-08-31 23:11:30.583741,s2,2:,178,36903,21900,54738542,65,Afternoon,andm_inspired_rural,umzimvubu,815.474,33.3333,17.034416,30.0,2,20.0,20.0,50.0,2.0
2026-08-31 23:11:30.583741,s2,LOCAL:,0,0,0,0,65,Afternoon,andm_inspired_rural,umzimvubu,815.474,33.3333,17.034416,30.0,2,20.0,20.0,50.0,2.0
2026-08-31 23:11:30.583741,s3,1:,77,160,6834,18067,65,Afternoon,andm_inspired_rural,umzimvubu,815.474,33.3333,17.034416,30.0,2,20.0,20.0,50.0,2.0
2026-08-31 23:11:30.583741,s3,2:,156,152,17478,17553,65,Afternoon,andm_inspired_rural,umzimvubu,815.474,33.3333,17.034416,30.0,2,20.0,20.0,50.0,2.0
2026-08-31 23:11:30.583741,s3,LOCAL:,0,0,0,0,65,Afternoon,andm_inspired_rural,umzimvubu,815.474,33.3333,17.034416,30.0,2,20.0,20.0,50.0,2.0
2026-08-31 23:11:30.583741,s4,1:,80,163,7052,18297,65,Afternoon,andm_inspired_rural,umzimvubu,815.474,33.3333,17.034416,30.0,2,20.0,20.0,50.0,2.0
2026-08-31 23:11:30.583741,s4,2:,159,156,17871,17922,65,Afternoon,andm_inspired_rural,umzimvubu,815.474,33.3333,17.034416,30.0,2,20.0,20.0,50.0,2.0
2026-08-31 23:11:30.583741,s4,LOCAL:,0,0,0,0,65,Afternoon,andm_inspired_rural,umzimvubu,815.474,33.3333,17.034416,30.0,2,20.0,20.0,50.0,2.0
2026-08-31 23:11:30.583741,s5,1:,9029,170,13331223,18753,65,Afternoon,andm_inspired_rural,umzimvubu,815.474,33.3333,17.034416,30.0,2,20.0,20.0,50.0,2.0
2026-08-31 23:11:30.583741,s5,2:,165,8855,18107,12973740,65,Afternoon,andm_inspired_rural,umzimvubu,815.474,33.3333,17.034416,30.0,2,20.0,20.0,50.0,2.0
2026-08-31 23:11:30.583741,s5,LOCAL:,0,0,0,0,65,Afternoon,andm_inspired_rural,umzimvubu,815.474,33.3333,17.034416,30.0,2,20.0,20.0,50.0,2.0
2026-08-31 23:11:31.823699,s1,1:,256,37064,25913,54760303,66,Afternoon,andm_inspired_rural,ntabankulu,964.204,66.6667,15.773086,30.0,2,20.0,20.0,50.0,2.0
2026-08-31 23:11:31.823699,s1,2:,36903,178,54738542,21900,66,Afternoon,andm_inspired_rural,ntabankulu,964.204,66.6667,15.773086,30.0,2,20.0,20.0,50.0,2.0
2026-08-31 23:11:31.823699,s1,3:,152,156,17553,17478,66,Afternoon,andm_inspired_rural,ntabankulu,964.204,66.6667,15.773086,30.0,2,20.0,20.0,50.0,2.0
2026-08-31 23:11:31.823699,s1,4:,156,159,17922,17871,66,Afternoon,andm_inspired_rural,ntabankulu,964.204,66.6667,15.773086,30.0,2,20.0,20.0,50.0,2.0
2026-08-31 23:11:31.823699,s1,5:,8855,165,12973740,18107,66,Afternoon,andm_inspired_rural,ntabankulu,964.204,66.6667,15.773086,30.0,2,20.0,20.0,50.0,2.0
2026-08-31 23:11:31.823699,s1,LOCAL:,0,0,0,0,66,Afternoon,andm_inspired_rural,ntabankulu,964.204,66.6667,15.773086,30.0,2,20.0,20.0,50.0,2.0
2026-08-31 23:11:31.823699,s2,1:,37936,185,56382878,22780,66,Afternoon,andm_inspired_rural,ntabankulu,964.204,66.6667,15.773086,30.0,2,20.0,20.0,50.0,2.0
2026-08-31 23:11:31.823699,s2,2:,178,36903,21900,54738542,66,Afternoon,andm_inspired_rural,ntabankulu,964.204,66.6667,15.773086,30.0,2,20.0,20.0,50.0,2.0
2026-08-31 23:11:31.823699,s2,LOCAL:,0,0,0,0,66,Afternoon,andm_inspired_rural,ntabankulu,964.204,66.6667,15.773086,30.0,2,20.0,20.0,50.0,2.0
2026-08-31 23:11:31.823699,s3,1:,77,160,6834,18067,66,Afternoon,andm_inspired_rural,ntabankulu,964.204,66.6667,15.773086,30.0,2,20.0,20.0,50.0,2.0
2026-08-31 23:11:31.823699,s3,2:,156,152,17478,17553,66,Afternoon,andm_inspired_rural,ntabankulu,964.204,66.6667,15.773086,30.0,2,20.0,20.0,50.0,2.0
2026-08-31 23:11:31.823699,s3,LOCAL:,0,0,0,0,66,Afternoon,andm_inspired_rural,ntabankulu,964.204,66.6667,15.773086,30.0,2,20.0,20.0,50.0,2.0
2026-08-31 23:11:31.823699,s4,1:,80,163,7052,18297,66,Afternoon,andm_inspired_rural,ntabankulu,964.204,66.6667,15.773086,30.0,2,20.0,20.0,50.0,2.0
2026-08-31 23:11:31.823699,s4,2:,159,156,17871,17922,66,Afternoon,andm_inspired_rural,ntabankulu,964.204,66.6667,15.773086,30.0,2,20.0,20.0,50.0,2.0
2026-08-31 23:11:31.823699,s4,LOCAL:,0,0,0,0,66,Afternoon,andm_inspired_rural,ntabankulu,964.204,66.6667,15.773086,30.0,2,20.0,20.0,50.0,2.0
2026-08-31 23:11:31.823699,s5,1:,9029,170,13331223,18753,66,Afternoon,andm_inspired_rural,ntabankulu,964.204,66.6667,15.773086,30.0,2,20.0,20.0,50.0,2.0
2026-08-31 23:11:31.823699,s5,2:,165,8855,18107,12973740,66,Afternoon,andm_inspired_rural,ntabankulu,964.204,66.6667,15.773086,30.0,2,20.0,20.0,50.0,2.0
2026-08-31 23:11:31.823699,s5,LOCAL:,0,0,0,0,66,Afternoon,andm_inspired_rural,ntabankulu,964.204,66.6667,15.773086,30.0,2,20.0,20.0,50.0,2.0
2026-08-31 23:11:33.115410,s1,1:,265,44067,26627,65180823,67,Afternoon,andm_inspired_rural,winnie,830.396,33.3333,15.814576,30.0,2,20.0,20.0,50.0,2.0
2026-08-31 23:11:33.115410,s1,2:,43227,185,64151722,22750,67,Afternoon,andm_inspired_rural,winnie,830.396,33.3333,15.814576,30.0,2,20.0,20.0,50.0,2.0
2026-08-31 23:11:33.115410,s1,3:,162,164,18529,18314,67,Afternoon,andm_inspired_rural,winnie,830.396,33.3333,15.814576,30.0,2,20.0,20.0,50.0,2.0
2026-08-31 23:11:33.115410,s1,4:,163,165,18675,18567,67,Afternoon,andm_inspired_rural,winnie,830.396,33.3333,15.814576,30.0,2,20.0,20.0,50.0,2.0
2026-08-31 23:11:33.115410,s1,5:,15140,169,22326026,18663,67,Afternoon,andm_inspired_rural,winnie,830.396,33.3333,15.814576,30.0,2,20.0,20.0,50.0,2.0
2026-08-31 23:11:33.115410,s1,LOCAL:,0,0,0,0,67,Afternoon,andm_inspired_rural,winnie,830.396,33.3333,15.814576,30.0,2,20.0,20.0,50.0,2.0
2026-08-31 23:11:33.115410,s2,1:,44437,192,66065192,23630,67,Afternoon,andm_inspired_rural,winnie,830.396,33.3333,15.814576,30.0,2,20.0,20.0,50.0,2.0
2026-08-31 23:11:33.115410,s2,2:,185,43227,22750,64151722,67,Afternoon,andm_inspired_rural,winnie,830.396,33.3333,15.814576,30.0,2,20.0,20.0,50.0,2.0
2026-08-31 23:11:33.115410,s2,LOCAL:,0,0,0,0,67,Afternoon,andm_inspired_rural,winnie,830.396,33.3333,15.814576,30.0,2,20.0,20.0,50.0,2.0
2026-08-31 23:11:33.115410,s3,1:,83,168,7254,18903,67,Afternoon,andm_inspired_rural,winnie,830.396,33.3333,15.814576,30.0,2,20.0,20.0,50.0,2.0
2026-08-31 23:11:33.115410,s3,2:,164,162,18314,18529,67,Afternoon,andm_inspired_rural,winnie,830.396,33.3333,15.814576,30.0,2,20.0,20.0,50.0,2.0
2026-08-31 23:11:33.115410,s3,LOCAL:,0,0,0,0,67,Afternoon,andm_inspired_rural,winnie,830.396,33.3333,15.814576,30.0,2,20.0,20.0,50.0,2.0
2026-08-31 23:11:33.115410,s4,1:,84,169,7388,18993,67,Afternoon,andm_inspired_rural,winnie,830.396,33.3333,15.814576,30.0,2,20.0,20.0,50.0,2.0
2026-08-31 23:11:33.115410,s4,2:,165,163,18567,18675,67,Afternoon,andm_inspired_rural,winnie,830.396,33.3333,15.814576,30.0,2,20.0,20.0,50.0,2.0
2026-08-31 23:11:33.115410,s4,LOCAL:,0,0,0,0,67,Afternoon,andm_inspired_rural,winnie,830.396,33.3333,15.814576,30.0,2,20.0,20.0,50.0,2.0
2026-08-31 23:11:33.115410,s5,1:,15520,174,22997245,19309,67,Afternoon,andm_inspired_rural,winnie,830.396,33.3333,15.814576,30.0,2,20.0,20.0,50.0,2.0
2026-08-31 23:11:33.115410,s5,2:,169,15140,18663,22326026,67,Afternoon,andm_inspired_rural,winnie,830.396,33.3333,15.814576,30.0,2,20.0,20.0,50.0,2.0
2026-08-31 23:11:33.115410,s5,LOCAL:,0,0,0,0,67,Afternoon,andm_inspired_rural,winnie,830.396,33.3333,15.814576,30.0,2,20.0,20.0,50.0,2.0
2026-08-31 23:11:34.363880,s1,1:,265,44067,26627,65180823,68,Afternoon,andm_inspired_rural,matatiele,881.401,33.3333,16.88717,30.0,2,20.0,20.0,50.0,2.0
2026-08-31 23:11:34.363880,s1,2:,43227,185,64151722,22750,68,Afternoon,andm_inspired_rural,matatiele,881.401,33.3333,16.88717,30.0,2,20.0,20.0,50.0,2.0
2026-08-31 23:11:34.363880,s1,3:,162,164,18529,18314,68,Afternoon,andm_inspired_rural,matatiele,881.401,33.3333,16.88717,30.0,2,20.0,20.0,50.0,2.0
2026-08-31 23:11:34.363880,s1,4:,163,165,18675,18567,68,Afternoon,andm_inspired_rural,matatiele,881.401,33.3333,16.88717,30.0,2,20.0,20.0,50.0,2.0
2026-08-31 23:11:34.363880,s1,5:,15140,169,22326026,18663,68,Afternoon,andm_inspired_rural,matatiele,881.401,33.3333,16.88717,30.0,2,20.0,20.0,50.0,2.0
2026-08-31 23:11:34.363880,s1,LOCAL:,0,0,0,0,68,Afternoon,andm_inspired_rural,matatiele,881.401,33.3333,16.88717,30.0,2,20.0,20.0,50.0,2.0
2026-08-31 23:11:34.363880,s2,1:,44437,192,66065192,23630,68,Afternoon,andm_inspired_rural,matatiele,881.401,33.3333,16.88717,30.0,2,20.0,20.0,50.0,2.0
2026-08-31 23:11:34.363880,s2,2:,185,43227,22750,64151722,68,Afternoon,andm_inspired_rural,matatiele,881.401,33.3333,16.88717,30.0,2,20.0,20.0,50.0,2.0
2026-08-31 23:11:34.363880,s2,LOCAL:,0,0,0,0,68,Afternoon,andm_inspired_rural,matatiele,881.401,33.3333,16.88717,30.0,2,20.0,20.0,50.0,2.0
2026-08-31 23:11:34.363880,s3,1:,83,168,7254,18903,68,Afternoon,andm_inspired_rural,matatiele,881.401,33.3333,16.88717,30.0,2,20.0,20.0,50.0,2.0
2026-08-31 23:11:34.363880,s3,2:,164,162,18314,18529,68,Afternoon,andm_inspired_rural,matatiele,881.401,33.3333,16.88717,30.0,2,20.0,20.0,50.0,2.0
2026-08-31 23:11:34.363880,s3,LOCAL:,0,0,0,0,68,Afternoon,andm_inspired_rural,matatiele,881.401,33.3333,16.88717,30.0,2,20.0,20.0,50.0,2.0
2026-08-31 23:11:34.363880,s4,1:,84,169,7388,18993,68,Afternoon,andm_inspired_rural,matatiele,881.401,33.3333,16.88717,30.0,2,20.0,20.0,50.0,2.0
2026-08-31 23:11:34.363880,s4,2:,165,163,18567,18675,68,Afternoon,andm_inspired_rural,matatiele,881.401,33.3333,16.88717,30.0,2,20.0,20.0,50.0,2.0
2026-08-31 23:11:34.363880,s4,LOCAL:,0,0,0,0,68,Afternoon,andm_inspired_rural,matatiele,881.401,33.3333,16.88717,30.0,2,20.0,20.0,50.0,2.0
2026-08-31 23:11:34.363880,s5,1:,15520,174,22997245,19309,68,Afternoon,andm_inspired_rural,matatiele,881.401,33.3333,16.88717,30.0,2,20.0,20.0,50.0,2.0
2026-08-31 23:11:34.363880,s5,2:,169,15140,18663,22326026,68,Afternoon,andm_inspired_rural,matatiele,881.401,33.3333,16.88717,30.0,2,20.0,20.0,50.0,2.0
2026-08-31 23:11:34.363880,s5,LOCAL:,0,0,0,0,68,Afternoon,andm_inspired_rural,matatiele,881.401,33.3333,16.88717,30.0,2,20.0,20.0,50.0,2.0
2026-08-31 23:11:35.603394,s1,1:,265,44067,26627,65180823,69,Afternoon,andm_inspired_rural,umzimvubu,727.629,66.6667,18.985417,30.0,2,20.0,20.0,50.0,2.0
2026-08-31 23:11:35.603394,s1,2:,43227,185,64151722,22750,69,Afternoon,andm_inspired_rural,umzimvubu,727.629,66.6667,18.985417,30.0,2,20.0,20.0,50.0,2.0
2026-08-31 23:11:35.603394,s1,3:,162,164,18529,18314,69,Afternoon,andm_inspired_rural,umzimvubu,727.629,66.6667,18.985417,30.0,2,20.0,20.0,50.0,2.0
2026-08-31 23:11:35.603394,s1,4:,163,165,18675,18567,69,Afternoon,andm_inspired_rural,umzimvubu,727.629,66.6667,18.985417,30.0,2,20.0,20.0,50.0,2.0
2026-08-31 23:11:35.603394,s1,5:,15140,169,22326026,18663,69,Afternoon,andm_inspired_rural,umzimvubu,727.629,66.6667,18.985417,30.0,2,20.0,20.0,50.0,2.0
2026-08-31 23:11:35.603394,s1,LOCAL:,0,0,0,0,69,Afternoon,andm_inspired_rural,umzimvubu,727.629,66.6667,18.985417,30.0,2,20.0,20.0,50.0,2.0
2026-08-31 23:11:35.603394,s2,1:,44437,192,66065192,23630,69,Afternoon,andm_inspired_rural,umzimvubu,727.629,66.6667,18.985417,30.0,2,20.0,20.0,50.0,2.0
2026-08-31 23:11:35.603394,s2,2:,185,43227,22750,64151722,69,Afternoon,andm_inspired_rural,umzimvubu,727.629,66.6667,18.985417,30.0,2,20.0,20.0,50.0,2.0
2026-08-31 23:11:35.603394,s2,LOCAL:,0,0,0,0,69,Afternoon,andm_inspired_rural,umzimvubu,727.629,66.6667,18.985417,30.0,2,20.0,20.0,50.0,2.0
2026-08-31 23:11:35.603394,s3,1:,83,168,7254,18903,69,Afternoon,andm_inspired_rural,umzimvubu,727.629,66.6667,18.985417,30.0,2,20.0,20.0,50.0,2.0
2026-08-31 23:11:35.603394,s3,2:,164,162,18314,18529,69,Afternoon,andm_inspired_rural,umzimvubu,727.629,66.6667,18.985417,30.0,2,20.0,20.0,50.0,2.0
2026-08-31 23:11:35.603394,s3,LOCAL:,0,0,0,0,69,Afternoon,andm_inspired_rural,umzimvubu,727.629,66.6667,18.985417,30.0,2,20.0,20.0,50.0,2.0
2026-08-31 23:11:35.603394,s4,1:,84,169,7388,18993,69,Afternoon,andm_inspired_rural,umzimvubu,727.629,66.6667,18.985417,30.0,2,20.0,20.0,50.0,2.0
2026-08-31 23:11:35.603394,s4,2:,165,163,18567,18675,69,Afternoon,andm_inspired_rural,umzimvubu,727.629,66.6667,18.985417,30.0,2,20.0,20.0,50.0,2.0
2026-08-31 23:11:35.603394,s4,LOCAL:,0,0,0,0,69,Afternoon,andm_inspired_rural,umzimvubu,727.629,66.6667,18.985417,30.0,2,20.0,20.0,50.0,2.0
2026-08-31 23:11:35.603394,s5,1:,15520,174,22997245,19309,69,Afternoon,andm_inspired_rural,umzimvubu,727.629,66.6667,18.985417,30.0,2,20.0,20.0,50.0,2.0
2026-08-31 23:11:35.603394,s5,2:,169,15140,18663,22326026,69,Afternoon,andm_inspired_rural,umzimvubu,727.629,66.6667,18.985417,30.0,2,20.0,20.0,50.0,2.0
2026-08-31 23:11:35.603394,s5,LOCAL:,0,0,0,0,69,Afternoon,andm_inspired_rural,umzimvubu,727.629,66.6667,18.985417,30.0,2,20.0,20.0,50.0,2.0
2026-08-31 23:11:36.862314,s1,1:,265,44067,26627,65180823,70,Afternoon,andm_inspired_rural,ntabankulu,,100.0,17.071206,30.0,2,20.0,20.0,50.0,2.0
2026-08-31 23:11:36.862314,s1,2:,43227,185,64151722,22750,70,Afternoon,andm_inspired_rural,ntabankulu,,100.0,17.071206,30.0,2,20.0,20.0,50.0,2.0
2026-08-31 23:11:36.862314,s1,3:,162,164,18529,18314,70,Afternoon,andm_inspired_rural,ntabankulu,,100.0,17.071206,30.0,2,20.0,20.0,50.0,2.0
2026-08-31 23:11:36.862314,s1,4:,163,165,18675,18567,70,Afternoon,andm_inspired_rural,ntabankulu,,100.0,17.071206,30.0,2,20.0,20.0,50.0,2.0
2026-08-31 23:11:36.862314,s1,5:,15140,169,22326026,18663,70,Afternoon,andm_inspired_rural,ntabankulu,,100.0,17.071206,30.0,2,20.0,20.0,50.0,2.0
2026-08-31 23:11:36.862314,s1,LOCAL:,0,0,0,0,70,Afternoon,andm_inspired_rural,ntabankulu,,100.0,17.071206,30.0,2,20.0,20.0,50.0,2.0
2026-08-31 23:11:36.862314,s2,1:,44437,192,66065192,23630,70,Afternoon,andm_inspired_rural,ntabankulu,,100.0,17.071206,30.0,2,20.0,20.0,50.0,2.0
2026-08-31 23:11:36.862314,s2,2:,185,43227,22750,64151722,70,Afternoon,andm_inspired_rural,ntabankulu,,100.0,17.071206,30.0,2,20.0,20.0,50.0,2.0
2026-08-31 23:11:36.862314,s2,LOCAL:,0,0,0,0,70,Afternoon,andm_inspired_rural,ntabankulu,,100.0,17.071206,30.0,2,20.0,20.0,50.0,2.0
2026-08-31 23:11:36.862314,s3,1:,83,168,7254,18903,70,Afternoon,andm_inspired_rural,ntabankulu,,100.0,17.071206,30.0,2,20.0,20.0,50.0,2.0
2026-08-31 23:11:36.862314,s3,2:,164,162,18314,18529,70,Afternoon,andm_inspired_rural,ntabankulu,,100.0,17.071206,30.0,2,20.0,20.0,50.0,2.0
2026-08-31 23:11:36.862314,s3,LOCAL:,0,0,0,0,70,Afternoon,andm_inspired_rural,ntabankulu,,100.0,17.071206,30.0,2,20.0,20.0,50.0,2.0
2026-08-31 23:11:36.862314,s4,1:,84,169,7388,18993,70,Afternoon,andm_inspired_rural,ntabankulu,,100.0,17.071206,30.0,2,20.0,20.0,50.0,2.0
2026-08-31 23:11:36.862314,s4,2:,165,163,18567,18675,70,Afternoon,andm_inspired_rural,ntabankulu,,100.0,17.071206,30.0,2,20.0,20.0,50.0,2.0
2026-08-31 23:11:36.862314,s4,LOCAL:,0,0,0,0,70,Afternoon,andm_inspired_rural,ntabankulu,,100.0,17.071206,30.0,2,20.0,20.0,50.0,2.0
2026-08-31 23:11:36.862314,s5,1:,15520,174,22997245,19309,70,Afternoon,andm_inspired_rural,ntabankulu,,100.0,17.071206,30.0,2,20.0,20.0,50.0,2.0
2026-08-31 23:11:36.862314,s5,2:,169,15140,18663,22326026,70,Afternoon,andm_inspired_rural,ntabankulu,,100.0,17.071206,30.0,2,20.0,20.0,50.0,2.0
2026-08-31 23:11:36.862314,s5,LOCAL:,0,0,0,0,70,Afternoon,andm_inspired_rural,ntabankulu,,100.0,17.071206,30.0,2,20.0,20.0,50.0,2.0
2026-08-31 23:11:38.092152,s1,1:,274,51281,27313,75919939,71,Afternoon,andm_inspired_rural,winnie,,100.0,17.475722,30.0,2,20.0,20.0,50.0,2.0
2026-08-31 23:11:38.092152,s1,2:,49626,190,73679354,23266,71,Afternoon,andm_inspired_rural,winnie,,100.0,17.475722,30.0,2,20.0,20.0,50.0,2.0
2026-08-31 23:11:38.092152,s1,3:,167,168,19101,18732,71,Afternoon,andm_inspired_rural,winnie,,100.0,17.475722,30.0,2,20.0,20.0,50.0,2.0
2026-08-31 23:11:38.092152,s1,4:,171,170,19373,18971,71,Afternoon,andm_inspired_rural,winnie,,100.0,17.475722,30.0,2,20.0,20.0,50.0,2.0
2026-08-31 23:11:38.092152,s1,5:,21557,174,31881870,19179,71,Afternoon,andm_inspired_rural,winnie,,100.0,17.475722,30.0,2,20.0,20.0,50.0,2.0
2026-08-31 23:11:38.092152,s1,LOCAL:,0,0,0,0,71,Afternoon,andm_inspired_rural,winnie,,100.0,17.475722,30.0,2,20.0,20.0,50.0,2.0
2026-08-31 23:11:38.092152,s2,1:,50921,197,75722176,24146,71,Afternoon,andm_inspired_rural,winnie,,100.0,17.475722,30.0,2,20.0,20.0,50.0,2.0
2026-08-31 23:11:38.092152,s2,2:,190,49627,23266,73680844,71,Afternoon,andm_inspired_rural,winnie,,100.0,17.475722,30.0,2,20.0,20.0,50.0,2.0
2026-08-31 23:11:38.092152,s2,LOCAL:,0,0,0,0,71,Afternoon,andm_inspired_rural,winnie,,100.0,17.475722,30.0,2,20.0,20.0,50.0,2.0
2026-08-31 23:11:38.092152,s3,1:,86,172,7548,19321,71,Afternoon,andm_inspired_rural,winnie,,100.0,17.475722,30.0,2,20.0,20.0,50.0,2.0
2026-08-31 23:11:38.092152,s3,2:,168,167,18732,19101,71,Afternoon,andm_inspired_rural,winnie,,100.0,17.475722,30.0,2,20.0,20.0,50.0,2.0
2026-08-31 23:11:38.092152,s3,LOCAL:,0,0,0,0,71,Afternoon,andm_inspired_rural,winnie,,100.0,17.475722,30.0,2,20.0,20.0,50.0,2.0
2026-08-31 23:11:38.092152,s4,1:,90,174,7808,19397,71,Afternoon,andm_inspired_rural,winnie,,100.0,17.475722,30.0,2,20.0,20.0,50.0,2.0
2026-08-31 23:11:38.092152,s4,2:,170,171,18971,19373,71,Afternoon,andm_inspired_rural,winnie,,100.0,17.475722,30.0,2,20.0,20.0,50.0,2.0
2026-08-31 23:11:38.092152,s4,LOCAL:,0,0,0,0,71,Afternoon,andm_inspired_rural,winnie,,100.0,17.475722,30.0,2,20.0,20.0,50.0,2.0
2026-08-31 23:11:38.092152,s5,1:,21989,179,32631879,19825,71,Afternoon,andm_inspired_rural,winnie,,100.0,17.475722,30.0,2,20.0,20.0,50.0,2.0
2026-08-31 23:11:38.092152,s5,2:,174,21557,19179,31881870,71,Afternoon,andm_inspired_rural,winnie,,100.0,17.475722,30.0,2,20.0,20.0,50.0,2.0
2026-08-31 23:11:38.092152,s5,LOCAL:,0,0,0,0,71,Afternoon,andm_inspired_rural,winnie,,100.0,17.475722,30.0,2,20.0,20.0,50.0,2.0
2026-08-31 23:11:39.337334,s1,1:,274,51281,27313,75919939,72,Afternoon,andm_inspired_rural,matatiele,760.177,66.6667,18.652038,30.0,2,20.0,20.0,50.0,2.0
2026-08-31 23:11:39.337334,s1,2:,49626,190,73679354,23266,72,Afternoon,andm_inspired_rural,matatiele,760.177,66.6667,18.652038,30.0,2,20.0,20.0,50.0,2.0
2026-08-31 23:11:39.337334,s1,3:,167,168,19101,18732,72,Afternoon,andm_inspired_rural,matatiele,760.177,66.6667,18.652038,30.0,2,20.0,20.0,50.0,2.0
2026-08-31 23:11:39.337334,s1,4:,171,170,19373,18971,72,Afternoon,andm_inspired_rural,matatiele,760.177,66.6667,18.652038,30.0,2,20.0,20.0,50.0,2.0
2026-08-31 23:11:39.337334,s1,5:,21557,174,31881870,19179,72,Afternoon,andm_inspired_rural,matatiele,760.177,66.6667,18.652038,30.0,2,20.0,20.0,50.0,2.0
2026-08-31 23:11:39.337334,s1,LOCAL:,0,0,0,0,72,Afternoon,andm_inspired_rural,matatiele,760.177,66.6667,18.652038,30.0,2,20.0,20.0,50.0,2.0
2026-08-31 23:11:39.337334,s2,1:,50921,197,75722176,24146,72,Afternoon,andm_inspired_rural,matatiele,760.177,66.6667,18.652038,30.0,2,20.0,20.0,50.0,2.0
2026-08-31 23:11:39.337334,s2,2:,190,49627,23266,73680844,72,Afternoon,andm_inspired_rural,matatiele,760.177,66.6667,18.652038,30.0,2,20.0,20.0,50.0,2.0
2026-08-31 23:11:39.337334,s2,LOCAL:,0,0,0,0,72,Afternoon,andm_inspired_rural,matatiele,760.177,66.6667,18.652038,30.0,2,20.0,20.0,50.0,2.0
2026-08-31 23:11:39.337334,s3,1:,86,172,7548,19321,72,Afternoon,andm_inspired_rural,matatiele,760.177,66.6667,18.652038,30.0,2,20.0,20.0,50.0,2.0
2026-08-31 23:11:39.337334,s3,2:,168,167,18732,19101,72,Afternoon,andm_inspired_rural,matatiele,760.177,66.6667,18.652038,30.0,2,20.0,20.0,50.0,2.0
2026-08-31 23:11:39.337334,s3,LOCAL:,0,0,0,0,72,Afternoon,andm_inspired_rural,matatiele,760.177,66.6667,18.652038,30.0,2,20.0,20.0,50.0,2.0
2026-08-31 23:11:39.337334,s4,1:,90,174,7808,19397,72,Afternoon,andm_inspired_rural,matatiele,760.177,66.6667,18.652038,30.0,2,20.0,20.0,50.0,2.0
2026-08-31 23:11:39.337334,s4,2:,170,171,18971,19373,72,Afternoon,andm_inspired_rural,matatiele,760.177,66.6667,18.652038,30.0,2,20.0,20.0,50.0,2.0
2026-08-31 23:11:39.337334,s4,LOCAL:,0,0,0,0,72,Afternoon,andm_inspired_rural,matatiele,760.177,66.6667,18.652038,30.0,2,20.0,20.0,50.0,2.0
2026-08-31 23:11:39.337334,s5,1:,21989,179,32631879,19825,72,Afternoon,andm_inspired_rural,matatiele,760.177,66.6667,18.652038,30.0,2,20.0,20.0,50.0,2.0
2026-08-31 23:11:39.337334,s5,2:,174,21557,19179,31881870,72,Afternoon,andm_inspired_rural,matatiele,760.177,66.6667,18.652038,30.0,2,20.0,20.0,50.0,2.0
2026-08-31 23:11:39.337334,s5,LOCAL:,0,0,0,0,72,Afternoon,andm_inspired_rural,matatiele,760.177,66.6667,18.652038,30.0,2,20.0,20.0,50.0,2.0
2026-08-31 23:11:40.410044,s1,1:,274,51281,27313,75919939,73,Afternoon,andm_inspired_rural,umzimvubu,800.896,0.0,17.370356,30.0,2,20.0,20.0,50.0,2.0
2026-08-31 23:11:40.410044,s1,2:,49626,190,73679354,23266,73,Afternoon,andm_inspired_rural,umzimvubu,800.896,0.0,17.370356,30.0,2,20.0,20.0,50.0,2.0
2026-08-31 23:11:40.410044,s1,3:,167,168,19101,18732,73,Afternoon,andm_inspired_rural,umzimvubu,800.896,0.0,17.370356,30.0,2,20.0,20.0,50.0,2.0
2026-08-31 23:11:40.410044,s1,4:,171,170,19373,18971,73,Afternoon,andm_inspired_rural,umzimvubu,800.896,0.0,17.370356,30.0,2,20.0,20.0,50.0,2.0
2026-08-31 23:11:40.410044,s1,5:,21557,174,31881870,19179,73,Afternoon,andm_inspired_rural,umzimvubu,800.896,0.0,17.370356,30.0,2,20.0,20.0,50.0,2.0
2026-08-31 23:11:40.410044,s1,LOCAL:,0,0,0,0,73,Afternoon,andm_inspired_rural,umzimvubu,800.896,0.0,17.370356,30.0,2,20.0,20.0,50.0,2.0
2026-08-31 23:11:40.410044,s2,1:,50921,197,75722176,24146,73,Afternoon,andm_inspired_rural,umzimvubu,800.896,0.0,17.370356,30.0,2,20.0,20.0,50.0,2.0
2026-08-31 23:11:40.410044,s2,2:,190,49627,23266,73680844,73,Afternoon,andm_inspired_rural,umzimvubu,800.896,0.0,17.370356,30.0,2,20.0,20.0,50.0,2.0
2026-08-31 23:11:40.410044,s2,LOCAL:,0,0,0,0,73,Afternoon,andm_inspired_rural,umzimvubu,800.896,0.0,17.370356,30.0,2,20.0,20.0,50.0,2.0
2026-08-31 23:11:40.410044,s3,1:,86,172,7548,19321,73,Afternoon,andm_inspired_rural,umzimvubu,800.896,0.0,17.370356,30.0,2,20.0,20.0,50.0,2.0
2026-08-31 23:11:40.410044,s3,2:,168,167,18732,19101,73,Afternoon,andm_inspired_rural,umzimvubu,800.896,0.0,17.370356,30.0,2,20.0,20.0,50.0,2.0
2026-08-31 23:11:40.410044,s3,LOCAL:,0,0,0,0,73,Afternoon,andm_inspired_rural,umzimvubu,800.896,0.0,17.370356,30.0,2,20.0,20.0,50.0,2.0
2026-08-31 23:11:40.410044,s4,1:,90,174,7808,19397,73,Afternoon,andm_inspired_rural,umzimvubu,800.896,0.0,17.370356,30.0,2,20.0,20.0,50.0,2.0
2026-08-31 23:11:40.410044,s4,2:,170,171,18971,19373,73,Afternoon,andm_inspired_rural,umzimvubu,800.896,0.0,17.370356,30.0,2,20.0,20.0,50.0,2.0
2026-08-31 23:11:40.410044,s4,LOCAL:,0,0,0,0,73,Afternoon,andm_inspired_rural,umzimvubu,800.896,0.0,17.370356,30.0,2,20.0,20.0,50.0,2.0
2026-08-31 23:11:40.410044,s5,1:,21989,179,32631879,19825,73,Afternoon,andm_inspired_rural,umzimvubu,800.896,0.0,17.370356,30.0,2,20.0,20.0,50.0,2.0
2026-08-31 23:11:40.410044,s5,2:,174,21557,19179,31881870,73,Afternoon,andm_inspired_rural,umzimvubu,800.896,0.0,17.370356,30.0,2,20.0,20.0,50.0,2.0
2026-08-31 23:11:40.410044,s5,LOCAL:,0,0,0,0,73,Afternoon,andm_inspired_rural,umzimvubu,800.896,0.0,17.370356,30.0,2,20.0,20.0,50.0,2.0
2026-08-31 23:11:41.365019,s1,1:,274,51281,27313,75919939,74,Afternoon,andm_inspired_rural,ntabankulu,731.064,0.0,19.21568,30.0,2,20.0,20.0,50.0,2.0
2026-08-31 23:11:41.365019,s1,2:,49626,190,73679354,23266,74,Afternoon,andm_inspired_rural,ntabankulu,731.064,0.0,19.21568,30.0,2,20.0,20.0,50.0,2.0
2026-08-31 23:11:41.365019,s1,3:,167,168,19101,18732,74,Afternoon,andm_inspired_rural,ntabankulu,731.064,0.0,19.21568,30.0,2,20.0,20.0,50.0,2.0
2026-08-31 23:11:41.365019,s1,4:,171,170,19373,18971,74,Afternoon,andm_inspired_rural,ntabankulu,731.064,0.0,19.21568,30.0,2,20.0,20.0,50.0,2.0
2026-08-31 23:11:41.365019,s1,5:,21557,174,31881870,19179,74,Afternoon,andm_inspired_rural,ntabankulu,731.064,0.0,19.21568,30.0,2,20.0,20.0,50.0,2.0
2026-08-31 23:11:41.365019,s1,LOCAL:,0,0,0,0,74,Afternoon,andm_inspired_rural,ntabankulu,731.064,0.0,19.21568,30.0,2,20.0,20.0,50.0,2.0
2026-08-31 23:11:41.365019,s2,1:,50921,197,75722176,24146,74,Afternoon,andm_inspired_rural,ntabankulu,731.064,0.0,19.21568,30.0,2,20.0,20.0,50.0,2.0
2026-08-31 23:11:41.365019,s2,2:,190,49627,23266,73680844,74,Afternoon,andm_inspired_rural,ntabankulu,731.064,0.0,19.21568,30.0,2,20.0,20.0,50.0,2.0
2026-08-31 23:11:41.365019,s2,LOCAL:,0,0,0,0,74,Afternoon,andm_inspired_rural,ntabankulu,731.064,0.0,19.21568,30.0,2,20.0,20.0,50.0,2.0
2026-08-31 23:11:41.365019,s3,1:,86,172,7548,19321,74,Afternoon,andm_inspired_rural,ntabankulu,731.064,0.0,19.21568,30.0,2,20.0,20.0,50.0,2.0
2026-08-31 23:11:41.365019,s3,2:,168,167,18732,19101,74,Afternoon,andm_inspired_rural,ntabankulu,731.064,0.0,19.21568,30.0,2,20.0,20.0,50.0,2.0
2026-08-31 23:11:41.365019,s3,LOCAL:,0,0,0,0,74,Afternoon,andm_inspired_rural,ntabankulu,731.064,0.0,19.21568,30.0,2,20.0,20.0,50.0,2.0
2026-08-31 23:11:41.365019,s4,1:,90,174,7808,19397,74,Afternoon,andm_inspired_rural,ntabankulu,731.064,0.0,19.21568,30.0,2,20.0,20.0,50.0,2.0
2026-08-31 23:11:41.365019,s4,2:,170,171,18971,19373,74,Afternoon,andm_inspired_rural,ntabankulu,731.064,0.0,19.21568,30.0,2,20.0,20.0,50.0,2.0
2026-08-31 23:11:41.365019,s4,LOCAL:,0,0,0,0,74,Afternoon,andm_inspired_rural,ntabankulu,731.064,0.0,19.21568,30.0,2,20.0,20.0,50.0,2.0
2026-08-31 23:11:41.365019,s5,1:,21989,179,32631879,19825,74,Afternoon,andm_inspired_rural,ntabankulu,731.064,0.0,19.21568,30.0,2,20.0,20.0,50.0,2.0
2026-08-31 23:11:41.365019,s5,2:,174,21557,19179,31881870,74,Afternoon,andm_inspired_rural,ntabankulu,731.064,0.0,19.21568,30.0,2,20.0,20.0,50.0,2.0
2026-08-31 23:11:41.365019,s5,LOCAL:,0,0,0,0,74,Afternoon,andm_inspired_rural,ntabankulu,731.064,0.0,19.21568,30.0,2,20.0,20.0,50.0,2.0
2026-08-31 23:11:42.586398,s1,1:,283,58929,28195,87302916,75,Afternoon,andm_inspired_rural,winnie,841.307,66.6667,17.475401,30.0,2,20.0,20.0,50.0,2.0
2026-08-31 23:11:42.586398,s1,2:,56020,194,83196834,23781,75,Afternoon,andm_inspired_rural,winnie,841.307,66.6667,17.475401,30.0,2,20.0,20.0,50.0,2.0
2026-08-31 23:11:42.586398,s1,3:,174,175,19951,19582,75,Afternoon,andm_inspired_rural,winnie,841.307,66.6667,17.475401,30.0,2,20.0,20.0,50.0,2.0
2026-08-31 23:11:42.586398,s1,4:,178,179,20223,20017,75,Afternoon,andm_inspired_rural,winnie,841.307,66.6667,17.475401,30.0,2,20.0,20.0,50.0,2.0
2026-08-31 23:11:42.586398,s1,5:,27939,178,41381470,19735,75,Afternoon,andm_inspired_rural,winnie,841.307,66.6667,17.475401,30.0,2,20.0,20.0,50.0,2.0
2026-08-31 23:11:42.586398,s1,LOCAL:,0,0,0,0,75,Afternoon,andm_inspired_rural,winnie,841.307,66.6667,17.475401,30.0,2,20.0,20.0,50.0,2.0
2026-08-31 23:11:42.586398,s2,1:,57409,202,85385120,24800,75,Afternoon,andm_inspired_rural,winnie,841.307,66.6667,17.475401,30.0,2,20.0,20.0,50.0,2.0
2026-08-31 23:11:42.586398,s2,2:,194,56021,23781,83198324,75,Afternoon,andm_inspired_rural,winnie,841.307,66.6667,17.475401,30.0,2,20.0,20.0,50.0,2.0
2026-08-31 23:11:42.586398,s2,LOCAL:,0,0,0,0,75,Afternoon,andm_inspired_rural,winnie,841.307,66.6667,17.475401,30.0,2,20.0,20.0,50.0,2.0
2026-08-31 23:11:42.586398,s3,1:,89,179,7842,20171,75,Afternoon,andm_inspired_rural,winnie,841.307,66.6667,17.475401,30.0,2,20.0,20.0,50.0,2.0
2026-08-31 23:11:42.586398,s3,2:,175,174,19582,19951,75,Afternoon,andm_inspired_rural,winnie,841.307,66.6667,17.475401,30.0,2,20.0,20.0,50.0,2.0
2026-08-31 23:11:42.586398,s3,LOCAL:,0,0,0,0,75,Afternoon,andm_inspired_rural,winnie,841.307,66.6667,17.475401,30.0,2,20.0,20.0,50.0,2.0
2026-08-31 23:11:42.586398,s4,1:,93,183,8102,20443,75,Afternoon,andm_inspired_rural,winnie,841.307,66.6667,17.475401,30.0,2,20.0,20.0,50.0,2.0
2026-08-31 23:11:42.586398,s4,2:,179,178,20017,20223,75,Afternoon,andm_inspired_rural,winnie,841.307,66.6667,17.475401,30.0,2,20.0,20.0,50.0,2.0
2026-08-31 23:11:42.586398,s4,LOCAL:,0,0,0,0,75,Afternoon,andm_inspired_rural,winnie,841.307,66.6667,17.475401,30.0,2,20.0,20.0,50.0,2.0
2026-08-31 23:11:42.586398,s5,1:,28492,183,42317173,20381,75,Afternoon,andm_inspired_rural,winnie,841.307,66.6667,17.475401,30.0,2,20.0,20.0,50.0,2.0
2026-08-31 23:11:42.586398,s5,2:,178,27939,19735,41381470,75,Afternoon,andm_inspired_rural,winnie,841.307,66.6667,17.475401,30.0,2,20.0,20.0,50.0,2.0
2026-08-31 23:11:42.586398,s5,LOCAL:,0,0,0,0,75,Afternoon,andm_inspired_rural,winnie,841.307,66.6667,17.475401,30.0,2,20.0,20.0,50.0,2.0
2026-08-31 23:11:43.815142,s1,1:,283,58929,28195,87302916,76,Afternoon,andm_inspired_rural,matatiele,762.002,66.6667,18.438574,30.0,2,20.0,20.0,50.0,2.0
2026-08-31 23:11:43.815142,s1,2:,56020,194,83196834,23781,76,Afternoon,andm_inspired_rural,matatiele,762.002,66.6667,18.438574,30.0,2,20.0,20.0,50.0,2.0
2026-08-31 23:11:43.815142,s1,3:,174,175,19951,19582,76,Afternoon,andm_inspired_rural,matatiele,762.002,66.6667,18.438574,30.0,2,20.0,20.0,50.0,2.0
2026-08-31 23:11:43.815142,s1,4:,178,179,20223,20017,76,Afternoon,andm_inspired_rural,matatiele,762.002,66.6667,18.438574,30.0,2,20.0,20.0,50.0,2.0
2026-08-31 23:11:43.815142,s1,5:,27939,178,41381470,19735,76,Afternoon,andm_inspired_rural,matatiele,762.002,66.6667,18.438574,30.0,2,20.0,20.0,50.0,2.0
2026-08-31 23:11:43.815142,s1,LOCAL:,0,0,0,0,76,Afternoon,andm_inspired_rural,matatiele,762.002,66.6667,18.438574,30.0,2,20.0,20.0,50.0,2.0
2026-08-31 23:11:43.815142,s2,1:,57409,202,85385120,24800,76,Afternoon,andm_inspired_rural,matatiele,762.002,66.6667,18.438574,30.0,2,20.0,20.0,50.0,2.0
2026-08-31 23:11:43.815142,s2,2:,194,56021,23781,83198324,76,Afternoon,andm_inspired_rural,matatiele,762.002,66.6667,18.438574,30.0,2,20.0,20.0,50.0,2.0
2026-08-31 23:11:43.815142,s2,LOCAL:,0,0,0,0,76,Afternoon,andm_inspired_rural,matatiele,762.002,66.6667,18.438574,30.0,2,20.0,20.0,50.0,2.0
2026-08-31 23:11:43.815142,s3,1:,89,179,7842,20171,76,Afternoon,andm_inspired_rural,matatiele,762.002,66.6667,18.438574,30.0,2,20.0,20.0,50.0,2.0
2026-08-31 23:11:43.815142,s3,2:,175,174,19582,19951,76,Afternoon,andm_inspired_rural,matatiele,762.002,66.6667,18.438574,30.0,2,20.0,20.0,50.0,2.0
2026-08-31 23:11:43.815142,s3,LOCAL:,0,0,0,0,76,Afternoon,andm_inspired_rural,matatiele,762.002,66.6667,18.438574,30.0,2,20.0,20.0,50.0,2.0
2026-08-31 23:11:43.815142,s4,1:,93,183,8102,20443,76,Afternoon,andm_inspired_rural,matatiele,762.002,66.6667,18.438574,30.0,2,20.0,20.0,50.0,2.0
2026-08-31 23:11:43.815142,s4,2:,179,178,20017,20223,76,Afternoon,andm_inspired_rural,matatiele,762.002,66.6667,18.438574,30.0,2,20.0,20.0,50.0,2.0
2026-08-31 23:11:43.815142,s4,LOCAL:,0,0,0,0,76,Afternoon,andm_inspired_rural,matatiele,762.002,66.6667,18.438574,30.0,2,20.0,20.0,50.0,2.0
2026-08-31 23:11:43.815142,s5,1:,28492,183,42317173,20381,76,Afternoon,andm_inspired_rural,matatiele,762.002,66.6667,18.438574,30.0,2,20.0,20.0,50.0,2.0
2026-08-31 23:11:43.815142,s5,2:,178,27939,19735,41381470,76,Afternoon,andm_inspired_rural,matatiele,762.002,66.6667,18.438574,30.0,2,20.0,20.0,50.0,2.0
2026-08-31 23:11:43.815142,s5,LOCAL:,0,0,0,0,76,Afternoon,andm_inspired_rural,matatiele,762.002,66.6667,18.438574,30.0,2,20.0,20.0,50.0,2.0
2026-08-31 23:11:45.044821,s1,1:,283,58929,28195,87302916,77,Afternoon,andm_inspired_rural,umzimvubu,742.12,66.6667,18.834038,30.0,2,20.0,20.0,50.0,2.0
2026-08-31 23:11:45.044821,s1,2:,56020,194,83196834,23781,77,Afternoon,andm_inspired_rural,umzimvubu,742.12,66.6667,18.834038,30.0,2,20.0,20.0,50.0,2.0
2026-08-31 23:11:45.044821,s1,3:,174,175,19951,19582,77,Afternoon,andm_inspired_rural,umzimvubu,742.12,66.6667,18.834038,30.0,2,20.0,20.0,50.0,2.0
2026-08-31 23:11:45.044821,s1,4:,178,179,20223,20017,77,Afternoon,andm_inspired_rural,umzimvubu,742.12,66.6667,18.834038,30.0,2,20.0,20.0,50.0,2.0
2026-08-31 23:11:45.044821,s1,5:,27939,178,41381470,19735,77,Afternoon,andm_inspired_rural,umzimvubu,742.12,66.6667,18.834038,30.0,2,20.0,20.0,50.0,2.0
2026-08-31 23:11:45.044821,s1,LOCAL:,0,0,0,0,77,Afternoon,andm_inspired_rural,umzimvubu,742.12,66.6667,18.834038,30.0,2,20.0,20.0,50.0,2.0
2026-08-31 23:11:45.044821,s2,1:,57409,202,85385120,24800,77,Afternoon,andm_inspired_rural,umzimvubu,742.12,66.6667,18.834038,30.0,2,20.0,20.0,50.0,2.0
2026-08-31 23:11:45.044821,s2,2:,194,56021,23781,83198324,77,Afternoon,andm_inspired_rural,umzimvubu,742.12,66.6667,18.834038,30.0,2,20.0,20.0,50.0,2.0
2026-08-31 23:11:45.044821,s2,LOCAL:,0,0,0,0,77,Afternoon,andm_inspired_rural,umzimvubu,742.12,66.6667,18.834038,30.0,2,20.0,20.0,50.0,2.0
2026-08-31 23:11:45.044821,s3,1:,89,179,7842,20171,77,Afternoon,andm_inspired_rural,umzimvubu,742.12,66.6667,18.834038,30.0,2,20.0,20.0,50.0,2.0
2026-08-31 23:11:45.044821,s3,2:,175,174,19582,19951,77,Afternoon,andm_inspired_rural,umzimvubu,742.12,66.6667,18.834038,30.0,2,20.0,20.0,50.0,2.0
2026-08-31 23:11:45.044821,s3,LOCAL:,0,0,0,0,77,Afternoon,andm_inspired_rural,umzimvubu,742.12,66.6667,18.834038,30.0,2,20.0,20.0,50.0,2.0
2026-08-31 23:11:45.044821,s4,1:,93,183,8102,20443,77,Afternoon,andm_inspired_rural,umzimvubu,742.12,66.6667,18.834038,30.0,2,20.0,20.0,50.0,2.0
2026-08-31 23:11:45.044821,s4,2:,179,178,20017,20223,77,Afternoon,andm_inspired_rural,umzimvubu,742.12,66.6667,18.834038,30.0,2,20.0,20.0,50.0,2.0
2026-08-31 23:11:45.044821,s4,LOCAL:,0,0,0,0,77,Afternoon,andm_inspired_rural,umzimvubu,742.12,66.6667,18.834038,30.0,2,20.0,20.0,50.0,2.0
2026-08-31 23:11:45.044821,s5,1:,28492,183,42317173,20381,77,Afternoon,andm_inspired_rural,umzimvubu,742.12,66.6667,18.834038,30.0,2,20.0,20.0,50.0,2.0
2026-08-31 23:11:45.044821,s5,2:,178,27939,19735,41381470,77,Afternoon,andm_inspired_rural,umzimvubu,742.12,66.6667,18.834038,30.0,2,20.0,20.0,50.0,2.0
2026-08-31 23:11:45.044821,s5,LOCAL:,0,0,0,0,77,Afternoon,andm_inspired_rural,umzimvubu,742.12,66.6667,18.834038,30.0,2,20.0,20.0,50.0,2.0
2026-08-31 23:11:46.267502,s1,1:,283,58929,28195,87302916,78,Afternoon,andm_inspired_rural,ntabankulu,764.605,66.6667,17.754703,30.0,2,20.0,20.0,50.0,2.0
2026-08-31 23:11:46.267502,s1,2:,56020,194,83196834,23781,78,Afternoon,andm_inspired_rural,ntabankulu,764.605,66.6667,17.754703,30.0,2,20.0,20.0,50.0,2.0
2026-08-31 23:11:46.267502,s1,3:,174,175,19951,19582,78,Afternoon,andm_inspired_rural,ntabankulu,764.605,66.6667,17.754703,30.0,2,20.0,20.0,50.0,2.0
2026-08-31 23:11:46.267502,s1,4:,178,179,20223,20017,78,Afternoon,andm_inspired_rural,ntabankulu,764.605,66.6667,17.754703,30.0,2,20.0,20.0,50.0,2.0
2026-08-31 23:11:46.267502,s1,5:,27939,178,41381470,19735,78,Afternoon,andm_inspired_rural,ntabankulu,764.605,66.6667,17.754703,30.0,2,20.0,20.0,50.0,2.0
2026-08-31 23:11:46.267502,s1,LOCAL:,0,0,0,0,78,Afternoon,andm_inspired_rural,ntabankulu,764.605,66.6667,17.754703,30.0,2,20.0,20.0,50.0,2.0
2026-08-31 23:11:46.267502,s2,1:,57409,202,85385120,24800,78,Afternoon,andm_inspired_rural,ntabankulu,764.605,66.6667,17.754703,30.0,2,20.0,20.0,50.0,2.0
2026-08-31 23:11:46.267502,s2,2:,194,56021,23781,83198324,78,Afternoon,andm_inspired_rural,ntabankulu,764.605,66.6667,17.754703,30.0,2,20.0,20.0,50.0,2.0
2026-08-31 23:11:46.267502,s2,LOCAL:,0,0,0,0,78,Afternoon,andm_inspired_rural,ntabankulu,764.605,66.6667,17.754703,30.0,2,20.0,20.0,50.0,2.0
2026-08-31 23:11:46.267502,s3,1:,89,179,7842,20171,78,Afternoon,andm_inspired_rural,ntabankulu,764.605,66.6667,17.754703,30.0,2,20.0,20.0,50.0,2.0
2026-08-31 23:11:46.267502,s3,2:,175,174,19582,19951,78,Afternoon,andm_inspired_rural,ntabankulu,764.605,66.6667,17.754703,30.0,2,20.0,20.0,50.0,2.0
2026-08-31 23:11:46.267502,s3,LOCAL:,0,0,0,0,78,Afternoon,andm_inspired_rural,ntabankulu,764.605,66.6667,17.754703,30.0,2,20.0,20.0,50.0,2.0
2026-08-31 23:11:46.267502,s4,1:,93,183,8102,20443,78,Afternoon,andm_inspired_rural,ntabankulu,764.605,66.6667,17.754703,30.0,2,20.0,20.0,50.0,2.0
2026-08-31 23:11:46.267502,s4,2:,179,178,20017,20223,78,Afternoon,andm_inspired_rural,ntabankulu,764.605,66.6667,17.754703,30.0,2,20.0,20.0,50.0,2.0
2026-08-31 23:11:46.267502,s4,LOCAL:,0,0,0,0,78,Afternoon,andm_inspired_rural,ntabankulu,764.605,66.6667,17.754703,30.0,2,20.0,20.0,50.0,2.0
2026-08-31 23:11:46.267502,s5,1:,28492,183,42317173,20381,78,Afternoon,andm_inspired_rural,ntabankulu,764.605,66.6667,17.754703,30.0,2,20.0,20.0,50.0,2.0
2026-08-31 23:11:46.267502,s5,2:,178,27939,19735,41381470,78,Afternoon,andm_inspired_rural,ntabankulu,764.605,66.6667,17.754703,30.0,2,20.0,20.0,50.0,2.0
2026-08-31 23:11:46.267502,s5,LOCAL:,0,0,0,0,78,Afternoon,andm_inspired_rural,ntabankulu,764.605,66.6667,17.754703,30.0,2,20.0,20.0,50.0,2.0
2026-08-31 23:11:47.499719,s1,1:,288,66630,28685,98769095,79,Afternoon,andm_inspired_rural,winnie,732.261,66.6667,18.47977,30.0,2,20.0,20.0,50.0,2.0
2026-08-31 23:11:47.499719,s1,2:,62378,199,92660674,24435,79,Afternoon,andm_inspired_rural,winnie,732.261,66.6667,18.47977,30.0,2,20.0,20.0,50.0,2.0
2026-08-31 23:11:47.499719,s1,3:,182,180,20871,20236,79,Afternoon,andm_inspired_rural,winnie,732.261,66.6667,18.47977,30.0,2,20.0,20.0,50.0,2.0
2026-08-31 23:11:47.499719,s1,4:,185,184,21073,20671,79,Afternoon,andm_inspired_rural,winnie,732.261,66.6667,18.47977,30.0,2,20.0,20.0,50.0,2.0
2026-08-31 23:11:47.499719,s1,5:,34284,184,50824520,20487,79,Afternoon,andm_inspired_rural,winnie,732.261,66.6667,18.47977,30.0,2,20.0,20.0,50.0,2.0
2026-08-31 23:11:47.499719,s1,LOCAL:,0,0,0,0,79,Afternoon,andm_inspired_rural,winnie,732.261,66.6667,18.47977,30.0,2,20.0,20.0,50.0,2.0
2026-08-31 23:11:47.499719,s2,1:,63895,207,95045084,25454,79,Afternoon,andm_inspired_rural,winnie,732.261,66.6667,18.47977,30.0,2,20.0,20.0,50.0,2.0
2026-08-31 23:11:47.499719,s2,2:,199,62378,24435,92660674,79,Afternoon,andm_inspired_rural,winnie,732.261,66.6667,18.47977,30.0,2,20.0,20.0,50.0,2.0
2026-08-31 23:11:47.499719,s2,LOCAL:,0,0,0,0,79,Afternoon,andm_inspired_rural,winnie,732.261,66.6667,18.47977,30.0,2,20.0,20.0,50.0,2.0
2026-08-31 23:11:47.499719,s3,1:,92,184,8136,20825,79,Afternoon,andm_inspired_rural,winnie,732.261,66.6667,18.47977,30.0,2,20.0,20.0,50.0,2.0
2026-08-31 23:11:47.499719,s3,2:,180,182,20236,20871,79,Afternoon,andm_inspired_rural,winnie,732.261,66.6667,18.47977,30.0,2,20.0,20.0,50.0,2.0
2026-08-31 23:11:47.499719,s3,LOCAL:,0,0,0,0,79,Afternoon,andm_inspired_rural,winnie,732.261,66.6667,18.47977,30.0,2,20.0,20.0,50.0,2.0
2026-08-31 23:11:47.499719,s4,1:,96,188,8396,21097,79,Afternoon,andm_inspired_rural,winnie,732.261,66.6667,18.47977,30.0,2,20.0,20.0,50.0,2.0
2026-08-31 23:11:47.499719,s4,2:,184,185,20671,21073,79,Afternoon,andm_inspired_rural,winnie,732.261,66.6667,18.47977,30.0,2,20.0,20.0,50.0,2.0
2026-08-31 23:11:47.499719,s4,LOCAL:,0,0,0,0,79,Afternoon,andm_inspired_rural,winnie,732.261,66.6667,18.47977,30.0,2,20.0,20.0,50.0,2.0
2026-08-31 23:11:47.499719,s5,1:,34978,189,51977137,21133,79,Afternoon,andm_inspired_rural,winnie,732.261,66.6667,18.47977,30.0,2,20.0,20.0,50.0,2.0
2026-08-31 23:11:47.499719,s5,2:,184,34284,20487,50824520,79,Afternoon,andm_inspired_rural,winnie,732.261,66.6667,18.47977,30.0,2,20.0,20.0,50.0,2.0
2026-08-31 23:11:47.499719,s5,LOCAL:,0,0,0,0,79,Afternoon,andm_inspired_rural,winnie,732.261,66.6667,18.47977,30.0,2,20.0,20.0,50.0,2.0
2026-08-31 23:11:48.736531,s1,1:,288,66630,28685,98769095,80,Afternoon,andm_inspired_rural,matatiele,800.701,33.3333,17.413109,30.0,2,20.0,20.0,50.0,2.0
2026-08-31 23:11:48.736531,s1,2:,62378,199,92660674,24435,80,Afternoon,andm_inspired_rural,matatiele,800.701,33.3333,17.413109,30.0,2,20.0,20.0,50.0,2.0
2026-08-31 23:11:48.736531,s1,3:,182,180,20871,20236,80,Afternoon,andm_inspired_rural,matatiele,800.701,33.3333,17.413109,30.0,2,20.0,20.0,50.0,2.0
2026-08-31 23:11:48.736531,s1,4:,185,184,21073,20671,80,Afternoon,andm_inspired_rural,matatiele,800.701,33.3333,17.413109,30.0,2,20.0,20.0,50.0,2.0
2026-08-31 23:11:48.736531,s1,5:,34284,184,50824520,20487,80,Afternoon,andm_inspired_rural,matatiele,800.701,33.3333,17.413109,30.0,2,20.0,20.0,50.0,2.0
2026-08-31 23:11:48.736531,s1,LOCAL:,0,0,0,0,80,Afternoon,andm_inspired_rural,matatiele,800.701,33.3333,17.413109,30.0,2,20.0,20.0,50.0,2.0
2026-08-31 23:11:48.736531,s2,1:,63895,207,95045084,25454,80,Afternoon,andm_inspired_rural,matatiele,800.701,33.3333,17.413109,30.0,2,20.0,20.0,50.0,2.0
2026-08-31 23:11:48.736531,s2,2:,199,62378,24435,92660674,80,Afternoon,andm_inspired_rural,matatiele,800.701,33.3333,17.413109,30.0,2,20.0,20.0,50.0,2.0
2026-08-31 23:11:48.736531,s2,LOCAL:,0,0,0,0,80,Afternoon,andm_inspired_rural,matatiele,800.701,33.3333,17.413109,30.0,2,20.0,20.0,50.0,2.0
2026-08-31 23:11:48.736531,s3,1:,92,184,8136,20825,80,Afternoon,andm_inspired_rural,matatiele,800.701,33.3333,17.413109,30.0,2,20.0,20.0,50.0,2.0
2026-08-31 23:11:48.736531,s3,2:,180,182,20236,20871,80,Afternoon,andm_inspired_rural,matatiele,800.701,33.3333,17.413109,30.0,2,20.0,20.0,50.0,2.0
2026-08-31 23:11:48.736531,s3,LOCAL:,0,0,0,0,80,Afternoon,andm_inspired_rural,matatiele,800.701,33.3333,17.413109,30.0,2,20.0,20.0,50.0,2.0
2026-08-31 23:11:48.736531,s4,1:,96,188,8396,21097,80,Afternoon,andm_inspired_rural,matatiele,800.701,33.3333,17.413109,30.0,2,20.0,20.0,50.0,2.0
2026-08-31 23:11:48.736531,s4,2:,184,185,20671,21073,80,Afternoon,andm_inspired_rural,matatiele,800.701,33.3333,17.413109,30.0,2,20.0,20.0,50.0,2.0
2026-08-31 23:11:48.736531,s4,LOCAL:,0,0,0,0,80,Afternoon,andm_inspired_rural,matatiele,800.701,33.3333,17.413109,30.0,2,20.0,20.0,50.0,2.0
2026-08-31 23:11:48.736531,s5,1:,34978,189,51977137,21133,80,Afternoon,andm_inspired_rural,matatiele,800.701,33.3333,17.413109,30.0,2,20.0,20.0,50.0,2.0
2026-08-31 23:11:48.736531,s5,2:,184,34284,20487,50824520,80,Afternoon,andm_inspired_rural,matatiele,800.701,33.3333,17.413109,30.0,2,20.0,20.0,50.0,2.0
2026-08-31 23:11:48.736531,s5,LOCAL:,0,0,0,0,80,Afternoon,andm_inspired_rural,matatiele,800.701,33.3333,17.413109,30.0,2,20.0,20.0,50.0,2.0
2026-08-31 23:11:49.738452,s1,1:,288,66630,28685,98769095,81,Afternoon,andm_inspired_rural,umzimvubu,773.098,0.0,18.485969,30.0,2,20.0,20.0,50.0,2.0
2026-08-31 23:11:49.738452,s1,2:,62378,199,92660674,24435,81,Afternoon,andm_inspired_rural,umzimvubu,773.098,0.0,18.485969,30.0,2,20.0,20.0,50.0,2.0
2026-08-31 23:11:49.738452,s1,3:,182,180,20871,20236,81,Afternoon,andm_inspired_rural,umzimvubu,773.098,0.0,18.485969,30.0,2,20.0,20.0,50.0,2.0
2026-08-31 23:11:49.738452,s1,4:,185,184,21073,20671,81,Afternoon,andm_inspired_rural,umzimvubu,773.098,0.0,18.485969,30.0,2,20.0,20.0,50.0,2.0
2026-08-31 23:11:49.738452,s1,5:,34284,184,50824520,20487,81,Afternoon,andm_inspired_rural,umzimvubu,773.098,0.0,18.485969,30.0,2,20.0,20.0,50.0,2.0
2026-08-31 23:11:49.738452,s1,LOCAL:,0,0,0,0,81,Afternoon,andm_inspired_rural,umzimvubu,773.098,0.0,18.485969,30.0,2,20.0,20.0,50.0,2.0
2026-08-31 23:11:49.738452,s2,1:,63895,207,95045084,25454,81,Afternoon,andm_inspired_rural,umzimvubu,773.098,0.0,18.485969,30.0,2,20.0,20.0,50.0,2.0
2026-08-31 23:11:49.738452,s2,2:,199,62378,24435,92660674,81,Afternoon,andm_inspired_rural,umzimvubu,773.098,0.0,18.485969,30.0,2,20.0,20.0,50.0,2.0
2026-08-31 23:11:49.738452,s2,LOCAL:,0,0,0,0,81,Afternoon,andm_inspired_rural,umzimvubu,773.098,0.0,18.485969,30.0,2,20.0,20.0,50.0,2.0
2026-08-31 23:11:49.738452,s3,1:,92,184,8136,20825,81,Afternoon,andm_inspired_rural,umzimvubu,773.098,0.0,18.485969,30.0,2,20.0,20.0,50.0,2.0
2026-08-31 23:11:49.738452,s3,2:,180,182,20236,20871,81,Afternoon,andm_inspired_rural,umzimvubu,773.098,0.0,18.485969,30.0,2,20.0,20.0,50.0,2.0
2026-08-31 23:11:49.738452,s3,LOCAL:,0,0,0,0,81,Afternoon,andm_inspired_rural,umzimvubu,773.098,0.0,18.485969,30.0,2,20.0,20.0,50.0,2.0
2026-08-31 23:11:49.738452,s4,1:,96,188,8396,21097,81,Afternoon,andm_inspired_rural,umzimvubu,773.098,0.0,18.485969,30.0,2,20.0,20.0,50.0,2.0
2026-08-31 23:11:49.738452,s4,2:,184,185,20671,21073,81,Afternoon,andm_inspired_rural,umzimvubu,773.098,0.0,18.485969,30.0,2,20.0,20.0,50.0,2.0
2026-08-31 23:11:49.738452,s4,LOCAL:,0,0,0,0,81,Afternoon,andm_inspired_rural,umzimvubu,773.098,0.0,18.485969,30.0,2,20.0,20.0,50.0,2.0
2026-08-31 23:11:49.738452,s5,1:,34978,189,51977137,21133,81,Afternoon,andm_inspired_rural,umzimvubu,773.098,0.0,18.485969,30.0,2,20.0,20.0,50.0,2.0
2026-08-31 23:11:49.738452,s5,2:,184,34284,20487,50824520,81,Afternoon,andm_inspired_rural,umzimvubu,773.098,0.0,18.485969,30.0,2,20.0,20.0,50.0,2.0
2026-08-31 23:11:49.738452,s5,LOCAL:,0,0,0,0,81,Afternoon,andm_inspired_rural,umzimvubu,773.098,0.0,18.485969,30.0,2,20.0,20.0,50.0,2.0
2026-08-31 23:11:50.963110,s1,1:,288,66630,28685,98769095,82,Afternoon,andm_inspired_rural,ntabankulu,777.139,66.6667,18.022751,30.0,2,20.0,20.0,50.0,2.0
2026-08-31 23:11:50.963110,s1,2:,62378,199,92660674,24435,82,Afternoon,andm_inspired_rural,ntabankulu,777.139,66.6667,18.022751,30.0,2,20.0,20.0,50.0,2.0
2026-08-31 23:11:50.963110,s1,3:,182,180,20871,20236,82,Afternoon,andm_inspired_rural,ntabankulu,777.139,66.6667,18.022751,30.0,2,20.0,20.0,50.0,2.0
2026-08-31 23:11:50.963110,s1,4:,185,184,21073,20671,82,Afternoon,andm_inspired_rural,ntabankulu,777.139,66.6667,18.022751,30.0,2,20.0,20.0,50.0,2.0
2026-08-31 23:11:50.963110,s1,5:,34284,184,50824520,20487,82,Afternoon,andm_inspired_rural,ntabankulu,777.139,66.6667,18.022751,30.0,2,20.0,20.0,50.0,2.0
2026-08-31 23:11:50.963110,s1,LOCAL:,0,0,0,0,82,Afternoon,andm_inspired_rural,ntabankulu,777.139,66.6667,18.022751,30.0,2,20.0,20.0,50.0,2.0
2026-08-31 23:11:50.963110,s2,1:,63895,207,95045084,25454,82,Afternoon,andm_inspired_rural,ntabankulu,777.139,66.6667,18.022751,30.0,2,20.0,20.0,50.0,2.0
2026-08-31 23:11:50.963110,s2,2:,199,62378,24435,92660674,82,Afternoon,andm_inspired_rural,ntabankulu,777.139,66.6667,18.022751,30.0,2,20.0,20.0,50.0,2.0
2026-08-31 23:11:50.963110,s2,LOCAL:,0,0,0,0,82,Afternoon,andm_inspired_rural,ntabankulu,777.139,66.6667,18.022751,30.0,2,20.0,20.0,50.0,2.0
2026-08-31 23:11:50.963110,s3,1:,92,184,8136,20825,82,Afternoon,andm_inspired_rural,ntabankulu,777.139,66.6667,18.022751,30.0,2,20.0,20.0,50.0,2.0
2026-08-31 23:11:50.963110,s3,2:,180,182,20236,20871,82,Afternoon,andm_inspired_rural,ntabankulu,777.139,66.6667,18.022751,30.0,2,20.0,20.0,50.0,2.0
2026-08-31 23:11:50.963110,s3,LOCAL:,0,0,0,0,82,Afternoon,andm_inspired_rural,ntabankulu,777.139,66.6667,18.022751,30.0,2,20.0,20.0,50.0,2.0
2026-08-31 23:11:50.963110,s4,1:,96,188,8396,21097,82,Afternoon,andm_inspired_rural,ntabankulu,777.139,66.6667,18.022751,30.0,2,20.0,20.0,50.0,2.0
2026-08-31 23:11:50.963110,s4,2:,184,185,20671,21073,82,Afternoon,andm_inspired_rural,ntabankulu,777.139,66.6667,18.022751,30.0,2,20.0,20.0,50.0,2.0
2026-08-31 23:11:50.963110,s4,LOCAL:,0,0,0,0,82,Afternoon,andm_inspired_rural,ntabankulu,777.139,66.6667,18.022751,30.0,2,20.0,20.0,50.0,2.0
2026-08-31 23:11:50.963110,s5,1:,34978,189,51977137,21133,82,Afternoon,andm_inspired_rural,ntabankulu,777.139,66.6667,18.022751,30.0,2,20.0,20.0,50.0,2.0
2026-08-31 23:11:50.963110,s5,2:,184,34284,20487,50824520,82,Afternoon,andm_inspired_rural,ntabankulu,777.139,66.6667,18.022751,30.0,2,20.0,20.0,50.0,2.0
2026-08-31 23:11:50.963110,s5,LOCAL:,0,0,0,0,82,Afternoon,andm_inspired_rural,ntabankulu,777.139,66.6667,18.022751,30.0,2,20.0,20.0,50.0,2.0
2026-08-31 23:11:52.186303,s1,1:,288,66630,28685,98769095,83,Afternoon,andm_inspired_rural,winnie,775.989,66.6667,18.248007,30.0,2,20.0,20.0,50.0,2.0
2026-08-31 23:11:52.186303,s1,2:,62378,199,92660674,24435,83,Afternoon,andm_inspired_rural,winnie,775.989,66.6667,18.248007,30.0,2,20.0,20.0,50.0,2.0
2026-08-31 23:11:52.186303,s1,3:,182,180,20871,20236,83,Afternoon,andm_inspired_rural,winnie,775.989,66.6667,18.248007,30.0,2,20.0,20.0,50.0,2.0
2026-08-31 23:11:52.186303,s1,4:,185,184,21073,20671,83,Afternoon,andm_inspired_rural,winnie,775.989,66.6667,18.248007,30.0,2,20.0,20.0,50.0,2.0
2026-08-31 23:11:52.186303,s1,5:,34284,184,50824520,20487,83,Afternoon,andm_inspired_rural,winnie,775.989,66.6667,18.248007,30.0,2,20.0,20.0,50.0,2.0
2026-08-31 23:11:52.186303,s1,LOCAL:,0,0,0,0,83,Afternoon,andm_inspired_rural,winnie,775.989,66.6667,18.248007,30.0,2,20.0,20.0,50.0,2.0
2026-08-31 23:11:52.186303,s2,1:,63895,207,95045084,25454,83,Afternoon,andm_inspired_rural,winnie,775.989,66.6667,18.248007,30.0,2,20.0,20.0,50.0,2.0
2026-08-31 23:11:52.186303,s2,2:,199,62378,24435,92660674,83,Afternoon,andm_inspired_rural,winnie,775.989,66.6667,18.248007,30.0,2,20.0,20.0,50.0,2.0
2026-08-31 23:11:52.186303,s2,LOCAL:,0,0,0,0,83,Afternoon,andm_inspired_rural,winnie,775.989,66.6667,18.248007,30.0,2,20.0,20.0,50.0,2.0
2026-08-31 23:11:52.186303,s3,1:,92,184,8136,20825,83,Afternoon,andm_inspired_rural,winnie,775.989,66.6667,18.248007,30.0,2,20.0,20.0,50.0,2.0
2026-08-31 23:11:52.186303,s3,2:,180,182,20236,20871,83,Afternoon,andm_inspired_rural,winnie,775.989,66.6667,18.248007,30.0,2,20.0,20.0,50.0,2.0
2026-08-31 23:11:52.186303,s3,LOCAL:,0,0,0,0,83,Afternoon,andm_inspired_rural,winnie,775.989,66.6667,18.248007,30.0,2,20.0,20.0,50.0,2.0
2026-08-31 23:11:52.186303,s4,1:,96,188,8396,21097,83,Afternoon,andm_inspired_rural,winnie,775.989,66.6667,18.248007,30.0,2,20.0,20.0,50.0,2.0
2026-08-31 23:11:52.186303,s4,2:,184,185,20671,21073,83,Afternoon,andm_inspired_rural,winnie,775.989,66.6667,18.248007,30.0,2,20.0,20.0,50.0,2.0
2026-08-31 23:11:52.186303,s4,LOCAL:,0,0,0,0,83,Afternoon,andm_inspired_rural,winnie,775.989,66.6667,18.248007,30.0,2,20.0,20.0,50.0,2.0
2026-08-31 23:11:52.186303,s5,1:,34978,189,51977137,21133,83,Afternoon,andm_inspired_rural,winnie,775.989,66.6667,18.248007,30.0,2,20.0,20.0,50.0,2.0
2026-08-31 23:11:52.186303,s5,2:,184,34284,20487,50824520,83,Afternoon,andm_inspired_rural,winnie,775.989,66.6667,18.248007,30.0,2,20.0,20.0,50.0,2.0
2026-08-31 23:11:52.186303,s5,LOCAL:,0,0,0,0,83,Afternoon,andm_inspired_rural,winnie,775.989,66.6667,18.248007,30.0,2,20.0,20.0,50.0,2.0
2026-08-31 23:11:53.195221,s1,1:,295,74217,29371,110061279,84,Afternoon,andm_inspired_rural,matatiele,783.761,0.0,18.068401,30.0,2,20.0,20.0,50.0,2.0
2026-08-31 23:11:53.195221,s1,2:,68759,203,102160094,24909,84,Afternoon,andm_inspired_rural,matatiele,783.761,0.0,18.068401,30.0,2,20.0,20.0,50.0,2.0
2026-08-31 23:11:53.195221,s1,3:,187,185,21443,20808,84,Afternoon,andm_inspired_rural,matatiele,783.761,0.0,18.068401,30.0,2,20.0,20.0,50.0,2.0
2026-08-31 23:11:53.195221,s1,4:,190,187,21645,21047,84,Afternoon,andm_inspired_rural,matatiele,783.761,0.0,18.068401,30.0,2,20.0,20.0,50.0,2.0
2026-08-31 23:11:53.195221,s1,5:,40645,187,60295532,20863,84,Afternoon,andm_inspired_rural,matatiele,783.761,0.0,18.068401,30.0,2,20.0,20.0,50.0,2.0
2026-08-31 23:11:53.195221,s1,LOCAL:,0,0,0,0,84,Afternoon,andm_inspired_rural,matatiele,783.761,0.0,18.068401,30.0,2,20.0,20.0,50.0,2.0
2026-08-31 23:11:53.195221,s2,1:,70375,211,104693296,25928,84,Afternoon,andm_inspired_rural,matatiele,783.761,0.0,18.068401,30.0,2,20.0,20.0,50.0,2.0
2026-08-31 23:11:53.195221,s2,2:,203,68760,24909,102161584,84,Afternoon,andm_inspired_rural,matatiele,783.761,0.0,18.068401,30.0,2,20.0,20.0,50.0,2.0
2026-08-31 23:11:53.195221,s2,LOCAL:,0,0,0,0,84,Afternoon,andm_inspired_rural,matatiele,783.761,0.0,18.068401,30.0,2,20.0,20.0,50.0,2.0
2026-08-31 23:11:53.195221,s3,1:,95,189,8430,21397,84,Afternoon,andm_inspired_rural,matatiele,783.761,0.0,18.068401,30.0,2,20.0,20.0,50.0,2.0
2026-08-31 23:11:53.195221,s3,2:,185,187,20808,21443,84,Afternoon,andm_inspired_rural,matatiele,783.761,0.0,18.068401,30.0,2,20.0,20.0,50.0,2.0
2026-08-31 23:11:53.195221,s3,LOCAL:,0,0,0,0,84,Afternoon,andm_inspired_rural,matatiele,783.761,0.0,18.068401,30.0,2,20.0,20.0,50.0,2.0
2026-08-31 23:11:53.195221,s4,1:,99,191,8690,21473,84,Afternoon,andm_inspired_rural,matatiele,783.761,0.0,18.068401,30.0,2,20.0,20.0,50.0,2.0
2026-08-31 23:11:53.195221,s4,2:,187,190,21047,21645,84,Afternoon,andm_inspired_rural,matatiele,783.761,0.0,18.068401,30.0,2,20.0,20.0,50.0,2.0
2026-08-31 23:11:53.195221,s4,LOCAL:,0,0,0,0,84,Afternoon,andm_inspired_rural,matatiele,783.761,0.0,18.068401,30.0,2,20.0,20.0,50.0,2.0
2026-08-31 23:11:53.195221,s5,1:,41456,193,61625181,21579,84,Afternoon,andm_inspired_rural,matatiele,783.761,0.0,18.068401,30.0,2,20.0,20.0,50.0,2.0
2026-08-31 23:11:53.195221,s5,2:,187,40646,20863,60297022,84,Afternoon,andm_inspired_rural,matatiele,783.761,0.0,18.068401,30.0,2,20.0,20.0,50.0,2.0
2026-08-31 23:11:53.195221,s5,LOCAL:,0,0,0,0,84,Afternoon,andm_inspired_rural,matatiele,783.761,0.0,18.068401,30.0,2,20.0,20.0,50.0,2.0
2026-08-31 23:11:54.418719,s1,1:,295,74217,29371,110061279,85,Afternoon,andm_inspired_rural,umzimvubu,820.579,66.6667,17.457496,30.0,2,20.0,20.0,50.0,2.0
2026-08-31 23:11:54.418719,s1,2:,68759,203,102160094,24909,85,Afternoon,andm_inspired_rural,umzimvubu,820.579,66.6667,17.457496,30.0,2,20.0,20.0,50.0,2.0
2026-08-31 23:11:54.418719,s1,3:,187,185,21443,20808,85,Afternoon,andm_inspired_rural,umzimvubu,820.579,66.6667,17.457496,30.0,2,20.0,20.0,50.0,2.0
2026-08-31 23:11:54.418719,s1,4:,190,187,21645,21047,85,Afternoon,andm_inspired_rural,umzimvubu,820.579,66.6667,17.457496,30.0,2,20.0,20.0,50.0,2.0
2026-08-31 23:11:54.418719,s1,5:,40645,187,60295532,20863,85,Afternoon,andm_inspired_rural,umzimvubu,820.579,66.6667,17.457496,30.0,2,20.0,20.0,50.0,2.0
2026-08-31 23:11:54.418719,s1,LOCAL:,0,0,0,0,85,Afternoon,andm_inspired_rural,umzimvubu,820.579,66.6667,17.457496,30.0,2,20.0,20.0,50.0,2.0
2026-08-31 23:11:54.418719,s2,1:,70375,211,104693296,25928,85,Afternoon,andm_inspired_rural,umzimvubu,820.579,66.6667,17.457496,30.0,2,20.0,20.0,50.0,2.0
2026-08-31 23:11:54.418719,s2,2:,203,68760,24909,102161584,85,Afternoon,andm_inspired_rural,umzimvubu,820.579,66.6667,17.457496,30.0,2,20.0,20.0,50.0,2.0
2026-08-31 23:11:54.418719,s2,LOCAL:,0,0,0,0,85,Afternoon,andm_inspired_rural,umzimvubu,820.579,66.6667,17.457496,30.0,2,20.0,20.0,50.0,2.0
2026-08-31 23:11:54.418719,s3,1:,95,189,8430,21397,85,Afternoon,andm_inspired_rural,umzimvubu,820.579,66.6667,17.457496,30.0,2,20.0,20.0,50.0,2.0
2026-08-31 23:11:54.418719,s3,2:,185,187,20808,21443,85,Afternoon,andm_inspired_rural,umzimvubu,820.579,66.6667,17.457496,30.0,2,20.0,20.0,50.0,2.0
2026-08-31 23:11:54.418719,s3,LOCAL:,0,0,0,0,85,Afternoon,andm_inspired_rural,umzimvubu,820.579,66.6667,17.457496,30.0,2,20.0,20.0,50.0,2.0
2026-08-31 23:11:54.418719,s4,1:,99,191,8690,21473,85,Afternoon,andm_inspired_rural,umzimvubu,820.579,66.6667,17.457496,30.0,2,20.0,20.0,50.0,2.0
2026-08-31 23:11:54.418719,s4,2:,187,190,21047,21645,85,Afternoon,andm_inspired_rural,umzimvubu,820.579,66.6667,17.457496,30.0,2,20.0,20.0,50.0,2.0
2026-08-31 23:11:54.418719,s4,LOCAL:,0,0,0,0,85,Afternoon,andm_inspired_rural,umzimvubu,820.579,66.6667,17.457496,30.0,2,20.0,20.0,50.0,2.0
2026-08-31 23:11:54.418719,s5,1:,41456,193,61625181,21579,85,Afternoon,andm_inspired_rural,umzimvubu,820.579,66.6667,17.457496,30.0,2,20.0,20.0,50.0,2.0
2026-08-31 23:11:54.418719,s5,2:,187,40646,20863,60297022,85,Afternoon,andm_inspired_rural,umzimvubu,820.579,66.6667,17.457496,30.0,2,20.0,20.0,50.0,2.0
2026-08-31 23:11:54.418719,s5,LOCAL:,0,0,0,0,85,Afternoon,andm_inspired_rural,umzimvubu,820.579,66.6667,17.457496,30.0,2,20.0,20.0,50.0,2.0
2026-08-31 23:11:55.651684,s1,1:,295,74217,29371,110061279,86,Afternoon,andm_inspired_rural,ntabankulu,822.398,33.3333,17.559432,30.0,2,20.0,20.0,50.0,2.0
2026-08-31 23:11:55.651684,s1,2:,68759,203,102160094,24909,86,Afternoon,andm_inspired_rural,ntabankulu,822.398,33.3333,17.559432,30.0,2,20.0,20.0,50.0,2.0
2026-08-31 23:11:55.651684,s1,3:,187,185,21443,20808,86,Afternoon,andm_inspired_rural,ntabankulu,822.398,33.3333,17.559432,30.0,2,20.0,20.0,50.0,2.0
2026-08-31 23:11:55.651684,s1,4:,190,187,21645,21047,86,Afternoon,andm_inspired_rural,ntabankulu,822.398,33.3333,17.559432,30.0,2,20.0,20.0,50.0,2.0
2026-08-31 23:11:55.651684,s1,5:,40645,187,60295532,20863,86,Afternoon,andm_inspired_rural,ntabankulu,822.398,33.3333,17.559432,30.0,2,20.0,20.0,50.0,2.0
2026-08-31 23:11:55.651684,s1,LOCAL:,0,0,0,0,86,Afternoon,andm_inspired_rural,ntabankulu,822.398,33.3333,17.559432,30.0,2,20.0,20.0,50.0,2.0
2026-08-31 23:11:55.651684,s2,1:,70375,211,104693296,25928,86,Afternoon,andm_inspired_rural,ntabankulu,822.398,33.3333,17.559432,30.0,2,20.0,20.0,50.0,2.0
2026-08-31 23:11:55.651684,s2,2:,203,68760,24909,102161584,86,Afternoon,andm_inspired_rural,ntabankulu,822.398,33.3333,17.559432,30.0,2,20.0,20.0,50.0,2.0
2026-08-31 23:11:55.651684,s2,LOCAL:,0,0,0,0,86,Afternoon,andm_inspired_rural,ntabankulu,822.398,33.3333,17.559432,30.0,2,20.0,20.0,50.0,2.0
2026-08-31 23:11:55.651684,s3,1:,95,189,8430,21397,86,Afternoon,andm_inspired_rural,ntabankulu,822.398,33.3333,17.559432,30.0,2,20.0,20.0,50.0,2.0
2026-08-31 23:11:55.651684,s3,2:,185,187,20808,21443,86,Afternoon,andm_inspired_rural,ntabankulu,822.398,33.3333,17.559432,30.0,2,20.0,20.0,50.0,2.0
2026-08-31 23:11:55.651684,s3,LOCAL:,0,0,0,0,86,Afternoon,andm_inspired_rural,ntabankulu,822.398,33.3333,17.559432,30.0,2,20.0,20.0,50.0,2.0
2026-08-31 23:11:55.651684,s4,1:,99,191,8690,21473,86,Afternoon,andm_inspired_rural,ntabankulu,822.398,33.3333,17.559432,30.0,2,20.0,20.0,50.0,2.0
2026-08-31 23:11:55.651684,s4,2:,187,190,21047,21645,86,Afternoon,andm_inspired_rural,ntabankulu,822.398,33.3333,17.559432,30.0,2,20.0,20.0,50.0,2.0
2026-08-31 23:11:55.651684,s4,LOCAL:,0,0,0,0,86,Afternoon,andm_inspired_rural,ntabankulu,822.398,33.3333,17.559432,30.0,2,20.0,20.0,50.0,2.0
2026-08-31 23:11:55.651684,s5,1:,41456,193,61625181,21579,86,Afternoon,andm_inspired_rural,ntabankulu,822.398,33.3333,17.559432,30.0,2,20.0,20.0,50.0,2.0
2026-08-31 23:11:55.651684,s5,2:,187,40646,20863,60297022,86,Afternoon,andm_inspired_rural,ntabankulu,822.398,33.3333,17.559432,30.0,2,20.0,20.0,50.0,2.0
2026-08-31 23:11:55.651684,s5,LOCAL:,0,0,0,0,86,Afternoon,andm_inspired_rural,ntabankulu,822.398,33.3333,17.559432,30.0,2,20.0,20.0,50.0,2.0
2026-08-31 23:11:56.893993,s1,1:,295,74217,29371,110061279,87,Afternoon,andm_inspired_rural,winnie,780.394,33.3333,17.507471,30.0,2,20.0,20.0,50.0,2.0
2026-08-31 23:11:56.893993,s1,2:,68759,203,102160094,24909,87,Afternoon,andm_inspired_rural,winnie,780.394,33.3333,17.507471,30.0,2,20.0,20.0,50.0,2.0
2026-08-31 23:11:56.893993,s1,3:,187,185,21443,20808,87,Afternoon,andm_inspired_rural,winnie,780.394,33.3333,17.507471,30.0,2,20.0,20.0,50.0,2.0
2026-08-31 23:11:56.893993,s1,4:,190,187,21645,21047,87,Afternoon,andm_inspired_rural,winnie,780.394,33.3333,17.507471,30.0,2,20.0,20.0,50.0,2.0
2026-08-31 23:11:56.893993,s1,5:,40645,187,60295532,20863,87,Afternoon,andm_inspired_rural,winnie,780.394,33.3333,17.507471,30.0,2,20.0,20.0,50.0,2.0
2026-08-31 23:11:56.893993,s1,LOCAL:,0,0,0,0,87,Afternoon,andm_inspired_rural,winnie,780.394,33.3333,17.507471,30.0,2,20.0,20.0,50.0,2.0
2026-08-31 23:11:56.893993,s2,1:,70375,211,104693296,25928,87,Afternoon,andm_inspired_rural,winnie,780.394,33.3333,17.507471,30.0,2,20.0,20.0,50.0,2.0
2026-08-31 23:11:56.893993,s2,2:,203,68760,24909,102161584,87,Afternoon,andm_inspired_rural,winnie,780.394,33.3333,17.507471,30.0,2,20.0,20.0,50.0,2.0
2026-08-31 23:11:56.893993,s2,LOCAL:,0,0,0,0,87,Afternoon,andm_inspired_rural,winnie,780.394,33.3333,17.507471,30.0,2,20.0,20.0,50.0,2.0
2026-08-31 23:11:56.893993,s3,1:,95,189,8430,21397,87,Afternoon,andm_inspired_rural,winnie,780.394,33.3333,17.507471,30.0,2,20.0,20.0,50.0,2.0
2026-08-31 23:11:56.893993,s3,2:,185,187,20808,21443,87,Afternoon,andm_inspired_rural,winnie,780.394,33.3333,17.507471,30.0,2,20.0,20.0,50.0,2.0
2026-08-31 23:11:56.893993,s3,LOCAL:,0,0,0,0,87,Afternoon,andm_inspired_rural,winnie,780.394,33.3333,17.507471,30.0,2,20.0,20.0,50.0,2.0
2026-08-31 23:11:56.893993,s4,1:,99,191,8690,21473,87,Afternoon,andm_inspired_rural,winnie,780.394,33.3333,17.507471,30.0,2,20.0,20.0,50.0,2.0
2026-08-31 23:11:56.893993,s4,2:,187,190,21047,21645,87,Afternoon,andm_inspired_rural,winnie,780.394,33.3333,17.507471,30.0,2,20.0,20.0,50.0,2.0
2026-08-31 23:11:56.893993,s4,LOCAL:,0,0,0,0,87,Afternoon,andm_inspired_rural,winnie,780.394,33.3333,17.507471,30.0,2,20.0,20.0,50.0,2.0
2026-08-31 23:11:56.893993,s5,1:,41456,193,61625181,21579,87,Afternoon,andm_inspired_rural,winnie,780.394,33.3333,17.507471,30.0,2,20.0,20.0,50.0,2.0
2026-08-31 23:11:56.893993,s5,2:,187,40646,20863,60297022,87,Afternoon,andm_inspired_rural,winnie,780.394,33.3333,17.507471,30.0,2,20.0,20.0,50.0,2.0
2026-08-31 23:11:56.893993,s5,LOCAL:,0,0,0,0,87,Afternoon,andm_inspired_rural,winnie,780.394,33.3333,17.507471,30.0,2,20.0,20.0,50.0,2.0
2026-08-31 23:11:58.129783,s1,1:,305,81620,30239,121072281,88,Afternoon,andm_inspired_rural,matatiele,773.137,66.6667,18.177626,30.0,2,20.0,20.0,50.0,2.0
2026-08-31 23:11:58.129783,s1,2:,75083,211,111567659,25769,88,Afternoon,andm_inspired_rural,matatiele,773.137,66.6667,18.177626,30.0,2,20.0,20.0,50.0,2.0
2026-08-31 23:11:58.129783,s1,3:,195,191,22400,21569,88,Afternoon,andm_inspired_rural,matatiele,773.137,66.6667,18.177626,30.0,2,20.0,20.0,50.0,2.0
2026-08-31 23:11:58.129783,s1,4:,199,195,22644,21948,88,Afternoon,andm_inspired_rural,matatiele,773.137,66.6667,18.177626,30.0,2,20.0,20.0,50.0,2.0
2026-08-31 23:11:58.129783,s1,5:,46962,194,69696899,21722,88,Afternoon,andm_inspired_rural,matatiele,773.137,66.6667,18.177626,30.0,2,20.0,20.0,50.0,2.0
2026-08-31 23:11:58.129783,s1,LOCAL:,0,0,0,0,88,Afternoon,andm_inspired_rural,matatiele,773.137,66.6667,18.177626,30.0,2,20.0,20.0,50.0,2.0
2026-08-31 23:11:58.129783,s2,1:,76864,220,114353498,26927,88,Afternoon,andm_inspired_rural,matatiele,773.137,66.6667,18.177626,30.0,2,20.0,20.0,50.0,2.0
2026-08-31 23:11:58.129783,s2,2:,211,75083,25769,111567659,88,Afternoon,andm_inspired_rural,matatiele,773.137,66.6667,18.177626,30.0,2,20.0,20.0,50.0,2.0
2026-08-31 23:11:58.129783,s2,LOCAL:,0,0,0,0,88,Afternoon,andm_inspired_rural,matatiele,773.137,66.6667,18.177626,30.0,2,20.0,20.0,50.0,2.0
2026-08-31 23:11:58.129783,s3,1:,98,196,8724,22228,88,Afternoon,andm_inspired_rural,matatiele,773.137,66.6667,18.177626,30.0,2,20.0,20.0,50.0,2.0
2026-08-31 23:11:58.129783,s3,2:,191,195,21569,22400,88,Afternoon,andm_inspired_rural,matatiele,773.137,66.6667,18.177626,30.0,2,20.0,20.0,50.0,2.0
2026-08-31 23:11:58.129783,s3,LOCAL:,0,0,0,0,88,Afternoon,andm_inspired_rural,matatiele,773.137,66.6667,18.177626,30.0,2,20.0,20.0,50.0,2.0
2026-08-31 23:11:58.129783,s4,1:,103,199,9026,22374,88,Afternoon,andm_inspired_rural,matatiele,773.137,66.6667,18.177626,30.0,2,20.0,20.0,50.0,2.0
2026-08-31 23:11:58.129783,s4,2:,195,199,21948,22644,88,Afternoon,andm_inspired_rural,matatiele,773.137,66.6667,18.177626,30.0,2,20.0,20.0,50.0,2.0
2026-08-31 23:11:58.129783,s4,LOCAL:,0,0,0,0,88,Afternoon,andm_inspired_rural,matatiele,773.137,66.6667,18.177626,30.0,2,20.0,20.0,50.0,2.0
2026-08-31 23:11:58.129783,s5,1:,47942,200,71285145,22438,88,Afternoon,andm_inspired_rural,matatiele,773.137,66.6667,18.177626,30.0,2,20.0,20.0,50.0,2.0
2026-08-31 23:11:58.129783,s5,2:,194,46963,21722,69698389,88,Afternoon,andm_inspired_rural,matatiele,773.137,66.6667,18.177626,30.0,2,20.0,20.0,50.0,2.0
2026-08-31 23:11:58.129783,s5,LOCAL:,0,0,0,0,88,Afternoon,andm_inspired_rural,matatiele,773.137,66.6667,18.177626,30.0,2,20.0,20.0,50.0,2.0
2026-08-31 23:11:59.356500,s1,1:,305,81620,30239,121072281,89,Afternoon,andm_inspired_rural,umzimvubu,832.513,33.3333,16.003326,30.0,2,20.0,20.0,50.0,2.0
2026-08-31 23:11:59.356500,s1,2:,75083,211,111567659,25769,89,Afternoon,andm_inspired_rural,umzimvubu,832.513,33.3333,16.003326,30.0,2,20.0,20.0,50.0,2.0
2026-08-31 23:11:59.356500,s1,3:,195,191,22400,21569,89,Afternoon,andm_inspired_rural,umzimvubu,832.513,33.3333,16.003326,30.0,2,20.0,20.0,50.0,2.0
2026-08-31 23:11:59.356500,s1,4:,199,195,22644,21948,89,Afternoon,andm_inspired_rural,umzimvubu,832.513,33.3333,16.003326,30.0,2,20.0,20.0,50.0,2.0
2026-08-31 23:11:59.356500,s1,5:,46962,194,69696899,21722,89,Afternoon,andm_inspired_rural,umzimvubu,832.513,33.3333,16.003326,30.0,2,20.0,20.0,50.0,2.0
2026-08-31 23:11:59.356500,s1,LOCAL:,0,0,0,0,89,Afternoon,andm_inspired_rural,umzimvubu,832.513,33.3333,16.003326,30.0,2,20.0,20.0,50.0,2.0
2026-08-31 23:11:59.356500,s2,1:,76864,220,114353498,26927,89,Afternoon,andm_inspired_rural,umzimvubu,832.513,33.3333,16.003326,30.0,2,20.0,20.0,50.0,2.0
2026-08-31 23:11:59.356500,s2,2:,211,75083,25769,111567659,89,Afternoon,andm_inspired_rural,umzimvubu,832.513,33.3333,16.003326,30.0,2,20.0,20.0,50.0,2.0
2026-08-31 23:11:59.356500,s2,LOCAL:,0,0,0,0,89,Afternoon,andm_inspired_rural,umzimvubu,832.513,33.3333,16.003326,30.0,2,20.0,20.0,50.0,2.0
2026-08-31 23:11:59.356500,s3,1:,98,196,8724,22228,89,Afternoon,andm_inspired_rural,umzimvubu,832.513,33.3333,16.003326,30.0,2,20.0,20.0,50.0,2.0
2026-08-31 23:11:59.356500,s3,2:,191,195,21569,22400,89,Afternoon,andm_inspired_rural,umzimvubu,832.513,33.3333,16.003326,30.0,2,20.0,20.0,50.0,2.0
2026-08-31 23:11:59.356500,s3,LOCAL:,0,0,0,0,89,Afternoon,andm_inspired_rural,umzimvubu,832.513,33.3333,16.003326,30.0,2,20.0,20.0,50.0,2.0
2026-08-31 23:11:59.356500,s4,1:,103,199,9026,22374,89,Afternoon,andm_inspired_rural,umzimvubu,832.513,33.3333,16.003326,30.0,2,20.0,20.0,50.0,2.0
2026-08-31 23:11:59.356500,s4,2:,195,199,21948,22644,89,Afternoon,andm_inspired_rural,umzimvubu,832.513,33.3333,16.003326,30.0,2,20.0,20.0,50.0,2.0
2026-08-31 23:11:59.356500,s4,LOCAL:,0,0,0,0,89,Afternoon,andm_inspired_rural,umzimvubu,832.513,33.3333,16.003326,30.0,2,20.0,20.0,50.0,2.0
2026-08-31 23:11:59.356500,s5,1:,47942,200,71285145,22438,89,Afternoon,andm_inspired_rural,umzimvubu,832.513,33.3333,16.003326,30.0,2,20.0,20.0,50.0,2.0
2026-08-31 23:11:59.356500,s5,2:,194,46963,21722,69698389,89,Afternoon,andm_inspired_rural,umzimvubu,832.513,33.3333,16.003326,30.0,2,20.0,20.0,50.0,2.0
2026-08-31 23:11:59.356500,s5,LOCAL:,0,0,0,0,89,Afternoon,andm_inspired_rural,umzimvubu,832.513,33.3333,16.003326,30.0,2,20.0,20.0,50.0,2.0
2026-08-31 23:12:00.590173,s1,1:,305,81620,30239,121072281,90,Afternoon,andm_inspired_rural,ntabankulu,,100.0,16.574303,30.0,2,20.0,20.0,50.0,2.0
2026-08-31 23:12:00.590173,s1,2:,75083,211,111567659,25769,90,Afternoon,andm_inspired_rural,ntabankulu,,100.0,16.574303,30.0,2,20.0,20.0,50.0,2.0
2026-08-31 23:12:00.590173,s1,3:,195,191,22400,21569,90,Afternoon,andm_inspired_rural,ntabankulu,,100.0,16.574303,30.0,2,20.0,20.0,50.0,2.0
2026-08-31 23:12:00.590173,s1,4:,199,195,22644,21948,90,Afternoon,andm_inspired_rural,ntabankulu,,100.0,16.574303,30.0,2,20.0,20.0,50.0,2.0
2026-08-31 23:12:00.590173,s1,5:,46962,194,69696899,21722,90,Afternoon,andm_inspired_rural,ntabankulu,,100.0,16.574303,30.0,2,20.0,20.0,50.0,2.0
2026-08-31 23:12:00.590173,s1,LOCAL:,0,0,0,0,90,Afternoon,andm_inspired_rural,ntabankulu,,100.0,16.574303,30.0,2,20.0,20.0,50.0,2.0
2026-08-31 23:12:00.590173,s2,1:,76864,220,114353498,26927,90,Afternoon,andm_inspired_rural,ntabankulu,,100.0,16.574303,30.0,2,20.0,20.0,50.0,2.0
2026-08-31 23:12:00.590173,s2,2:,211,75083,25769,111567659,90,Afternoon,andm_inspired_rural,ntabankulu,,100.0,16.574303,30.0,2,20.0,20.0,50.0,2.0
2026-08-31 23:12:00.590173,s2,LOCAL:,0,0,0,0,90,Afternoon,andm_inspired_rural,ntabankulu,,100.0,16.574303,30.0,2,20.0,20.0,50.0,2.0
2026-08-31 23:12:00.590173,s3,1:,98,196,8724,22228,90,Afternoon,andm_inspired_rural,ntabankulu,,100.0,16.574303,30.0,2,20.0,20.0,50.0,2.0
2026-08-31 23:12:00.590173,s3,2:,191,195,21569,22400,90,Afternoon,andm_inspired_rural,ntabankulu,,100.0,16.574303,30.0,2,20.0,20.0,50.0,2.0
2026-08-31 23:12:00.590173,s3,LOCAL:,0,0,0,0,90,Afternoon,andm_inspired_rural,ntabankulu,,100.0,16.574303,30.0,2,20.0,20.0,50.0,2.0
2026-08-31 23:12:00.590173,s4,1:,103,199,9026,22374,90,Afternoon,andm_inspired_rural,ntabankulu,,100.0,16.574303,30.0,2,20.0,20.0,50.0,2.0
2026-08-31 23:12:00.590173,s4,2:,195,199,21948,22644,90,Afternoon,andm_inspired_rural,ntabankulu,,100.0,16.574303,30.0,2,20.0,20.0,50.0,2.0
2026-08-31 23:12:00.590173,s4,LOCAL:,0,0,0,0,90,Afternoon,andm_inspired_rural,ntabankulu,,100.0,16.574303,30.0,2,20.0,20.0,50.0,2.0
2026-08-31 23:12:00.590173,s5,1:,47942,200,71285145,22438,90,Afternoon,andm_inspired_rural,ntabankulu,,100.0,16.574303,30.0,2,20.0,20.0,50.0,2.0
2026-08-31 23:12:00.590173,s5,2:,194,46963,21722,69698389,90,Afternoon,andm_inspired_rural,ntabankulu,,100.0,16.574303,30.0,2,20.0,20.0,50.0,2.0
2026-08-31 23:12:00.590173,s5,LOCAL:,0,0,0,0,90,Afternoon,andm_inspired_rural,ntabankulu,,100.0,16.574303,30.0,2,20.0,20.0,50.0,2.0
2026-08-31 23:12:01.819740,s1,1:,305,81620,30239,121072281,91,Afternoon,andm_inspired_rural,winnie,,100.0,19.508553,30.0,2,20.0,20.0,50.0,2.0
2026-08-31 23:12:01.819740,s1,2:,75083,211,111567659,25769,91,Afternoon,andm_inspired_rural,winnie,,100.0,19.508553,30.0,2,20.0,20.0,50.0,2.0
2026-08-31 23:12:01.819740,s1,3:,195,191,22400,21569,91,Afternoon,andm_inspired_rural,winnie,,100.0,19.508553,30.0,2,20.0,20.0,50.0,2.0
2026-08-31 23:12:01.819740,s1,4:,199,195,22644,21948,91,Afternoon,andm_inspired_rural,winnie,,100.0,19.508553,30.0,2,20.0,20.0,50.0,2.0
2026-08-31 23:12:01.819740,s1,5:,46962,194,69696899,21722,91,Afternoon,andm_inspired_rural,winnie,,100.0,19.508553,30.0,2,20.0,20.0,50.0,2.0
2026-08-31 23:12:01.819740,s1,LOCAL:,0,0,0,0,91,Afternoon,andm_inspired_rural,winnie,,100.0,19.508553,30.0,2,20.0,20.0,50.0,2.0
2026-08-31 23:12:01.819740,s2,1:,76864,220,114353498,26927,91,Afternoon,andm_inspired_rural,winnie,,100.0,19.508553,30.0,2,20.0,20.0,50.0,2.0
2026-08-31 23:12:01.819740,s2,2:,211,75083,25769,111567659,91,Afternoon,andm_inspired_rural,winnie,,100.0,19.508553,30.0,2,20.0,20.0,50.0,2.0
2026-08-31 23:12:01.819740,s2,LOCAL:,0,0,0,0,91,Afternoon,andm_inspired_rural,winnie,,100.0,19.508553,30.0,2,20.0,20.0,50.0,2.0
2026-08-31 23:12:01.819740,s3,1:,98,196,8724,22228,91,Afternoon,andm_inspired_rural,winnie,,100.0,19.508553,30.0,2,20.0,20.0,50.0,2.0
2026-08-31 23:12:01.819740,s3,2:,191,195,21569,22400,91,Afternoon,andm_inspired_rural,winnie,,100.0,19.508553,30.0,2,20.0,20.0,50.0,2.0
2026-08-31 23:12:01.819740,s3,LOCAL:,0,0,0,0,91,Afternoon,andm_inspired_rural,winnie,,100.0,19.508553,30.0,2,20.0,20.0,50.0,2.0
2026-08-31 23:12:01.819740,s4,1:,103,199,9026,22374,91,Afternoon,andm_inspired_rural,winnie,,100.0,19.508553,30.0,2,20.0,20.0,50.0,2.0
2026-08-31 23:12:01.819740,s4,2:,195,199,21948,22644,91,Afternoon,andm_inspired_rural,winnie,,100.0,19.508553,30.0,2,20.0,20.0,50.0,2.0
2026-08-31 23:12:01.819740,s4,LOCAL:,0,0,0,0,91,Afternoon,andm_inspired_rural,winnie,,100.0,19.508553,30.0,2,20.0,20.0,50.0,2.0
2026-08-31 23:12:01.819740,s5,1:,47942,200,71285145,22438,91,Afternoon,andm_inspired_rural,winnie,,100.0,19.508553,30.0,2,20.0,20.0,50.0,2.0
2026-08-31 23:12:01.819740,s5,2:,194,46963,21722,69698389,91,Afternoon,andm_inspired_rural,winnie,,100.0,19.508553,30.0,2,20.0,20.0,50.0,2.0
2026-08-31 23:12:01.819740,s5,LOCAL:,0,0,0,0,91,Afternoon,andm_inspired_rural,winnie,,100.0,19.508553,30.0,2,20.0,20.0,50.0,2.0
2026-08-31 23:12:03.063350,s1,1:,309,89005,30575,132067536,92,Afternoon,andm_inspired_rural,matatiele,,100.0,16.943489,30.0,2,20.0,20.0,50.0,2.0
2026-08-31 23:12:03.063350,s1,2:,81488,217,121101529,26493,92,Afternoon,andm_inspired_rural,matatiele,,100.0,16.943489,30.0,2,20.0,20.0,50.0,2.0
2026-08-31 23:12:03.063350,s1,3:,202,197,23250,22321,92,Afternoon,andm_inspired_rural,matatiele,,100.0,16.943489,30.0,2,20.0,20.0,50.0,2.0
2026-08-31 23:12:03.063350,s1,4:,207,200,23564,22574,92,Afternoon,andm_inspired_rural,matatiele,,100.0,16.943489,30.0,2,20.0,20.0,50.0,2.0
2026-08-31 23:12:03.063350,s1,5:,53361,199,79220381,22320,92,Afternoon,andm_inspired_rural,matatiele,,100.0,16.943489,30.0,2,20.0,20.0,50.0,2.0
2026-08-31 23:12:03.063350,s1,LOCAL:,0,0,0,0,92,Afternoon,andm_inspired_rural,matatiele,,100.0,16.943489,30.0,2,20.0,20.0,50.0,2.0
2026-08-31 23:12:03.063350,s2,1:,83346,226,124007502,27651,92,Afternoon,andm_inspired_rural,matatiele,,100.0,16.943489,30.0,2,20.0,20.0,50.0,2.0
2026-08-31 23:12:03.063350,s2,2:,217,81492,26493,121107489,92,Afternoon,andm_inspired_rural,matatiele,,100.0,16.943489,30.0,2,20.0,20.0,50.0,2.0
2026-08-31 23:12:03.063350,s2,LOCAL:,0,0,0,0,92,Afternoon,andm_inspired_rural,matatiele,,100.0,16.943489,30.0,2,20.0,20.0,50.0,2.0
2026-08-31 23:12:03.063350,s3,1:,102,202,9088,22980,92,Afternoon,andm_inspired_rural,matatiele,,100.0,16.943489,30.0,2,20.0,20.0,50.0,2.0
2026-08-31 23:12:03.063350,s3,2:,197,202,22321,23250,92,Afternoon,andm_inspired_rural,matatiele,,100.0,16.943489,30.0,2,20.0,20.0,50.0,2.0
2026-08-31 23:12:03.063350,s3,LOCAL:,0,0,0,0,92,Afternoon,andm_inspired_rural,matatiele,,100.0,16.943489,30.0,2,20.0,20.0,50.0,2.0
2026-08-31 23:12:03.063350,s4,1:,107,203,9390,22930,92,Afternoon,andm_inspired_rural,matatiele,,100.0,16.943489,30.0,2,20.0,20.0,50.0,2.0
2026-08-31 23:12:03.063350,s4,2:,200,207,22574,23564,92,Afternoon,andm_inspired_rural,matatiele,,100.0,16.943489,30.0,2,20.0,20.0,50.0,2.0
2026-08-31 23:12:03.063350,s4,LOCAL:,0,0,0,0,92,Afternoon,andm_inspired_rural,matatiele,,100.0,16.943489,30.0,2,20.0,20.0,50.0,2.0
2026-08-31 23:12:03.063350,s5,1:,54425,205,80939191,23036,92,Afternoon,andm_inspired_rural,matatiele,,100.0,16.943489,30.0,2,20.0,20.0,50.0,2.0
2026-08-31 23:12:03.063350,s5,2:,199,53365,22320,79226341,92,Afternoon,andm_inspired_rural,matatiele,,100.0,16.943489,30.0,2,20.0,20.0,50.0,2.0
2026-08-31 23:12:03.063350,s5,LOCAL:,0,0,0,0,92,Afternoon,andm_inspired_rural,matatiele,,100.0,16.943489,30.0,2,20.0,20.0,50.0,2.0
2026-08-31 23:12:04.299323,s1,1:,309,89005,30575,132067536,93,Afternoon,andm_inspired_rural,umzimvubu,,100.0,17.3984,30.0,2,20.0,20.0,50.0,2.0
2026-08-31 23:12:04.299323,s1,2:,81488,217,121101529,26493,93,Afternoon,andm_inspired_rural,umzimvubu,,100.0,17.3984,30.0,2,20.0,20.0,50.0,2.0
2026-08-31 23:12:04.299323,s1,3:,202,197,23250,22321,93,Afternoon,andm_inspired_rural,umzimvubu,,100.0,17.3984,30.0,2,20.0,20.0,50.0,2.0
2026-08-31 23:12:04.299323,s1,4:,207,200,23564,22574,93,Afternoon,andm_inspired_rural,umzimvubu,,100.0,17.3984,30.0,2,20.0,20.0,50.0,2.0
2026-08-31 23:12:04.299323,s1,5:,53361,199,79220381,22320,93,Afternoon,andm_inspired_rural,umzimvubu,,100.0,17.3984,30.0,2,20.0,20.0,50.0,2.0
2026-08-31 23:12:04.299323,s1,LOCAL:,0,0,0,0,93,Afternoon,andm_inspired_rural,umzimvubu,,100.0,17.3984,30.0,2,20.0,20.0,50.0,2.0
2026-08-31 23:12:04.299323,s2,1:,83346,226,124007502,27651,93,Afternoon,andm_inspired_rural,umzimvubu,,100.0,17.3984,30.0,2,20.0,20.0,50.0,2.0
2026-08-31 23:12:04.299323,s2,2:,217,81492,26493,121107489,93,Afternoon,andm_inspired_rural,umzimvubu,,100.0,17.3984,30.0,2,20.0,20.0,50.0,2.0
2026-08-31 23:12:04.299323,s2,LOCAL:,0,0,0,0,93,Afternoon,andm_inspired_rural,umzimvubu,,100.0,17.3984,30.0,2,20.0,20.0,50.0,2.0
2026-08-31 23:12:04.299323,s3,1:,102,202,9088,22980,93,Afternoon,andm_inspired_rural,umzimvubu,,100.0,17.3984,30.0,2,20.0,20.0,50.0,2.0
2026-08-31 23:12:04.299323,s3,2:,197,202,22321,23250,93,Afternoon,andm_inspired_rural,umzimvubu,,100.0,17.3984,30.0,2,20.0,20.0,50.0,2.0
2026-08-31 23:12:04.299323,s3,LOCAL:,0,0,0,0,93,Afternoon,andm_inspired_rural,umzimvubu,,100.0,17.3984,30.0,2,20.0,20.0,50.0,2.0
2026-08-31 23:12:04.299323,s4,1:,107,203,9390,22930,93,Afternoon,andm_inspired_rural,umzimvubu,,100.0,17.3984,30.0,2,20.0,20.0,50.0,2.0
2026-08-31 23:12:04.299323,s4,2:,200,207,22574,23564,93,Afternoon,andm_inspired_rural,umzimvubu,,100.0,17.3984,30.0,2,20.0,20.0,50.0,2.0
2026-08-31 23:12:04.299323,s4,LOCAL:,0,0,0,0,93,Afternoon,andm_inspired_rural,umzimvubu,,100.0,17.3984,30.0,2,20.0,20.0,50.0,2.0
2026-08-31 23:12:04.299323,s5,1:,54425,205,80939191,23036,93,Afternoon,andm_inspired_rural,umzimvubu,,100.0,17.3984,30.0,2,20.0,20.0,50.0,2.0
2026-08-31 23:12:04.299323,s5,2:,199,53365,22320,79226341,93,Afternoon,andm_inspired_rural,umzimvubu,,100.0,17.3984,30.0,2,20.0,20.0,50.0,2.0
2026-08-31 23:12:04.299323,s5,LOCAL:,0,0,0,0,93,Afternoon,andm_inspired_rural,umzimvubu,,100.0,17.3984,30.0,2,20.0,20.0,50.0,2.0
2026-08-31 23:12:05.523139,s1,1:,309,89005,30575,132067536,94,Afternoon,andm_inspired_rural,ntabankulu,750.949,66.6667,18.96383,30.0,2,20.0,20.0,50.0,2.0
2026-08-31 23:12:05.523139,s1,2:,81488,217,121101529,26493,94,Afternoon,andm_inspired_rural,ntabankulu,750.949,66.6667,18.96383,30.0,2,20.0,20.0,50.0,2.0
2026-08-31 23:12:05.523139,s1,3:,202,197,23250,22321,94,Afternoon,andm_inspired_rural,ntabankulu,750.949,66.6667,18.96383,30.0,2,20.0,20.0,50.0,2.0
2026-08-31 23:12:05.523139,s1,4:,207,200,23564,22574,94,Afternoon,andm_inspired_rural,ntabankulu,750.949,66.6667,18.96383,30.0,2,20.0,20.0,50.0,2.0
2026-08-31 23:12:05.523139,s1,5:,53361,199,79220381,22320,94,Afternoon,andm_inspired_rural,ntabankulu,750.949,66.6667,18.96383,30.0,2,20.0,20.0,50.0,2.0
2026-08-31 23:12:05.523139,s1,LOCAL:,0,0,0,0,94,Afternoon,andm_inspired_rural,ntabankulu,750.949,66.6667,18.96383,30.0,2,20.0,20.0,50.0,2.0
2026-08-31 23:12:05.523139,s2,1:,83346,226,124007502,27651,94,Afternoon,andm_inspired_rural,ntabankulu,750.949,66.6667,18.96383,30.0,2,20.0,20.0,50.0,2.0
2026-08-31 23:12:05.523139,s2,2:,217,81492,26493,121107489,94,Afternoon,andm_inspired_rural,ntabankulu,750.949,66.6667,18.96383,30.0,2,20.0,20.0,50.0,2.0
2026-08-31 23:12:05.523139,s2,LOCAL:,0,0,0,0,94,Afternoon,andm_inspired_rural,ntabankulu,750.949,66.6667,18.96383,30.0,2,20.0,20.0,50.0,2.0
2026-08-31 23:12:05.523139,s3,1:,102,202,9088,22980,94,Afternoon,andm_inspired_rural,ntabankulu,750.949,66.6667,18.96383,30.0,2,20.0,20.0,50.0,2.0
2026-08-31 23:12:05.523139,s3,2:,197,202,22321,23250,94,Afternoon,andm_inspired_rural,ntabankulu,750.949,66.6667,18.96383,30.0,2,20.0,20.0,50.0,2.0
2026-08-31 23:12:05.523139,s3,LOCAL:,0,0,0,0,94,Afternoon,andm_inspired_rural,ntabankulu,750.949,66.6667,18.96383,30.0,2,20.0,20.0,50.0,2.0
2026-08-31 23:12:05.523139,s4,1:,107,203,9390,22930,94,Afternoon,andm_inspired_rural,ntabankulu,750.949,66.6667,18.96383,30.0,2,20.0,20.0,50.0,2.0
2026-08-31 23:12:05.523139,s4,2:,200,207,22574,23564,94,Afternoon,andm_inspired_rural,ntabankulu,750.949,66.6667,18.96383,30.0,2,20.0,20.0,50.0,2.0
2026-08-31 23:12:05.523139,s4,LOCAL:,0,0,0,0,94,Afternoon,andm_inspired_rural,ntabankulu,750.949,66.6667,18.96383,30.0,2,20.0,20.0,50.0,2.0
2026-08-31 23:12:05.523139,s5,1:,54425,205,80939191,23036,94,Afternoon,andm_inspired_rural,ntabankulu,750.949,66.6667,18.96383,30.0,2,20.0,20.0,50.0,2.0
2026-08-31 23:12:05.523139,s5,2:,199,53365,22320,79226341,94,Afternoon,andm_inspired_rural,ntabankulu,750.949,66.6667,18.96383,30.0,2,20.0,20.0,50.0,2.0
2026-08-31 23:12:05.523139,s5,LOCAL:,0,0,0,0,94,Afternoon,andm_inspired_rural,ntabankulu,750.949,66.6667,18.96383,30.0,2,20.0,20.0,50.0,2.0
2026-08-31 23:12:06.747457,s1,1:,309,89005,30575,132067536,95,Afternoon,andm_inspired_rural,winnie,,100.0,17.860855,30.0,2,20.0,20.0,50.0,2.0
2026-08-31 23:12:06.747457,s1,2:,81488,217,121101529,26493,95,Afternoon,andm_inspired_rural,winnie,,100.0,17.860855,30.0,2,20.0,20.0,50.0,2.0
2026-08-31 23:12:06.747457,s1,3:,202,197,23250,22321,95,Afternoon,andm_inspired_rural,winnie,,100.0,17.860855,30.0,2,20.0,20.0,50.0,2.0
2026-08-31 23:12:06.747457,s1,4:,207,200,23564,22574,95,Afternoon,andm_inspired_rural,winnie,,100.0,17.860855,30.0,2,20.0,20.0,50.0,2.0
2026-08-31 23:12:06.747457,s1,5:,53361,199,79220381,22320,95,Afternoon,andm_inspired_rural,winnie,,100.0,17.860855,30.0,2,20.0,20.0,50.0,2.0
2026-08-31 23:12:06.747457,s1,LOCAL:,0,0,0,0,95,Afternoon,andm_inspired_rural,winnie,,100.0,17.860855,30.0,2,20.0,20.0,50.0,2.0
2026-08-31 23:12:06.747457,s2,1:,83346,226,124007502,27651,95,Afternoon,andm_inspired_rural,winnie,,100.0,17.860855,30.0,2,20.0,20.0,50.0,2.0
2026-08-31 23:12:06.747457,s2,2:,217,81492,26493,121107489,95,Afternoon,andm_inspired_rural,winnie,,100.0,17.860855,30.0,2,20.0,20.0,50.0,2.0
2026-08-31 23:12:06.747457,s2,LOCAL:,0,0,0,0,95,Afternoon,andm_inspired_rural,winnie,,100.0,17.860855,30.0,2,20.0,20.0,50.0,2.0
2026-08-31 23:12:06.747457,s3,1:,102,202,9088,22980,95,Afternoon,andm_inspired_rural,winnie,,100.0,17.860855,30.0,2,20.0,20.0,50.0,2.0
2026-08-31 23:12:06.747457,s3,2:,197,202,22321,23250,95,Afternoon,andm_inspired_rural,winnie,,100.0,17.860855,30.0,2,20.0,20.0,50.0,2.0
2026-08-31 23:12:06.747457,s3,LOCAL:,0,0,0,0,95,Afternoon,andm_inspired_rural,winnie,,100.0,17.860855,30.0,2,20.0,20.0,50.0,2.0
2026-08-31 23:12:06.747457,s4,1:,107,203,9390,22930,95,Afternoon,andm_inspired_rural,winnie,,100.0,17.860855,30.0,2,20.0,20.0,50.0,2.0
2026-08-31 23:12:06.747457,s4,2:,200,207,22574,23564,95,Afternoon,andm_inspired_rural,winnie,,100.0,17.860855,30.0,2,20.0,20.0,50.0,2.0
2026-08-31 23:12:06.747457,s4,LOCAL:,0,0,0,0,95,Afternoon,andm_inspired_rural,winnie,,100.0,17.860855,30.0,2,20.0,20.0,50.0,2.0
2026-08-31 23:12:06.747457,s5,1:,54425,205,80939191,23036,95,Afternoon,andm_inspired_rural,winnie,,100.0,17.860855,30.0,2,20.0,20.0,50.0,2.0
2026-08-31 23:12:06.747457,s5,2:,199,53365,22320,79226341,95,Afternoon,andm_inspired_rural,winnie,,100.0,17.860855,30.0,2,20.0,20.0,50.0,2.0
2026-08-31 23:12:06.747457,s5,LOCAL:,0,0,0,0,95,Afternoon,andm_inspired_rural,winnie,,100.0,17.860855,30.0,2,20.0,20.0,50.0,2.0
2026-08-31 23:12:07.974492,s1,1:,313,96442,30799,143143124,96,Afternoon,andm_inspired_rural,matatiele,822.935,66.6667,17.192279,30.0,2,20.0,20.0,50.0,2.0
2026-08-31 23:12:07.974492,s1,2:,87788,222,130477307,26897,96,Afternoon,andm_inspired_rural,matatiele,822.935,66.6667,17.192279,30.0,2,20.0,20.0,50.0,2.0
2026-08-31 23:12:07.974492,s1,3:,207,200,23822,22669,96,Afternoon,andm_inspired_rural,matatiele,822.935,66.6667,17.192279,30.0,2,20.0,20.0,50.0,2.0
2026-08-31 23:12:07.974492,s1,4:,212,203,24136,22950,96,Afternoon,andm_inspired_rural,matatiele,822.935,66.6667,17.192279,30.0,2,20.0,20.0,50.0,2.0
2026-08-31 23:12:07.974492,s1,5:,59669,201,88612423,22598,96,Afternoon,andm_inspired_rural,matatiele,822.935,66.6667,17.192279,30.0,2,20.0,20.0,50.0,2.0
2026-08-31 23:12:07.974492,s1,LOCAL:,0,0,0,0,96,Afternoon,andm_inspired_rural,matatiele,822.935,66.6667,17.192279,30.0,2,20.0,20.0,50.0,2.0
2026-08-31 23:12:07.974492,s2,1:,89829,231,133658652,28055,96,Afternoon,andm_inspired_rural,matatiele,822.935,66.6667,17.192279,30.0,2,20.0,20.0,50.0,2.0
2026-08-31 23:12:07.974492,s2,2:,222,87788,26897,130477307,96,Afternoon,andm_inspired_rural,matatiele,822.935,66.6667,17.192279,30.0,2,20.0,20.0,50.0,2.0
2026-08-31 23:12:07.974492,s2,LOCAL:,0,0,0,0,96,Afternoon,andm_inspired_rural,matatiele,822.935,66.6667,17.192279,30.0,2,20.0,20.0,50.0,2.0
2026-08-31 23:12:07.974492,s3,1:,105,204,9382,23258,96,Afternoon,andm_inspired_rural,matatiele,822.935,66.6667,17.192279,30.0,2,20.0,20.0,50.0,2.0
2026-08-31 23:12:07.974492,s3,2:,200,207,22669,23822,96,Afternoon,andm_inspired_rural,matatiele,822.935,66.6667,17.192279,30.0,2,20.0,20.0,50.0,2.0
2026-08-31 23:12:07.974492,s3,LOCAL:,0,0,0,0,96,Afternoon,andm_inspired_rural,matatiele,822.935,66.6667,17.192279,30.0,2,20.0,20.0,50.0,2.0
2026-08-31 23:12:07.974492,s4,1:,110,206,9684,23306,96,Afternoon,andm_inspired_rural,matatiele,822.935,66.6667,17.192279,30.0,2,20.0,20.0,50.0,2.0
2026-08-31 23:12:07.974492,s4,2:,203,212,22950,24136,96,Afternoon,andm_inspired_rural,matatiele,822.935,66.6667,17.192279,30.0,2,20.0,20.0,50.0,2.0
2026-08-31 23:12:07.974492,s4,LOCAL:,0,0,0,0,96,Afternoon,andm_inspired_rural,matatiele,822.935,66.6667,17.192279,30.0,2,20.0,20.0,50.0,2.0
2026-08-31 23:12:07.974492,s5,1:,60906,207,90590285,23314,96,Afternoon,andm_inspired_rural,matatiele,822.935,66.6667,17.192279,30.0,2,20.0,20.0,50.0,2.0
2026-08-31 23:12:07.974492,s5,2:,201,59669,22598,88612423,96,Afternoon,andm_inspired_rural,matatiele,822.935,66.6667,17.192279,30.0,2,20.0,20.0,50.0,2.0
2026-08-31 23:12:07.974492,s5,LOCAL:,0,0,0,0,96,Afternoon,andm_inspired_rural,matatiele,822.935,66.6667,17.192279,30.0,2,20.0,20.0,50.0,2.0
2026-08-31 23:12:09.206006,s1,1:,313,96442,30799,143143124,97,Afternoon,andm_inspired_rural,umzimvubu,802.114,66.6667,16.461186,30.0,2,20.0,20.0,50.0,2.0
2026-08-31 23:12:09.206006,s1,2:,87788,222,130477307,26897,97,Afternoon,andm_inspired_rural,umzimvubu,802.114,66.6667,16.461186,30.0,2,20.0,20.0,50.0,2.0
2026-08-31 23:12:09.206006,s1,3:,207,200,23822,22669,97,Afternoon,andm_inspired_rural,umzimvubu,802.114,66.6667,16.461186,30.0,2,20.0,20.0,50.0,2.0
2026-08-31 23:12:09.206006,s1,4:,212,203,24136,22950,97,Afternoon,andm_inspired_rural,umzimvubu,802.114,66.6667,16.461186,30.0,2,20.0,20.0,50.0,2.0
2026-08-31 23:12:09.206006,s1,5:,59669,201,88612423,22598,97,Afternoon,andm_inspired_rural,umzimvubu,802.114,66.6667,16.461186,30.0,2,20.0,20.0,50.0,2.0
2026-08-31 23:12:09.206006,s1,LOCAL:,0,0,0,0,97,Afternoon,andm_inspired_rural,umzimvubu,802.114,66.6667,16.461186,30.0,2,20.0,20.0,50.0,2.0
2026-08-31 23:12:09.206006,s2,1:,89829,231,133658652,28055,97,Afternoon,andm_inspired_rural,umzimvubu,802.114,66.6667,16.461186,30.0,2,20.0,20.0,50.0,2.0
2026-08-31 23:12:09.206006,s2,2:,222,87788,26897,130477307,97,Afternoon,andm_inspired_rural,umzimvubu,802.114,66.6667,16.461186,30.0,2,20.0,20.0,50.0,2.0
2026-08-31 23:12:09.206006,s2,LOCAL:,0,0,0,0,97,Afternoon,andm_inspired_rural,umzimvubu,802.114,66.6667,16.461186,30.0,2,20.0,20.0,50.0,2.0
2026-08-31 23:12:09.206006,s3,1:,105,204,9382,23258,97,Afternoon,andm_inspired_rural,umzimvubu,802.114,66.6667,16.461186,30.0,2,20.0,20.0,50.0,2.0
2026-08-31 23:12:09.206006,s3,2:,200,207,22669,23822,97,Afternoon,andm_inspired_rural,umzimvubu,802.114,66.6667,16.461186,30.0,2,20.0,20.0,50.0,2.0
2026-08-31 23:12:09.206006,s3,LOCAL:,0,0,0,0,97,Afternoon,andm_inspired_rural,umzimvubu,802.114,66.6667,16.461186,30.0,2,20.0,20.0,50.0,2.0
2026-08-31 23:12:09.206006,s4,1:,110,206,9684,23306,97,Afternoon,andm_inspired_rural,umzimvubu,802.114,66.6667,16.461186,30.0,2,20.0,20.0,50.0,2.0
2026-08-31 23:12:09.206006,s4,2:,203,212,22950,24136,97,Afternoon,andm_inspired_rural,umzimvubu,802.114,66.6667,16.461186,30.0,2,20.0,20.0,50.0,2.0
2026-08-31 23:12:09.206006,s4,LOCAL:,0,0,0,0,97,Afternoon,andm_inspired_rural,umzimvubu,802.114,66.6667,16.461186,30.0,2,20.0,20.0,50.0,2.0
2026-08-31 23:12:09.206006,s5,1:,60906,207,90590285,23314,97,Afternoon,andm_inspired_rural,umzimvubu,802.114,66.6667,16.461186,30.0,2,20.0,20.0,50.0,2.0
2026-08-31 23:12:09.206006,s5,2:,201,59669,22598,88612423,97,Afternoon,andm_inspired_rural,umzimvubu,802.114,66.6667,16.461186,30.0,2,20.0,20.0,50.0,2.0
2026-08-31 23:12:09.206006,s5,LOCAL:,0,0,0,0,97,Afternoon,andm_inspired_rural,umzimvubu,802.114,66.6667,16.461186,30.0,2,20.0,20.0,50.0,2.0
2026-08-31 23:12:10.436059,s1,1:,313,96442,30799,143143124,98,Afternoon,andm_inspired_rural,ntabankulu,,100.0,17.672967,30.0,2,20.0,20.0,50.0,2.0
2026-08-31 23:12:10.436059,s1,2:,87788,222,130477307,26897,98,Afternoon,andm_inspired_rural,ntabankulu,,100.0,17.672967,30.0,2,20.0,20.0,50.0,2.0
2026-08-31 23:12:10.436059,s1,3:,207,200,23822,22669,98,Afternoon,andm_inspired_rural,ntabankulu,,100.0,17.672967,30.0,2,20.0,20.0,50.0,2.0
2026-08-31 23:12:10.436059,s1,4:,212,203,24136,22950,98,Afternoon,andm_inspired_rural,ntabankulu,,100.0,17.672967,30.0,2,20.0,20.0,50.0,2.0
2026-08-31 23:12:10.436059,s1,5:,59669,201,88612423,22598,98,Afternoon,andm_inspired_rural,ntabankulu,,100.0,17.672967,30.0,2,20.0,20.0,50.0,2.0
2026-08-31 23:12:10.436059,s1,LOCAL:,0,0,0,0,98,Afternoon,andm_inspired_rural,ntabankulu,,100.0,17.672967,30.0,2,20.0,20.0,50.0,2.0
2026-08-31 23:12:10.436059,s2,1:,89829,231,133658652,28055,98,Afternoon,andm_inspired_rural,ntabankulu,,100.0,17.672967,30.0,2,20.0,20.0,50.0,2.0
2026-08-31 23:12:10.436059,s2,2:,222,87788,26897,130477307,98,Afternoon,andm_inspired_rural,ntabankulu,,100.0,17.672967,30.0,2,20.0,20.0,50.0,2.0
2026-08-31 23:12:10.436059,s2,LOCAL:,0,0,0,0,98,Afternoon,andm_inspired_rural,ntabankulu,,100.0,17.672967,30.0,2,20.0,20.0,50.0,2.0
2026-08-31 23:12:10.436059,s3,1:,105,204,9382,23258,98,Afternoon,andm_inspired_rural,ntabankulu,,100.0,17.672967,30.0,2,20.0,20.0,50.0,2.0
2026-08-31 23:12:10.436059,s3,2:,200,207,22669,23822,98,Afternoon,andm_inspired_rural,ntabankulu,,100.0,17.672967,30.0,2,20.0,20.0,50.0,2.0
2026-08-31 23:12:10.436059,s3,LOCAL:,0,0,0,0,98,Afternoon,andm_inspired_rural,ntabankulu,,100.0,17.672967,30.0,2,20.0,20.0,50.0,2.0
2026-08-31 23:12:10.436059,s4,1:,110,206,9684,23306,98,Afternoon,andm_inspired_rural,ntabankulu,,100.0,17.672967,30.0,2,20.0,20.0,50.0,2.0
2026-08-31 23:12:10.436059,s4,2:,203,212,22950,24136,98,Afternoon,andm_inspired_rural,ntabankulu,,100.0,17.672967,30.0,2,20.0,20.0,50.0,2.0
2026-08-31 23:12:10.436059,s4,LOCAL:,0,0,0,0,98,Afternoon,andm_inspired_rural,ntabankulu,,100.0,17.672967,30.0,2,20.0,20.0,50.0,2.0
2026-08-31 23:12:10.436059,s5,1:,60906,207,90590285,23314,98,Afternoon,andm_inspired_rural,ntabankulu,,100.0,17.672967,30.0,2,20.0,20.0,50.0,2.0
2026-08-31 23:12:10.436059,s5,2:,201,59669,22598,88612423,98,Afternoon,andm_inspired_rural,ntabankulu,,100.0,17.672967,30.0,2,20.0,20.0,50.0,2.0
2026-08-31 23:12:10.436059,s5,LOCAL:,0,0,0,0,98,Afternoon,andm_inspired_rural,ntabankulu,,100.0,17.672967,30.0,2,20.0,20.0,50.0,2.0
2026-08-31 23:12:11.728867,s1,1:,313,96442,30799,143143124,99,Afternoon,andm_inspired_rural,winnie,,100.0,16.153861,30.0,2,20.0,20.0,50.0,2.0
2026-08-31 23:12:11.728867,s1,2:,87788,222,130477307,26897,99,Afternoon,andm_inspired_rural,winnie,,100.0,16.153861,30.0,2,20.0,20.0,50.0,2.0
2026-08-31 23:12:11.728867,s1,3:,207,200,23822,22669,99,Afternoon,andm_inspired_rural,winnie,,100.0,16.153861,30.0,2,20.0,20.0,50.0,2.0
2026-08-31 23:12:11.728867,s1,4:,212,203,24136,22950,99,Afternoon,andm_inspired_rural,winnie,,100.0,16.153861,30.0,2,20.0,20.0,50.0,2.0
2026-08-31 23:12:11.728867,s1,5:,59669,201,88612423,22598,99,Afternoon,andm_inspired_rural,winnie,,100.0,16.153861,30.0,2,20.0,20.0,50.0,2.0
2026-08-31 23:12:11.728867,s1,LOCAL:,0,0,0,0,99,Afternoon,andm_inspired_rural,winnie,,100.0,16.153861,30.0,2,20.0,20.0,50.0,2.0
2026-08-31 23:12:11.728867,s2,1:,89829,231,133658652,28055,99,Afternoon,andm_inspired_rural,winnie,,100.0,16.153861,30.0,2,20.0,20.0,50.0,2.0
2026-08-31 23:12:11.728867,s2,2:,222,87788,26897,130477307,99,Afternoon,andm_inspired_rural,winnie,,100.0,16.153861,30.0,2,20.0,20.0,50.0,2.0
2026-08-31 23:12:11.728867,s2,LOCAL:,0,0,0,0,99,Afternoon,andm_inspired_rural,winnie,,100.0,16.153861,30.0,2,20.0,20.0,50.0,2.0
2026-08-31 23:12:11.728867,s3,1:,105,204,9382,23258,99,Afternoon,andm_inspired_rural,winnie,,100.0,16.153861,30.0,2,20.0,20.0,50.0,2.0
2026-08-31 23:12:11.728867,s3,2:,200,207,22669,23822,99,Afternoon,andm_inspired_rural,winnie,,100.0,16.153861,30.0,2,20.0,20.0,50.0,2.0
2026-08-31 23:12:11.728867,s3,LOCAL:,0,0,0,0,99,Afternoon,andm_inspired_rural,winnie,,100.0,16.153861,30.0,2,20.0,20.0,50.0,2.0
2026-08-31 23:12:11.728867,s4,1:,110,206,9684,23306,99,Afternoon,andm_inspired_rural,winnie,,100.0,16.153861,30.0,2,20.0,20.0,50.0,2.0
2026-08-31 23:12:11.728867,s4,2:,203,212,22950,24136,99,Afternoon,andm_inspired_rural,winnie,,100.0,16.153861,30.0,2,20.0,20.0,50.0,2.0
2026-08-31 23:12:11.728867,s4,LOCAL:,0,0,0,0,99,Afternoon,andm_inspired_rural,winnie,,100.0,16.153861,30.0,2,20.0,20.0,50.0,2.0
2026-08-31 23:12:11.728867,s5,1:,60906,207,90590285,23314,99,Afternoon,andm_inspired_rural,winnie,,100.0,16.153861,30.0,2,20.0,20.0,50.0,2.0
2026-08-31 23:12:11.728867,s5,2:,201,59669,22598,88612423,99,Afternoon,andm_inspired_rural,winnie,,100.0,16.153861,30.0,2,20.0,20.0,50.0,2.0
2026-08-31 23:12:11.728867,s5,LOCAL:,0,0,0,0,99,Afternoon,andm_inspired_rural,winnie,,100.0,16.153861,30.0,2,20.0,20.0,50.0,2.0
2026-08-31 23:12:12.967208,s1,1:,315,103586,30995,153783549,100,Afternoon,andm_inspired_rural,matatiele,837.991,66.6667,17.525925,30.0,2,20.0,20.0,50.0,2.0
2026-08-31 23:12:12.967208,s1,2:,94186,227,140000747,27551,100,Afternoon,andm_inspired_rural,matatiele,837.991,66.6667,17.525925,30.0,2,20.0,20.0,50.0,2.0
2026-08-31 23:12:12.967208,s1,3:,214,205,24672,23323,100,Afternoon,andm_inspired_rural,matatiele,837.991,66.6667,17.525925,30.0,2,20.0,20.0,50.0,2.0
2026-08-31 23:12:12.967208,s1,4:,219,207,24986,23506,100,Afternoon,andm_inspired_rural,matatiele,837.991,66.6667,17.525925,30.0,2,20.0,20.0,50.0,2.0
2026-08-31 23:12:12.967208,s1,5:,66072,206,98143313,23224,100,Afternoon,andm_inspired_rural,matatiele,837.991,66.6667,17.525925,30.0,2,20.0,20.0,50.0,2.0
2026-08-31 23:12:12.967208,s1,LOCAL:,0,0,0,0,100,Afternoon,andm_inspired_rural,matatiele,837.991,66.6667,17.525925,30.0,2,20.0,20.0,50.0,2.0
2026-08-31 23:12:12.967208,s2,1:,96311,236,143312656,28709,100,Afternoon,andm_inspired_rural,matatiele,837.991,66.6667,17.525925,30.0,2,20.0,20.0,50.0,2.0
2026-08-31 23:12:12.967208,s2,2:,227,94187,27551,140002237,100,Afternoon,andm_inspired_rural,matatiele,837.991,66.6667,17.525925,30.0,2,20.0,20.0,50.0,2.0
2026-08-31 23:12:12.967208,s2,LOCAL:,0,0,0,0,100,Afternoon,andm_inspired_rural,matatiele,837.991,66.6667,17.525925,30.0,2,20.0,20.0,50.0,2.0
2026-08-31 23:12:12.967208,s3,1:,108,209,9676,23912,100,Afternoon,andm_inspired_rural,matatiele,837.991,66.6667,17.525925,30.0,2,20.0,20.0,50.0,2.0
2026-08-31 23:12:12.967208,s3,2:,205,214,23323,24672,100,Afternoon,andm_inspired_rural,matatiele,837.991,66.6667,17.525925,30.0,2,20.0,20.0,50.0,2.0
2026-08-31 23:12:12.967208,s3,LOCAL:,0,0,0,0,100,Afternoon,andm_inspired_rural,matatiele,837.991,66.6667,17.525925,30.0,2,20.0,20.0,50.0,2.0
2026-08-31 23:12:12.967208,s4,1:,113,211,9978,23932,100,Afternoon,andm_inspired_rural,matatiele,837.991,66.6667,17.525925,30.0,2,20.0,20.0,50.0,2.0
2026-08-31 23:12:12.967208,s4,2:,207,219,23506,24986,100,Afternoon,andm_inspired_rural,matatiele,837.991,66.6667,17.525925,30.0,2,20.0,20.0,50.0,2.0
2026-08-31 23:12:12.967208,s4,LOCAL:,0,0,0,0,100,Afternoon,andm_inspired_rural,matatiele,837.991,66.6667,17.525925,30.0,2,20.0,20.0,50.0,2.0
2026-08-31 23:12:12.967208,s5,1:,67387,211,100242799,23870,100,Afternoon,andm_inspired_rural,matatiele,837.991,66.6667,17.525925,30.0,2,20.0,20.0,50.0,2.0
2026-08-31 23:12:12.967208,s5,2:,206,66072,23224,98143313,100,Afternoon,andm_inspired_rural,matatiele,837.991,66.6667,17.525925,30.0,2,20.0,20.0,50.0,2.0
2026-08-31 23:12:12.967208,s5,LOCAL:,0,0,0,0,100,Afternoon,andm_inspired_rural,matatiele,837.991,66.6667,17.525925,30.0,2,20.0,20.0,50.0,2.0
2026-08-31 23:12:14.201226,s1,1:,315,103586,30995,153783549,101,Afternoon,andm_inspired_rural,umzimvubu,827.563,33.3333,17.021647,30.0,2,20.0,20.0,50.0,2.0
2026-08-31 23:12:14.201226,s1,2:,94186,227,140000747,27551,101,Afternoon,andm_inspired_rural,umzimvubu,827.563,33.3333,17.021647,30.0,2,20.0,20.0,50.0,2.0
2026-08-31 23:12:14.201226,s1,3:,214,205,24672,23323,101,Afternoon,andm_inspired_rural,umzimvubu,827.563,33.3333,17.021647,30.0,2,20.0,20.0,50.0,2.0
2026-08-31 23:12:14.201226,s1,4:,219,207,24986,23506,101,Afternoon,andm_inspired_rural,umzimvubu,827.563,33.3333,17.021647,30.0,2,20.0,20.0,50.0,2.0
2026-08-31 23:12:14.201226,s1,5:,66072,206,98143313,23224,101,Afternoon,andm_inspired_rural,umzimvubu,827.563,33.3333,17.021647,30.0,2,20.0,20.0,50.0,2.0
2026-08-31 23:12:14.201226,s1,LOCAL:,0,0,0,0,101,Afternoon,andm_inspired_rural,umzimvubu,827.563,33.3333,17.021647,30.0,2,20.0,20.0,50.0,2.0
2026-08-31 23:12:14.201226,s2,1:,96311,236,143312656,28709,101,Afternoon,andm_inspired_rural,umzimvubu,827.563,33.3333,17.021647,30.0,2,20.0,20.0,50.0,2.0
2026-08-31 23:12:14.201226,s2,2:,227,94187,27551,140002237,101,Afternoon,andm_inspired_rural,umzimvubu,827.563,33.3333,17.021647,30.0,2,20.0,20.0,50.0,2.0
2026-08-31 23:12:14.201226,s2,LOCAL:,0,0,0,0,101,Afternoon,andm_inspired_rural,umzimvubu,827.563,33.3333,17.021647,30.0,2,20.0,20.0,50.0,2.0
2026-08-31 23:12:14.201226,s3,1:,108,209,9676,23912,101,Afternoon,andm_inspired_rural,umzimvubu,827.563,33.3333,17.021647,30.0,2,20.0,20.0,50.0,2.0
2026-08-31 23:12:14.201226,s3,2:,205,214,23323,24672,101,Afternoon,andm_inspired_rural,umzimvubu,827.563,33.3333,17.021647,30.0,2,20.0,20.0,50.0,2.0
2026-08-31 23:12:14.201226,s3,LOCAL:,0,0,0,0,101,Afternoon,andm_inspired_rural,umzimvubu,827.563,33.3333,17.021647,30.0,2,20.0,20.0,50.0,2.0
2026-08-31 23:12:14.201226,s4,1:,113,211,9978,23932,101,Afternoon,andm_inspired_rural,umzimvubu,827.563,33.3333,17.021647,30.0,2,20.0,20.0,50.0,2.0
2026-08-31 23:12:14.201226,s4,2:,207,219,23506,24986,101,Afternoon,andm_inspired_rural,umzimvubu,827.563,33.3333,17.021647,30.0,2,20.0,20.0,50.0,2.0
2026-08-31 23:12:14.201226,s4,LOCAL:,0,0,0,0,101,Afternoon,andm_inspired_rural,umzimvubu,827.563,33.3333,17.021647,30.0,2,20.0,20.0,50.0,2.0
2026-08-31 23:12:14.201226,s5,1:,67387,211,100242799,23870,101,Afternoon,andm_inspired_rural,umzimvubu,827.563,33.3333,17.021647,30.0,2,20.0,20.0,50.0,2.0
2026-08-31 23:12:14.201226,s5,2:,206,66072,23224,98143313,101,Afternoon,andm_inspired_rural,umzimvubu,827.563,33.3333,17.021647,30.0,2,20.0,20.0,50.0,2.0
2026-08-31 23:12:14.201226,s5,LOCAL:,0,0,0,0,101,Afternoon,andm_inspired_rural,umzimvubu,827.563,33.3333,17.021647,30.0,2,20.0,20.0,50.0,2.0
2026-08-31 23:12:15.452445,s1,1:,315,103586,30995,153783549,102,Afternoon,andm_inspired_rural,ntabankulu,822.967,66.6667,17.156451,30.0,2,20.0,20.0,50.0,2.0
2026-08-31 23:12:15.452445,s1,2:,94186,227,140000747,27551,102,Afternoon,andm_inspired_rural,ntabankulu,822.967,66.6667,17.156451,30.0,2,20.0,20.0,50.0,2.0
2026-08-31 23:12:15.452445,s1,3:,214,205,24672,23323,102,Afternoon,andm_inspired_rural,ntabankulu,822.967,66.6667,17.156451,30.0,2,20.0,20.0,50.0,2.0
2026-08-31 23:12:15.452445,s1,4:,219,207,24986,23506,102,Afternoon,andm_inspired_rural,ntabankulu,822.967,66.6667,17.156451,30.0,2,20.0,20.0,50.0,2.0
2026-08-31 23:12:15.452445,s1,5:,66072,206,98143313,23224,102,Afternoon,andm_inspired_rural,ntabankulu,822.967,66.6667,17.156451,30.0,2,20.0,20.0,50.0,2.0
2026-08-31 23:12:15.452445,s1,LOCAL:,0,0,0,0,102,Afternoon,andm_inspired_rural,ntabankulu,822.967,66.6667,17.156451,30.0,2,20.0,20.0,50.0,2.0
2026-08-31 23:12:15.452445,s2,1:,96311,236,143312656,28709,102,Afternoon,andm_inspired_rural,ntabankulu,822.967,66.6667,17.156451,30.0,2,20.0,20.0,50.0,2.0
2026-08-31 23:12:15.452445,s2,2:,227,94187,27551,140002237,102,Afternoon,andm_inspired_rural,ntabankulu,822.967,66.6667,17.156451,30.0,2,20.0,20.0,50.0,2.0
2026-08-31 23:12:15.452445,s2,LOCAL:,0,0,0,0,102,Afternoon,andm_inspired_rural,ntabankulu,822.967,66.6667,17.156451,30.0,2,20.0,20.0,50.0,2.0
2026-08-31 23:12:15.452445,s3,1:,108,209,9676,23912,102,Afternoon,andm_inspired_rural,ntabankulu,822.967,66.6667,17.156451,30.0,2,20.0,20.0,50.0,2.0
2026-08-31 23:12:15.452445,s3,2:,205,214,23323,24672,102,Afternoon,andm_inspired_rural,ntabankulu,822.967,66.6667,17.156451,30.0,2,20.0,20.0,50.0,2.0
2026-08-31 23:12:15.452445,s3,LOCAL:,0,0,0,0,102,Afternoon,andm_inspired_rural,ntabankulu,822.967,66.6667,17.156451,30.0,2,20.0,20.0,50.0,2.0
2026-08-31 23:12:15.452445,s4,1:,113,211,9978,23932,102,Afternoon,andm_inspired_rural,ntabankulu,822.967,66.6667,17.156451,30.0,2,20.0,20.0,50.0,2.0
2026-08-31 23:12:15.452445,s4,2:,207,219,23506,24986,102,Afternoon,andm_inspired_rural,ntabankulu,822.967,66.6667,17.156451,30.0,2,20.0,20.0,50.0,2.0
2026-08-31 23:12:15.452445,s4,LOCAL:,0,0,0,0,102,Afternoon,andm_inspired_rural,ntabankulu,822.967,66.6667,17.156451,30.0,2,20.0,20.0,50.0,2.0
2026-08-31 23:12:15.452445,s5,1:,67387,211,100242799,23870,102,Afternoon,andm_inspired_rural,ntabankulu,822.967,66.6667,17.156451,30.0,2,20.0,20.0,50.0,2.0
2026-08-31 23:12:15.452445,s5,2:,206,66072,23224,98143313,102,Afternoon,andm_inspired_rural,ntabankulu,822.967,66.6667,17.156451,30.0,2,20.0,20.0,50.0,2.0
2026-08-31 23:12:15.452445,s5,LOCAL:,0,0,0,0,102,Afternoon,andm_inspired_rural,ntabankulu,822.967,66.6667,17.156451,30.0,2,20.0,20.0,50.0,2.0
2026-08-31 23:12:16.696632,s1,1:,315,103586,30995,153783549,103,Afternoon,andm_inspired_rural,winnie,855.683,33.3333,17.559006,30.0,2,20.0,20.0,50.0,2.0
2026-08-31 23:12:16.696632,s1,2:,94186,227,140000747,27551,103,Afternoon,andm_inspired_rural,winnie,855.683,33.3333,17.559006,30.0,2,20.0,20.0,50.0,2.0
2026-08-31 23:12:16.696632,s1,3:,214,205,24672,23323,103,Afternoon,andm_inspired_rural,winnie,855.683,33.3333,17.559006,30.0,2,20.0,20.0,50.0,2.0
2026-08-31 23:12:16.696632,s1,4:,219,207,24986,23506,103,Afternoon,andm_inspired_rural,winnie,855.683,33.3333,17.559006,30.0,2,20.0,20.0,50.0,2.0
2026-08-31 23:12:16.696632,s1,5:,66072,206,98143313,23224,103,Afternoon,andm_inspired_rural,winnie,855.683,33.3333,17.559006,30.0,2,20.0,20.0,50.0,2.0
2026-08-31 23:12:16.696632,s1,LOCAL:,0,0,0,0,103,Afternoon,andm_inspired_rural,winnie,855.683,33.3333,17.559006,30.0,2,20.0,20.0,50.0,2.0
2026-08-31 23:12:16.696632,s2,1:,96311,236,143312656,28709,103,Afternoon,andm_inspired_rural,winnie,855.683,33.3333,17.559006,30.0,2,20.0,20.0,50.0,2.0
2026-08-31 23:12:16.696632,s2,2:,227,94187,27551,140002237,103,Afternoon,andm_inspired_rural,winnie,855.683,33.3333,17.559006,30.0,2,20.0,20.0,50.0,2.0
2026-08-31 23:12:16.696632,s2,LOCAL:,0,0,0,0,103,Afternoon,andm_inspired_rural,winnie,855.683,33.3333,17.559006,30.0,2,20.0,20.0,50.0,2.0
2026-08-31 23:12:16.696632,s3,1:,108,209,9676,23912,103,Afternoon,andm_inspired_rural,winnie,855.683,33.3333,17.559006,30.0,2,20.0,20.0,50.0,2.0
2026-08-31 23:12:16.696632,s3,2:,205,214,23323,24672,103,Afternoon,andm_inspired_rural,winnie,855.683,33.3333,17.559006,30.0,2,20.0,20.0,50.0,2.0
2026-08-31 23:12:16.696632,s3,LOCAL:,0,0,0,0,103,Afternoon,andm_inspired_rural,winnie,855.683,33.3333,17.559006,30.0,2,20.0,20.0,50.0,2.0
2026-08-31 23:12:16.696632,s4,1:,113,211,9978,23932,103,Afternoon,andm_inspired_rural,winnie,855.683,33.3333,17.559006,30.0,2,20.0,20.0,50.0,2.0
2026-08-31 23:12:16.696632,s4,2:,207,219,23506,24986,103,Afternoon,andm_inspired_rural,winnie,855.683,33.3333,17.559006,30.0,2,20.0,20.0,50.0,2.0
2026-08-31 23:12:16.696632,s4,LOCAL:,0,0,0,0,103,Afternoon,andm_inspired_rural,winnie,855.683,33.3333,17.559006,30.0,2,20.0,20.0,50.0,2.0
2026-08-31 23:12:16.696632,s5,1:,67387,211,100242799,23870,103,Afternoon,andm_inspired_rural,winnie,855.683,33.3333,17.559006,30.0,2,20.0,20.0,50.0,2.0
2026-08-31 23:12:16.696632,s5,2:,206,66072,23224,98143313,103,Afternoon,andm_inspired_rural,winnie,855.683,33.3333,17.559006,30.0,2,20.0,20.0,50.0,2.0
2026-08-31 23:12:16.696632,s5,LOCAL:,0,0,0,0,103,Afternoon,andm_inspired_rural,winnie,855.683,33.3333,17.559006,30.0,2,20.0,20.0,50.0,2.0
2026-08-31 23:12:17.924407,s1,1:,321,110826,31583,164560095,104,Afternoon,andm_inspired_rural,matatiele,759.92,33.3333,18.472169,30.0,2,20.0,20.0,50.0,2.0
2026-08-31 23:12:17.924407,s1,2:,100548,230,149471829,27927,104,Afternoon,andm_inspired_rural,matatiele,759.92,33.3333,18.472169,30.0,2,20.0,20.0,50.0,2.0
2026-08-31 23:12:17.924407,s1,3:,219,209,25244,23797,104,Afternoon,andm_inspired_rural,matatiele,759.92,33.3333,18.472169,30.0,2,20.0,20.0,50.0,2.0
2026-08-31 23:12:17.924407,s1,4:,224,210,25558,23882,104,Afternoon,andm_inspired_rural,matatiele,759.92,33.3333,18.472169,30.0,2,20.0,20.0,50.0,2.0
2026-08-31 23:12:17.924407,s1,5:,72415,210,107587505,23698,104,Afternoon,andm_inspired_rural,matatiele,759.92,33.3333,18.472169,30.0,2,20.0,20.0,50.0,2.0
2026-08-31 23:12:17.924407,s1,LOCAL:,0,0,0,0,104,Afternoon,andm_inspired_rural,matatiele,759.92,33.3333,18.472169,30.0,2,20.0,20.0,50.0,2.0
2026-08-31 23:12:17.924407,s2,1:,102792,239,152965170,29085,104,Afternoon,andm_inspired_rural,matatiele,759.92,33.3333,18.472169,30.0,2,20.0,20.0,50.0,2.0
2026-08-31 23:12:17.924407,s2,2:,230,100548,27927,149471829,104,Afternoon,andm_inspired_rural,matatiele,759.92,33.3333,18.472169,30.0,2,20.0,20.0,50.0,2.0
2026-08-31 23:12:17.924407,s2,LOCAL:,0,0,0,0,104,Afternoon,andm_inspired_rural,matatiele,759.92,33.3333,18.472169,30.0,2,20.0,20.0,50.0,2.0
2026-08-31 23:12:17.924407,s3,1:,111,213,9970,24386,104,Afternoon,andm_inspired_rural,matatiele,759.92,33.3333,18.472169,30.0,2,20.0,20.0,50.0,2.0
2026-08-31 23:12:17.924407,s3,2:,209,219,23797,25244,104,Afternoon,andm_inspired_rural,matatiele,759.92,33.3333,18.472169,30.0,2,20.0,20.0,50.0,2.0
2026-08-31 23:12:17.924407,s3,LOCAL:,0,0,0,0,104,Afternoon,andm_inspired_rural,matatiele,759.92,33.3333,18.472169,30.0,2,20.0,20.0,50.0,2.0
2026-08-31 23:12:17.924407,s4,1:,116,214,10272,24308,104,Afternoon,andm_inspired_rural,matatiele,759.92,33.3333,18.472169,30.0,2,20.0,20.0,50.0,2.0
2026-08-31 23:12:17.924407,s4,2:,210,224,23882,25558,104,Afternoon,andm_inspired_rural,matatiele,759.92,33.3333,18.472169,30.0,2,20.0,20.0,50.0,2.0
2026-08-31 23:12:17.924407,s4,LOCAL:,0,0,0,0,104,Afternoon,andm_inspired_rural,matatiele,759.92,33.3333,18.472169,30.0,2,20.0,20.0,50.0,2.0
2026-08-31 23:12:17.924407,s5,1:,73869,215,109896803,24344,104,Afternoon,andm_inspired_rural,matatiele,759.92,33.3333,18.472169,30.0,2,20.0,20.0,50.0,2.0
2026-08-31 23:12:17.924407,s5,2:,210,72415,23698,107587505,104,Afternoon,andm_inspired_rural,matatiele,759.92,33.3333,18.472169,30.0,2,20.0,20.0,50.0,2.0
2026-08-31 23:12:17.924407,s5,LOCAL:,0,0,0,0,104,Afternoon,andm_inspired_rural,matatiele,759.92,33.3333,18.472169,30.0,2,20.0,20.0,50.0,2.0
2026-08-31 23:12:19.178413,s1,1:,321,110826,31583,164560095,105,Afternoon,andm_inspired_rural,umzimvubu,725.981,66.6667,19.499209,30.0,2,20.0,20.0,50.0,2.0
2026-08-31 23:12:19.178413,s1,2:,100548,230,149471829,27927,105,Afternoon,andm_inspired_rural,umzimvubu,725.981,66.6667,19.499209,30.0,2,20.0,20.0,50.0,2.0
2026-08-31 23:12:19.178413,s1,3:,219,209,25244,23797,105,Afternoon,andm_inspired_rural,umzimvubu,725.981,66.6667,19.499209,30.0,2,20.0,20.0,50.0,2.0
2026-08-31 23:12:19.178413,s1,4:,224,210,25558,23882,105,Afternoon,andm_inspired_rural,umzimvubu,725.981,66.6667,19.499209,30.0,2,20.0,20.0,50.0,2.0
2026-08-31 23:12:19.178413,s1,5:,72415,210,107587505,23698,105,Afternoon,andm_inspired_rural,umzimvubu,725.981,66.6667,19.499209,30.0,2,20.0,20.0,50.0,2.0
2026-08-31 23:12:19.178413,s1,LOCAL:,0,0,0,0,105,Afternoon,andm_inspired_rural,umzimvubu,725.981,66.6667,19.499209,30.0,2,20.0,20.0,50.0,2.0
2026-08-31 23:12:19.178413,s2,1:,102792,239,152965170,29085,105,Afternoon,andm_inspired_rural,umzimvubu,725.981,66.6667,19.499209,30.0,2,20.0,20.0,50.0,2.0
2026-08-31 23:12:19.178413,s2,2:,230,100548,27927,149471829,105,Afternoon,andm_inspired_rural,umzimvubu,725.981,66.6667,19.499209,30.0,2,20.0,20.0,50.0,2.0
2026-08-31 23:12:19.178413,s2,LOCAL:,0,0,0,0,105,Afternoon,andm_inspired_rural,umzimvubu,725.981,66.6667,19.499209,30.0,2,20.0,20.0,50.0,2.0
2026-08-31 23:12:19.178413,s3,1:,111,213,9970,24386,105,Afternoon,andm_inspired_rural,umzimvubu,725.981,66.6667,19.499209,30.0,2,20.0,20.0,50.0,2.0
2026-08-31 23:12:19.178413,s3,2:,209,219,23797,25244,105,Afternoon,andm_inspired_rural,umzimvubu,725.981,66.6667,19.499209,30.0,2,20.0,20.0,50.0,2.0
2026-08-31 23:12:19.178413,s3,LOCAL:,0,0,0,0,105,Afternoon,andm_inspired_rural,umzimvubu,725.981,66.6667,19.499209,30.0,2,20.0,20.0,50.0,2.0
2026-08-31 23:12:19.178413,s4,1:,116,214,10272,24308,105,Afternoon,andm_inspired_rural,umzimvubu,725.981,66.6667,19.499209,30.0,2,20.0,20.0,50.0,2.0
2026-08-31 23:12:19.178413,s4,2:,210,224,23882,25558,105,Afternoon,andm_inspired_rural,umzimvubu,725.981,66.6667,19.499209,30.0,2,20.0,20.0,50.0,2.0
2026-08-31 23:12:19.178413,s4,LOCAL:,0,0,0,0,105,Afternoon,andm_inspired_rural,umzimvubu,725.981,66.6667,19.499209,30.0,2,20.0,20.0,50.0,2.0
2026-08-31 23:12:19.178413,s5,1:,73869,215,109896803,24344,105,Afternoon,andm_inspired_rural,umzimvubu,725.981,66.6667,19.499209,30.0,2,20.0,20.0,50.0,2.0
2026-08-31 23:12:19.178413,s5,2:,210,72415,23698,107587505,105,Afternoon,andm_inspired_rural,umzimvubu,725.981,66.6667,19.499209,30.0,2,20.0,20.0,50.0,2.0
2026-08-31 23:12:19.178413,s5,LOCAL:,0,0,0,0,105,Afternoon,andm_inspired_rural,umzimvubu,725.981,66.6667,19.499209,30.0,2,20.0,20.0,50.0,2.0
2026-08-31 23:12:20.411099,s1,1:,321,110826,31583,164560095,106,Afternoon,andm_inspired_rural,ntabankulu,721.417,66.6667,19.385811,30.0,2,20.0,20.0,50.0,2.0
2026-08-31 23:12:20.411099,s1,2:,100548,230,149471829,27927,106,Afternoon,andm_inspired_rural,ntabankulu,721.417,66.6667,19.385811,30.0,2,20.0,20.0,50.0,2.0
2026-08-31 23:12:20.411099,s1,3:,219,209,25244,23797,106,Afternoon,andm_inspired_rural,ntabankulu,721.417,66.6667,19.385811,30.0,2,20.0,20.0,50.0,2.0
2026-08-31 23:12:20.411099,s1,4:,224,210,25558,23882,106,Afternoon,andm_inspired_rural,ntabankulu,721.417,66.6667,19.385811,30.0,2,20.0,20.0,50.0,2.0
2026-08-31 23:12:20.411099,s1,5:,72415,210,107587505,23698,106,Afternoon,andm_inspired_rural,ntabankulu,721.417,66.6667,19.385811,30.0,2,20.0,20.0,50.0,2.0
2026-08-31 23:12:20.411099,s1,LOCAL:,0,0,0,0,106,Afternoon,andm_inspired_rural,ntabankulu,721.417,66.6667,19.385811,30.0,2,20.0,20.0,50.0,2.0
2026-08-31 23:12:20.411099,s2,1:,102792,239,152965170,29085,106,Afternoon,andm_inspired_rural,ntabankulu,721.417,66.6667,19.385811,30.0,2,20.0,20.0,50.0,2.0
2026-08-31 23:12:20.411099,s2,2:,230,100548,27927,149471829,106,Afternoon,andm_inspired_rural,ntabankulu,721.417,66.6667,19.385811,30.0,2,20.0,20.0,50.0,2.0
2026-08-31 23:12:20.411099,s2,LOCAL:,0,0,0,0,106,Afternoon,andm_inspired_rural,ntabankulu,721.417,66.6667,19.385811,30.0,2,20.0,20.0,50.0,2.0
2026-08-31 23:12:20.411099,s3,1:,111,213,9970,24386,106,Afternoon,andm_inspired_rural,ntabankulu,721.417,66.6667,19.385811,30.0,2,20.0,20.0,50.0,2.0
2026-08-31 23:12:20.411099,s3,2:,209,219,23797,25244,106,Afternoon,andm_inspired_rural,ntabankulu,721.417,66.6667,19.385811,30.0,2,20.0,20.0,50.0,2.0
2026-08-31 23:12:20.411099,s3,LOCAL:,0,0,0,0,106,Afternoon,andm_inspired_rural,ntabankulu,721.417,66.6667,19.385811,30.0,2,20.0,20.0,50.0,2.0
2026-08-31 23:12:20.411099,s4,1:,116,214,10272,24308,106,Afternoon,andm_inspired_rural,ntabankulu,721.417,66.6667,19.385811,30.0,2,20.0,20.0,50.0,2.0
2026-08-31 23:12:20.411099,s4,2:,210,224,23882,25558,106,Afternoon,andm_inspired_rural,ntabankulu,721.417,66.6667,19.385811,30.0,2,20.0,20.0,50.0,2.0
2026-08-31 23:12:20.411099,s4,LOCAL:,0,0,0,0,106,Afternoon,andm_inspired_rural,ntabankulu,721.417,66.6667,19.385811,30.0,2,20.0,20.0,50.0,2.0
2026-08-31 23:12:20.411099,s5,1:,73869,215,109896803,24344,106,Afternoon,andm_inspired_rural,ntabankulu,721.417,66.6667,19.385811,30.0,2,20.0,20.0,50.0,2.0
2026-08-31 23:12:20.411099,s5,2:,210,72415,23698,107587505,106,Afternoon,andm_inspired_rural,ntabankulu,721.417,66.6667,19.385811,30.0,2,20.0,20.0,50.0,2.0
2026-08-31 23:12:20.411099,s5,LOCAL:,0,0,0,0,106,Afternoon,andm_inspired_rural,ntabankulu,721.417,66.6667,19.385811,30.0,2,20.0,20.0,50.0,2.0
2026-08-31 23:12:21.688416,s1,1:,321,110826,31583,164560095,107,Afternoon,andm_inspired_rural,winnie,849.527,66.6667,16.800578,30.0,2,20.0,20.0,50.0,2.0
2026-08-31 23:12:21.688416,s1,2:,100548,230,149471829,27927,107,Afternoon,andm_inspired_rural,winnie,849.527,66.6667,16.800578,30.0,2,20.0,20.0,50.0,2.0
2026-08-31 23:12:21.688416,s1,3:,219,209,25244,23797,107,Afternoon,andm_inspired_rural,winnie,849.527,66.6667,16.800578,30.0,2,20.0,20.0,50.0,2.0
2026-08-31 23:12:21.688416,s1,4:,224,210,25558,23882,107,Afternoon,andm_inspired_rural,winnie,849.527,66.6667,16.800578,30.0,2,20.0,20.0,50.0,2.0
2026-08-31 23:12:21.688416,s1,5:,72415,210,107587505,23698,107,Afternoon,andm_inspired_rural,winnie,849.527,66.6667,16.800578,30.0,2,20.0,20.0,50.0,2.0
2026-08-31 23:12:21.688416,s1,LOCAL:,0,0,0,0,107,Afternoon,andm_inspired_rural,winnie,849.527,66.6667,16.800578,30.0,2,20.0,20.0,50.0,2.0
2026-08-31 23:12:21.688416,s2,1:,102792,239,152965170,29085,107,Afternoon,andm_inspired_rural,winnie,849.527,66.6667,16.800578,30.0,2,20.0,20.0,50.0,2.0
2026-08-31 23:12:21.688416,s2,2:,230,100548,27927,149471829,107,Afternoon,andm_inspired_rural,winnie,849.527,66.6667,16.800578,30.0,2,20.0,20.0,50.0,2.0
2026-08-31 23:12:21.688416,s2,LOCAL:,0,0,0,0,107,Afternoon,andm_inspired_rural,winnie,849.527,66.6667,16.800578,30.0,2,20.0,20.0,50.0,2.0
2026-08-31 23:12:21.688416,s3,1:,111,213,9970,24386,107,Afternoon,andm_inspired_rural,winnie,849.527,66.6667,16.800578,30.0,2,20.0,20.0,50.0,2.0
2026-08-31 23:12:21.688416,s3,2:,209,219,23797,25244,107,Afternoon,andm_inspired_rural,winnie,849.527,66.6667,16.800578,30.0,2,20.0,20.0,50.0,2.0
2026-08-31 23:12:21.688416,s3,LOCAL:,0,0,0,0,107,Afternoon,andm_inspired_rural,winnie,849.527,66.6667,16.800578,30.0,2,20.0,20.0,50.0,2.0
2026-08-31 23:12:21.688416,s4,1:,116,214,10272,24308,107,Afternoon,andm_inspired_rural,winnie,849.527,66.6667,16.800578,30.0,2,20.0,20.0,50.0,2.0
2026-08-31 23:12:21.688416,s4,2:,210,224,23882,25558,107,Afternoon,andm_inspired_rural,winnie,849.527,66.6667,16.800578,30.0,2,20.0,20.0,50.0,2.0
2026-08-31 23:12:21.688416,s4,LOCAL:,0,0,0,0,107,Afternoon,andm_inspired_rural,winnie,849.527,66.6667,16.800578,30.0,2,20.0,20.0,50.0,2.0
2026-08-31 23:12:21.688416,s5,1:,73869,215,109896803,24344,107,Afternoon,andm_inspired_rural,winnie,849.527,66.6667,16.800578,30.0,2,20.0,20.0,50.0,2.0
2026-08-31 23:12:21.688416,s5,2:,210,72415,23698,107587505,107,Afternoon,andm_inspired_rural,winnie,849.527,66.6667,16.800578,30.0,2,20.0,20.0,50.0,2.0
2026-08-31 23:12:21.688416,s5,LOCAL:,0,0,0,0,107,Afternoon,andm_inspired_rural,winnie,849.527,66.6667,16.800578,30.0,2,20.0,20.0,50.0,2.0
2026-08-31 23:12:22.975067,s1,1:,331,118510,32283,175995346,108,Afternoon,andm_inspired_rural,matatiele,796.861,66.6667,17.278641,30.0,2,20.0,20.0,50.0,2.0
2026-08-31 23:12:22.975067,s1,2:,106871,236,158883519,28679,108,Afternoon,andm_inspired_rural,matatiele,796.861,66.6667,17.278641,30.0,2,20.0,20.0,50.0,2.0
2026-08-31 23:12:22.975067,s1,3:,231,218,26304,24619,108,Afternoon,andm_inspired_rural,matatiele,796.861,66.6667,17.278641,30.0,2,20.0,20.0,50.0,2.0
2026-08-31 23:12:22.975067,s1,4:,231,214,26408,24397,108,Afternoon,andm_inspired_rural,matatiele,796.861,66.6667,17.278641,30.0,2,20.0,20.0,50.0,2.0
2026-08-31 23:12:22.975067,s1,5:,78744,216,117006687,24394,108,Afternoon,andm_inspired_rural,matatiele,796.861,66.6667,17.278641,30.0,2,20.0,20.0,50.0,2.0
2026-08-31 23:12:22.975067,s1,LOCAL:,0,0,0,0,108,Afternoon,andm_inspired_rural,matatiele,796.861,66.6667,17.278641,30.0,2,20.0,20.0,50.0,2.0
2026-08-31 23:12:22.975067,s2,1:,109276,245,162622154,29837,108,Afternoon,andm_inspired_rural,matatiele,796.861,66.6667,17.278641,30.0,2,20.0,20.0,50.0,2.0
2026-08-31 23:12:22.975067,s2,2:,236,106871,28679,158883519,108,Afternoon,andm_inspired_rural,matatiele,796.861,66.6667,17.278641,30.0,2,20.0,20.0,50.0,2.0
2026-08-31 23:12:22.975067,s2,LOCAL:,0,0,0,0,108,Afternoon,andm_inspired_rural,matatiele,796.861,66.6667,17.278641,30.0,2,20.0,20.0,50.0,2.0
2026-08-31 23:12:22.975067,s3,1:,119,222,10474,25208,108,Afternoon,andm_inspired_rural,matatiele,796.861,66.6667,17.278641,30.0,2,20.0,20.0,50.0,2.0
2026-08-31 23:12:22.975067,s3,2:,218,231,24619,26304,108,Afternoon,andm_inspired_rural,matatiele,796.861,66.6667,17.278641,30.0,2,20.0,20.0,50.0,2.0
2026-08-31 23:12:22.975067,s3,LOCAL:,0,0,0,0,108,Afternoon,andm_inspired_rural,matatiele,796.861,66.6667,17.278641,30.0,2,20.0,20.0,50.0,2.0
2026-08-31 23:12:22.975067,s4,1:,119,219,10566,24962,108,Afternoon,andm_inspired_rural,matatiele,796.861,66.6667,17.278641,30.0,2,20.0,20.0,50.0,2.0
2026-08-31 23:12:22.975067,s4,2:,214,231,24397,26408,108,Afternoon,andm_inspired_rural,matatiele,796.861,66.6667,17.278641,30.0,2,20.0,20.0,50.0,2.0
2026-08-31 23:12:22.975067,s4,LOCAL:,0,0,0,0,108,Afternoon,andm_inspired_rural,matatiele,796.861,66.6667,17.278641,30.0,2,20.0,20.0,50.0,2.0
2026-08-31 23:12:22.975067,s5,1:,80354,221,119553829,25040,108,Afternoon,andm_inspired_rural,matatiele,796.861,66.6667,17.278641,30.0,2,20.0,20.0,50.0,2.0
2026-08-31 23:12:22.975067,s5,2:,216,78744,24394,117006687,108,Afternoon,andm_inspired_rural,matatiele,796.861,66.6667,17.278641,30.0,2,20.0,20.0,50.0,2.0
2026-08-31 23:12:22.975067,s5,LOCAL:,0,0,0,0,108,Afternoon,andm_inspired_rural,matatiele,796.861,66.6667,17.278641,30.0,2,20.0,20.0,50.0,2.0
2026-08-31 23:12:24.007264,s1,1:,331,118510,32283,175995346,109,Afternoon,andm_inspired_rural,umzimvubu,768.085,0.0,17.867432,30.0,2,20.0,20.0,50.0,2.0
2026-08-31 23:12:24.007264,s1,2:,106871,236,158883519,28679,109,Afternoon,andm_inspired_rural,umzimvubu,768.085,0.0,17.867432,30.0,2,20.0,20.0,50.0,2.0
2026-08-31 23:12:24.007264,s1,3:,231,218,26304,24619,109,Afternoon,andm_inspired_rural,umzimvubu,768.085,0.0,17.867432,30.0,2,20.0,20.0,50.0,2.0
2026-08-31 23:12:24.007264,s1,4:,231,214,26408,24397,109,Afternoon,andm_inspired_rural,umzimvubu,768.085,0.0,17.867432,30.0,2,20.0,20.0,50.0,2.0
2026-08-31 23:12:24.007264,s1,5:,78744,216,117006687,24394,109,Afternoon,andm_inspired_rural,umzimvubu,768.085,0.0,17.867432,30.0,2,20.0,20.0,50.0,2.0
2026-08-31 23:12:24.007264,s1,LOCAL:,0,0,0,0,109,Afternoon,andm_inspired_rural,umzimvubu,768.085,0.0,17.867432,30.0,2,20.0,20.0,50.0,2.0
2026-08-31 23:12:24.007264,s2,1:,109276,245,162622154,29837,109,Afternoon,andm_inspired_rural,umzimvubu,768.085,0.0,17.867432,30.0,2,20.0,20.0,50.0,2.0
2026-08-31 23:12:24.007264,s2,2:,236,106871,28679,158883519,109,Afternoon,andm_inspired_rural,umzimvubu,768.085,0.0,17.867432,30.0,2,20.0,20.0,50.0,2.0
2026-08-31 23:12:24.007264,s2,LOCAL:,0,0,0,0,109,Afternoon,andm_inspired_rural,umzimvubu,768.085,0.0,17.867432,30.0,2,20.0,20.0,50.0,2.0
2026-08-31 23:12:24.007264,s3,1:,119,222,10474,25208,109,Afternoon,andm_inspired_rural,umzimvubu,768.085,0.0,17.867432,30.0,2,20.0,20.0,50.0,2.0
2026-08-31 23:12:24.007264,s3,2:,218,231,24619,26304,109,Afternoon,andm_inspired_rural,umzimvubu,768.085,0.0,17.867432,30.0,2,20.0,20.0,50.0,2.0
2026-08-31 23:12:24.007264,s3,LOCAL:,0,0,0,0,109,Afternoon,andm_inspired_rural,umzimvubu,768.085,0.0,17.867432,30.0,2,20.0,20.0,50.0,2.0
2026-08-31 23:12:24.007264,s4,1:,119,219,10566,24962,109,Afternoon,andm_inspired_rural,umzimvubu,768.085,0.0,17.867432,30.0,2,20.0,20.0,50.0,2.0
2026-08-31 23:12:24.007264,s4,2:,214,231,24397,26408,109,Afternoon,andm_inspired_rural,umzimvubu,768.085,0.0,17.867432,30.0,2,20.0,20.0,50.0,2.0
2026-08-31 23:12:24.007264,s4,LOCAL:,0,0,0,0,109,Afternoon,andm_inspired_rural,umzimvubu,768.085,0.0,17.867432,30.0,2,20.0,20.0,50.0,2.0
2026-08-31 23:12:24.007264,s5,1:,80354,221,119553829,25040,109,Afternoon,andm_inspired_rural,umzimvubu,768.085,0.0,17.867432,30.0,2,20.0,20.0,50.0,2.0
2026-08-31 23:12:24.007264,s5,2:,216,78744,24394,117006687,109,Afternoon,andm_inspired_rural,umzimvubu,768.085,0.0,17.867432,30.0,2,20.0,20.0,50.0,2.0
2026-08-31 23:12:24.007264,s5,LOCAL:,0,0,0,0,109,Afternoon,andm_inspired_rural,umzimvubu,768.085,0.0,17.867432,30.0,2,20.0,20.0,50.0,2.0
2026-08-31 23:12:25.007413,s1,1:,331,118510,32283,175995346,110,Afternoon,andm_inspired_rural,ntabankulu,764.101,0.0,18.130888,30.0,2,20.0,20.0,50.0,2.0
2026-08-31 23:12:25.007413,s1,2:,106871,236,158883519,28679,110,Afternoon,andm_inspired_rural,ntabankulu,764.101,0.0,18.130888,30.0,2,20.0,20.0,50.0,2.0
2026-08-31 23:12:25.007413,s1,3:,231,218,26304,24619,110,Afternoon,andm_inspired_rural,ntabankulu,764.101,0.0,18.130888,30.0,2,20.0,20.0,50.0,2.0
2026-08-31 23:12:25.007413,s1,4:,231,214,26408,24397,110,Afternoon,andm_inspired_rural,ntabankulu,764.101,0.0,18.130888,30.0,2,20.0,20.0,50.0,2.0
2026-08-31 23:12:25.007413,s1,5:,78744,216,117006687,24394,110,Afternoon,andm_inspired_rural,ntabankulu,764.101,0.0,18.130888,30.0,2,20.0,20.0,50.0,2.0
2026-08-31 23:12:25.007413,s1,LOCAL:,0,0,0,0,110,Afternoon,andm_inspired_rural,ntabankulu,764.101,0.0,18.130888,30.0,2,20.0,20.0,50.0,2.0
2026-08-31 23:12:25.007413,s2,1:,109276,245,162622154,29837,110,Afternoon,andm_inspired_rural,ntabankulu,764.101,0.0,18.130888,30.0,2,20.0,20.0,50.0,2.0
2026-08-31 23:12:25.007413,s2,2:,236,106871,28679,158883519,110,Afternoon,andm_inspired_rural,ntabankulu,764.101,0.0,18.130888,30.0,2,20.0,20.0,50.0,2.0
2026-08-31 23:12:25.007413,s2,LOCAL:,0,0,0,0,110,Afternoon,andm_inspired_rural,ntabankulu,764.101,0.0,18.130888,30.0,2,20.0,20.0,50.0,2.0
2026-08-31 23:12:25.007413,s3,1:,119,222,10474,25208,110,Afternoon,andm_inspired_rural,ntabankulu,764.101,0.0,18.130888,30.0,2,20.0,20.0,50.0,2.0
2026-08-31 23:12:25.007413,s3,2:,218,231,24619,26304,110,Afternoon,andm_inspired_rural,ntabankulu,764.101,0.0,18.130888,30.0,2,20.0,20.0,50.0,2.0
2026-08-31 23:12:25.007413,s3,LOCAL:,0,0,0,0,110,Afternoon,andm_inspired_rural,ntabankulu,764.101,0.0,18.130888,30.0,2,20.0,20.0,50.0,2.0
2026-08-31 23:12:25.007413,s4,1:,119,219,10566,24962,110,Afternoon,andm_inspired_rural,ntabankulu,764.101,0.0,18.130888,30.0,2,20.0,20.0,50.0,2.0
2026-08-31 23:12:25.007413,s4,2:,214,231,24397,26408,110,Afternoon,andm_inspired_rural,ntabankulu,764.101,0.0,18.130888,30.0,2,20.0,20.0,50.0,2.0
2026-08-31 23:12:25.007413,s4,LOCAL:,0,0,0,0,110,Afternoon,andm_inspired_rural,ntabankulu,764.101,0.0,18.130888,30.0,2,20.0,20.0,50.0,2.0
2026-08-31 23:12:25.007413,s5,1:,80354,221,119553829,25040,110,Afternoon,andm_inspired_rural,ntabankulu,764.101,0.0,18.130888,30.0,2,20.0,20.0,50.0,2.0
2026-08-31 23:12:25.007413,s5,2:,216,78744,24394,117006687,110,Afternoon,andm_inspired_rural,ntabankulu,764.101,0.0,18.130888,30.0,2,20.0,20.0,50.0,2.0
2026-08-31 23:12:25.007413,s5,LOCAL:,0,0,0,0,110,Afternoon,andm_inspired_rural,ntabankulu,764.101,0.0,18.130888,30.0,2,20.0,20.0,50.0,2.0
2026-08-31 23:12:26.237115,s1,1:,331,118510,32283,175995346,111,Afternoon,andm_inspired_rural,winnie,,100.0,16.687549,30.0,2,20.0,20.0,50.0,2.0
2026-08-31 23:12:26.237115,s1,2:,106871,236,158883519,28679,111,Afternoon,andm_inspired_rural,winnie,,100.0,16.687549,30.0,2,20.0,20.0,50.0,2.0
2026-08-31 23:12:26.237115,s1,3:,231,218,26304,24619,111,Afternoon,andm_inspired_rural,winnie,,100.0,16.687549,30.0,2,20.0,20.0,50.0,2.0
2026-08-31 23:12:26.237115,s1,4:,231,214,26408,24397,111,Afternoon,andm_inspired_rural,winnie,,100.0,16.687549,30.0,2,20.0,20.0,50.0,2.0
2026-08-31 23:12:26.237115,s1,5:,78744,216,117006687,24394,111,Afternoon,andm_inspired_rural,winnie,,100.0,16.687549,30.0,2,20.0,20.0,50.0,2.0
2026-08-31 23:12:26.237115,s1,LOCAL:,0,0,0,0,111,Afternoon,andm_inspired_rural,winnie,,100.0,16.687549,30.0,2,20.0,20.0,50.0,2.0
2026-08-31 23:12:26.237115,s2,1:,109276,245,162622154,29837,111,Afternoon,andm_inspired_rural,winnie,,100.0,16.687549,30.0,2,20.0,20.0,50.0,2.0
2026-08-31 23:12:26.237115,s2,2:,236,106871,28679,158883519,111,Afternoon,andm_inspired_rural,winnie,,100.0,16.687549,30.0,2,20.0,20.0,50.0,2.0
2026-08-31 23:12:26.237115,s2,LOCAL:,0,0,0,0,111,Afternoon,andm_inspired_rural,winnie,,100.0,16.687549,30.0,2,20.0,20.0,50.0,2.0
2026-08-31 23:12:26.237115,s3,1:,119,222,10474,25208,111,Afternoon,andm_inspired_rural,winnie,,100.0,16.687549,30.0,2,20.0,20.0,50.0,2.0
2026-08-31 23:12:26.237115,s3,2:,218,231,24619,26304,111,Afternoon,andm_inspired_rural,winnie,,100.0,16.687549,30.0,2,20.0,20.0,50.0,2.0
2026-08-31 23:12:26.237115,s3,LOCAL:,0,0,0,0,111,Afternoon,andm_inspired_rural,winnie,,100.0,16.687549,30.0,2,20.0,20.0,50.0,2.0
2026-08-31 23:12:26.237115,s4,1:,119,219,10566,24962,111,Afternoon,andm_inspired_rural,winnie,,100.0,16.687549,30.0,2,20.0,20.0,50.0,2.0
2026-08-31 23:12:26.237115,s4,2:,214,231,24397,26408,111,Afternoon,andm_inspired_rural,winnie,,100.0,16.687549,30.0,2,20.0,20.0,50.0,2.0
2026-08-31 23:12:26.237115,s4,LOCAL:,0,0,0,0,111,Afternoon,andm_inspired_rural,winnie,,100.0,16.687549,30.0,2,20.0,20.0,50.0,2.0
2026-08-31 23:12:26.237115,s5,1:,80354,221,119553829,25040,111,Afternoon,andm_inspired_rural,winnie,,100.0,16.687549,30.0,2,20.0,20.0,50.0,2.0
2026-08-31 23:12:26.237115,s5,2:,216,78744,24394,117006687,111,Afternoon,andm_inspired_rural,winnie,,100.0,16.687549,30.0,2,20.0,20.0,50.0,2.0
2026-08-31 23:12:26.237115,s5,LOCAL:,0,0,0,0,111,Afternoon,andm_inspired_rural,winnie,,100.0,16.687549,30.0,2,20.0,20.0,50.0,2.0
2026-08-31 23:12:27.203324,s1,1:,331,118510,32283,175995346,112,Afternoon,andm_inspired_rural,matatiele,738.407,0.0,19.113629,30.0,2,20.0,20.0,50.0,2.0
2026-08-31 23:12:27.203324,s1,2:,106871,236,158883519,28679,112,Afternoon,andm_inspired_rural,matatiele,738.407,0.0,19.113629,30.0,2,20.0,20.0,50.0,2.0
2026-08-31 23:12:27.203324,s1,3:,231,218,26304,24619,112,Afternoon,andm_inspired_rural,matatiele,738.407,0.0,19.113629,30.0,2,20.0,20.0,50.0,2.0
2026-08-31 23:12:27.203324,s1,4:,231,214,26408,24397,112,Afternoon,andm_inspired_rural,matatiele,738.407,0.0,19.113629,30.0,2,20.0,20.0,50.0,2.0
2026-08-31 23:12:27.203324,s1,5:,78744,216,117006687,24394,112,Afternoon,andm_inspired_rural,matatiele,738.407,0.0,19.113629,30.0,2,20.0,20.0,50.0,2.0
2026-08-31 23:12:27.203324,s1,LOCAL:,0,0,0,0,112,Afternoon,andm_inspired_rural,matatiele,738.407,0.0,19.113629,30.0,2,20.0,20.0,50.0,2.0
2026-08-31 23:12:27.203324,s2,1:,109276,245,162622154,29837,112,Afternoon,andm_inspired_rural,matatiele,738.407,0.0,19.113629,30.0,2,20.0,20.0,50.0,2.0
2026-08-31 23:12:27.203324,s2,2:,236,106871,28679,158883519,112,Afternoon,andm_inspired_rural,matatiele,738.407,0.0,19.113629,30.0,2,20.0,20.0,50.0,2.0
2026-08-31 23:12:27.203324,s2,LOCAL:,0,0,0,0,112,Afternoon,andm_inspired_rural,matatiele,738.407,0.0,19.113629,30.0,2,20.0,20.0,50.0,2.0
2026-08-31 23:12:27.203324,s3,1:,119,222,10474,25208,112,Afternoon,andm_inspired_rural,matatiele,738.407,0.0,19.113629,30.0,2,20.0,20.0,50.0,2.0
2026-08-31 23:12:27.203324,s3,2:,218,231,24619,26304,112,Afternoon,andm_inspired_rural,matatiele,738.407,0.0,19.113629,30.0,2,20.0,20.0,50.0,2.0
2026-08-31 23:12:27.203324,s3,LOCAL:,0,0,0,0,112,Afternoon,andm_inspired_rural,matatiele,738.407,0.0,19.113629,30.0,2,20.0,20.0,50.0,2.0
2026-08-31 23:12:27.203324,s4,1:,119,219,10566,24962,112,Afternoon,andm_inspired_rural,matatiele,738.407,0.0,19.113629,30.0,2,20.0,20.0,50.0,2.0
2026-08-31 23:12:27.203324,s4,2:,214,231,24397,26408,112,Afternoon,andm_inspired_rural,matatiele,738.407,0.0,19.113629,30.0,2,20.0,20.0,50.0,2.0
2026-08-31 23:12:27.203324,s4,LOCAL:,0,0,0,0,112,Afternoon,andm_inspired_rural,matatiele,738.407,0.0,19.113629,30.0,2,20.0,20.0,50.0,2.0
2026-08-31 23:12:27.203324,s5,1:,80354,221,119553829,25040,112,Afternoon,andm_inspired_rural,matatiele,738.407,0.0,19.113629,30.0,2,20.0,20.0,50.0,2.0
2026-08-31 23:12:27.203324,s5,2:,216,78744,24394,117006687,112,Afternoon,andm_inspired_rural,matatiele,738.407,0.0,19.113629,30.0,2,20.0,20.0,50.0,2.0
2026-08-31 23:12:27.203324,s5,LOCAL:,0,0,0,0,112,Afternoon,andm_inspired_rural,matatiele,738.407,0.0,19.113629,30.0,2,20.0,20.0,50.0,2.0
2026-08-31 23:12:28.430190,s1,1:,346,126094,33473,187276003,113,Afternoon,andm_inspired_rural,umzimvubu,727.991,66.6667,17.601452,30.0,2,20.0,20.0,50.0,2.0
2026-08-31 23:12:28.430190,s1,2:,113287,246,168433779,29711,113,Afternoon,andm_inspired_rural,umzimvubu,727.991,66.6667,17.601452,30.0,2,20.0,20.0,50.0,2.0
2026-08-31 23:12:28.430190,s1,3:,239,227,27252,25553,113,Afternoon,andm_inspired_rural,umzimvubu,727.991,66.6667,17.601452,30.0,2,20.0,20.0,50.0,2.0
2026-08-31 23:12:28.430190,s1,4:,238,224,27161,25373,113,Afternoon,andm_inspired_rural,umzimvubu,727.991,66.6667,17.601452,30.0,2,20.0,20.0,50.0,2.0
2026-08-31 23:12:28.430190,s1,5:,85156,224,126545195,25118,113,Afternoon,andm_inspired_rural,umzimvubu,727.991,66.6667,17.601452,30.0,2,20.0,20.0,50.0,2.0
2026-08-31 23:12:28.430190,s1,LOCAL:,0,0,0,0,113,Afternoon,andm_inspired_rural,umzimvubu,727.991,66.6667,17.601452,30.0,2,20.0,20.0,50.0,2.0
2026-08-31 23:12:28.430190,s2,1:,115756,255,172273178,30869,113,Afternoon,andm_inspired_rural,umzimvubu,727.991,66.6667,17.601452,30.0,2,20.0,20.0,50.0,2.0
2026-08-31 23:12:28.430190,s2,2:,246,113287,29711,168433779,113,Afternoon,andm_inspired_rural,umzimvubu,727.991,66.6667,17.601452,30.0,2,20.0,20.0,50.0,2.0
2026-08-31 23:12:28.430190,s2,LOCAL:,0,0,0,0,113,Afternoon,andm_inspired_rural,umzimvubu,727.991,66.6667,17.601452,30.0,2,20.0,20.0,50.0,2.0
2026-08-31 23:12:28.430190,s3,1:,123,231,10866,26142,113,Afternoon,andm_inspired_rural,umzimvubu,727.991,66.6667,17.601452,30.0,2,20.0,20.0,50.0,2.0
2026-08-31 23:12:28.430190,s3,2:,227,239,25553,27252,113,Afternoon,andm_inspired_rural,umzimvubu,727.991,66.6667,17.601452,30.0,2,20.0,20.0,50.0,2.0
2026-08-31 23:12:28.430190,s3,LOCAL:,0,0,0,0,113,Afternoon,andm_inspired_rural,umzimvubu,727.991,66.6667,17.601452,30.0,2,20.0,20.0,50.0,2.0
2026-08-31 23:12:28.430190,s4,1:,123,229,10902,25938,113,Afternoon,andm_inspired_rural,umzimvubu,727.991,66.6667,17.601452,30.0,2,20.0,20.0,50.0,2.0
2026-08-31 23:12:28.430190,s4,2:,224,238,25373,27161,113,Afternoon,andm_inspired_rural,umzimvubu,727.991,66.6667,17.601452,30.0,2,20.0,20.0,50.0,2.0
2026-08-31 23:12:28.430190,s4,LOCAL:,0,0,0,0,113,Afternoon,andm_inspired_rural,umzimvubu,727.991,66.6667,17.601452,30.0,2,20.0,20.0,50.0,2.0
2026-08-31 23:12:28.430190,s5,1:,86838,229,129205021,25764,113,Afternoon,andm_inspired_rural,umzimvubu,727.991,66.6667,17.601452,30.0,2,20.0,20.0,50.0,2.0
2026-08-31 23:12:28.430190,s5,2:,224,85156,25118,126545195,113,Afternoon,andm_inspired_rural,umzimvubu,727.991,66.6667,17.601452,30.0,2,20.0,20.0,50.0,2.0
2026-08-31 23:12:28.430190,s5,LOCAL:,0,0,0,0,113,Afternoon,andm_inspired_rural,umzimvubu,727.991,66.6667,17.601452,30.0,2,20.0,20.0,50.0,2.0
2026-08-31 23:12:29.668942,s1,1:,346,126094,33473,187276003,114,Afternoon,andm_inspired_rural,ntabankulu,732.954,66.6667,19.026836,30.0,2,20.0,20.0,50.0,2.0
2026-08-31 23:12:29.668942,s1,2:,113287,246,168433779,29711,114,Afternoon,andm_inspired_rural,ntabankulu,732.954,66.6667,19.026836,30.0,2,20.0,20.0,50.0,2.0
2026-08-31 23:12:29.668942,s1,3:,239,227,27252,25553,114,Afternoon,andm_inspired_rural,ntabankulu,732.954,66.6667,19.026836,30.0,2,20.0,20.0,50.0,2.0
2026-08-31 23:12:29.668942,s1,4:,238,224,27161,25373,114,Afternoon,andm_inspired_rural,ntabankulu,732.954,66.6667,19.026836,30.0,2,20.0,20.0,50.0,2.0
2026-08-31 23:12:29.668942,s1,5:,85156,224,126545195,25118,114,Afternoon,andm_inspired_rural,ntabankulu,732.954,66.6667,19.026836,30.0,2,20.0,20.0,50.0,2.0
2026-08-31 23:12:29.668942,s1,LOCAL:,0,0,0,0,114,Afternoon,andm_inspired_rural,ntabankulu,732.954,66.6667,19.026836,30.0,2,20.0,20.0,50.0,2.0
2026-08-31 23:12:29.668942,s2,1:,115756,255,172273178,30869,114,Afternoon,andm_inspired_rural,ntabankulu,732.954,66.6667,19.026836,30.0,2,20.0,20.0,50.0,2.0
2026-08-31 23:12:29.668942,s2,2:,246,113287,29711,168433779,114,Afternoon,andm_inspired_rural,ntabankulu,732.954,66.6667,19.026836,30.0,2,20.0,20.0,50.0,2.0
2026-08-31 23:12:29.668942,s2,LOCAL:,0,0,0,0,114,Afternoon,andm_inspired_rural,ntabankulu,732.954,66.6667,19.026836,30.0,2,20.0,20.0,50.0,2.0
2026-08-31 23:12:29.668942,s3,1:,123,231,10866,26142,114,Afternoon,andm_inspired_rural,ntabankulu,732.954,66.6667,19.026836,30.0,2,20.0,20.0,50.0,2.0
2026-08-31 23:12:29.668942,s3,2:,227,239,25553,27252,114,Afternoon,andm_inspired_rural,ntabankulu,732.954,66.6667,19.026836,30.0,2,20.0,20.0,50.0,2.0
2026-08-31 23:12:29.668942,s3,LOCAL:,0,0,0,0,114,Afternoon,andm_inspired_rural,ntabankulu,732.954,66.6667,19.026836,30.0,2,20.0,20.0,50.0,2.0
2026-08-31 23:12:29.668942,s4,1:,123,229,10902,25938,114,Afternoon,andm_inspired_rural,ntabankulu,732.954,66.6667,19.026836,30.0,2,20.0,20.0,50.0,2.0
2026-08-31 23:12:29.668942,s4,2:,224,238,25373,27161,114,Afternoon,andm_inspired_rural,ntabankulu,732.954,66.6667,19.026836,30.0,2,20.0,20.0,50.0,2.0
2026-08-31 23:12:29.668942,s4,LOCAL:,0,0,0,0,114,Afternoon,andm_inspired_rural,ntabankulu,732.954,66.6667,19.026836,30.0,2,20.0,20.0,50.0,2.0
2026-08-31 23:12:29.668942,s5,1:,86838,229,129205021,25764,114,Afternoon,andm_inspired_rural,ntabankulu,732.954,66.6667,19.026836,30.0,2,20.0,20.0,50.0,2.0
2026-08-31 23:12:29.668942,s5,2:,224,85156,25118,126545195,114,Afternoon,andm_inspired_rural,ntabankulu,732.954,66.6667,19.026836,30.0,2,20.0,20.0,50.0,2.0
2026-08-31 23:12:29.668942,s5,LOCAL:,0,0,0,0,114,Afternoon,andm_inspired_rural,ntabankulu,732.954,66.6667,19.026836,30.0,2,20.0,20.0,50.0,2.0
2026-08-31 23:12:30.902406,s1,1:,346,126094,33473,187276003,115,Afternoon,andm_inspired_rural,winnie,,100.0,17.452549,30.0,2,20.0,20.0,50.0,2.0
2026-08-31 23:12:30.902406,s1,2:,113287,246,168433779,29711,115,Afternoon,andm_inspired_rural,winnie,,100.0,17.452549,30.0,2,20.0,20.0,50.0,2.0
2026-08-31 23:12:30.902406,s1,3:,239,227,27252,25553,115,Afternoon,andm_inspired_rural,winnie,,100.0,17.452549,30.0,2,20.0,20.0,50.0,2.0
2026-08-31 23:12:30.902406,s1,4:,238,224,27161,25373,115,Afternoon,andm_inspired_rural,winnie,,100.0,17.452549,30.0,2,20.0,20.0,50.0,2.0
2026-08-31 23:12:30.902406,s1,5:,85156,224,126545195,25118,115,Afternoon,andm_inspired_rural,winnie,,100.0,17.452549,30.0,2,20.0,20.0,50.0,2.0
2026-08-31 23:12:30.902406,s1,LOCAL:,0,0,0,0,115,Afternoon,andm_inspired_rural,winnie,,100.0,17.452549,30.0,2,20.0,20.0,50.0,2.0
2026-08-31 23:12:30.902406,s2,1:,115756,255,172273178,30869,115,Afternoon,andm_inspired_rural,winnie,,100.0,17.452549,30.0,2,20.0,20.0,50.0,2.0
2026-08-31 23:12:30.902406,s2,2:,246,113287,29711,168433779,115,Afternoon,andm_inspired_rural,winnie,,100.0,17.452549,30.0,2,20.0,20.0,50.0,2.0
2026-08-31 23:12:30.902406,s2,LOCAL:,0,0,0,0,115,Afternoon,andm_inspired_rural,winnie,,100.0,17.452549,30.0,2,20.0,20.0,50.0,2.0
2026-08-31 23:12:30.902406,s3,1:,123,231,10866,26142,115,Afternoon,andm_inspired_rural,winnie,,100.0,17.452549,30.0,2,20.0,20.0,50.0,2.0
2026-08-31 23:12:30.902406,s3,2:,227,239,25553,27252,115,Afternoon,andm_inspired_rural,winnie,,100.0,17.452549,30.0,2,20.0,20.0,50.0,2.0
2026-08-31 23:12:30.902406,s3,LOCAL:,0,0,0,0,115,Afternoon,andm_inspired_rural,winnie,,100.0,17.452549,30.0,2,20.0,20.0,50.0,2.0
2026-08-31 23:12:30.902406,s4,1:,123,229,10902,25938,115,Afternoon,andm_inspired_rural,winnie,,100.0,17.452549,30.0,2,20.0,20.0,50.0,2.0
2026-08-31 23:12:30.902406,s4,2:,224,238,25373,27161,115,Afternoon,andm_inspired_rural,winnie,,100.0,17.452549,30.0,2,20.0,20.0,50.0,2.0
2026-08-31 23:12:30.902406,s4,LOCAL:,0,0,0,0,115,Afternoon,andm_inspired_rural,winnie,,100.0,17.452549,30.0,2,20.0,20.0,50.0,2.0
2026-08-31 23:12:30.902406,s5,1:,86838,229,129205021,25764,115,Afternoon,andm_inspired_rural,winnie,,100.0,17.452549,30.0,2,20.0,20.0,50.0,2.0
2026-08-31 23:12:30.902406,s5,2:,224,85156,25118,126545195,115,Afternoon,andm_inspired_rural,winnie,,100.0,17.452549,30.0,2,20.0,20.0,50.0,2.0
2026-08-31 23:12:30.902406,s5,LOCAL:,0,0,0,0,115,Afternoon,andm_inspired_rural,winnie,,100.0,17.452549,30.0,2,20.0,20.0,50.0,2.0
2026-08-31 23:12:32.133895,s1,1:,346,126094,33473,187276003,116,Afternoon,andm_inspired_rural,matatiele,730.173,33.3333,19.125938,30.0,2,20.0,20.0,50.0,2.0
2026-08-31 23:12:32.133895,s1,2:,113287,246,168433779,29711,116,Afternoon,andm_inspired_rural,matatiele,730.173,33.3333,19.125938,30.0,2,20.0,20.0,50.0,2.0
2026-08-31 23:12:32.133895,s1,3:,239,227,27252,25553,116,Afternoon,andm_inspired_rural,matatiele,730.173,33.3333,19.125938,30.0,2,20.0,20.0,50.0,2.0
2026-08-31 23:12:32.133895,s1,4:,238,224,27161,25373,116,Afternoon,andm_inspired_rural,matatiele,730.173,33.3333,19.125938,30.0,2,20.0,20.0,50.0,2.0
2026-08-31 23:12:32.133895,s1,5:,85156,224,126545195,25118,116,Afternoon,andm_inspired_rural,matatiele,730.173,33.3333,19.125938,30.0,2,20.0,20.0,50.0,2.0
2026-08-31 23:12:32.133895,s1,LOCAL:,0,0,0,0,116,Afternoon,andm_inspired_rural,matatiele,730.173,33.3333,19.125938,30.0,2,20.0,20.0,50.0,2.0
2026-08-31 23:12:32.133895,s2,1:,115756,255,172273178,30869,116,Afternoon,andm_inspired_rural,matatiele,730.173,33.3333,19.125938,30.0,2,20.0,20.0,50.0,2.0
2026-08-31 23:12:32.133895,s2,2:,246,113287,29711,168433779,116,Afternoon,andm_inspired_rural,matatiele,730.173,33.3333,19.125938,30.0,2,20.0,20.0,50.0,2.0
2026-08-31 23:12:32.133895,s2,LOCAL:,0,0,0,0,116,Afternoon,andm_inspired_rural,matatiele,730.173,33.3333,19.125938,30.0,2,20.0,20.0,50.0,2.0
2026-08-31 23:12:32.133895,s3,1:,123,231,10866,26142,116,Afternoon,andm_inspired_rural,matatiele,730.173,33.3333,19.125938,30.0,2,20.0,20.0,50.0,2.0
2026-08-31 23:12:32.133895,s3,2:,227,239,25553,27252,116,Afternoon,andm_inspired_rural,matatiele,730.173,33.3333,19.125938,30.0,2,20.0,20.0,50.0,2.0
2026-08-31 23:12:32.133895,s3,LOCAL:,0,0,0,0,116,Afternoon,andm_inspired_rural,matatiele,730.173,33.3333,19.125938,30.0,2,20.0,20.0,50.0,2.0
2026-08-31 23:12:32.133895,s4,1:,123,229,10902,25938,116,Afternoon,andm_inspired_rural,matatiele,730.173,33.3333,19.125938,30.0,2,20.0,20.0,50.0,2.0
2026-08-31 23:12:32.133895,s4,2:,224,238,25373,27161,116,Afternoon,andm_inspired_rural,matatiele,730.173,33.3333,19.125938,30.0,2,20.0,20.0,50.0,2.0
2026-08-31 23:12:32.133895,s4,LOCAL:,0,0,0,0,116,Afternoon,andm_inspired_rural,matatiele,730.173,33.3333,19.125938,30.0,2,20.0,20.0,50.0,2.0
2026-08-31 23:12:32.133895,s5,1:,86838,229,129205021,25764,116,Afternoon,andm_inspired_rural,matatiele,730.173,33.3333,19.125938,30.0,2,20.0,20.0,50.0,2.0
2026-08-31 23:12:32.133895,s5,2:,224,85156,25118,126545195,116,Afternoon,andm_inspired_rural,matatiele,730.173,33.3333,19.125938,30.0,2,20.0,20.0,50.0,2.0
2026-08-31 23:12:32.133895,s5,LOCAL:,0,0,0,0,116,Afternoon,andm_inspired_rural,matatiele,730.173,33.3333,19.125938,30.0,2,20.0,20.0,50.0,2.0
2026-08-31 23:12:33.364960,s1,1:,352,133776,34061,198712465,117,Afternoon,andm_inspired_rural,umzimvubu,783.549,33.3333,17.548811,30.0,2,20.0,20.0,50.0,2.0
2026-08-31 23:12:33.364960,s1,2:,119632,250,177880951,30185,117,Afternoon,andm_inspired_rural,umzimvubu,783.549,33.3333,17.548811,30.0,2,20.0,20.0,50.0,2.0
2026-08-31 23:12:33.364960,s1,3:,245,230,27922,25929,117,Afternoon,andm_inspired_rural,umzimvubu,783.549,33.3333,17.548811,30.0,2,20.0,20.0,50.0,2.0
2026-08-31 23:12:33.364960,s1,4:,243,227,27733,25749,117,Afternoon,andm_inspired_rural,umzimvubu,783.549,33.3333,17.548811,30.0,2,20.0,20.0,50.0,2.0
2026-08-31 23:12:33.364960,s1,5:,91489,228,135975879,25592,117,Afternoon,andm_inspired_rural,umzimvubu,783.549,33.3333,17.548811,30.0,2,20.0,20.0,50.0,2.0
2026-08-31 23:12:33.364960,s1,LOCAL:,0,0,0,0,117,Afternoon,andm_inspired_rural,umzimvubu,783.549,33.3333,17.548811,30.0,2,20.0,20.0,50.0,2.0
2026-08-31 23:12:33.364960,s2,1:,122233,259,181919732,31343,117,Afternoon,andm_inspired_rural,umzimvubu,783.549,33.3333,17.548811,30.0,2,20.0,20.0,50.0,2.0
2026-08-31 23:12:33.364960,s2,2:,250,119633,30185,177882441,117,Afternoon,andm_inspired_rural,umzimvubu,783.549,33.3333,17.548811,30.0,2,20.0,20.0,50.0,2.0
2026-08-31 23:12:33.364960,s2,LOCAL:,0,0,0,0,117,Afternoon,andm_inspired_rural,umzimvubu,783.549,33.3333,17.548811,30.0,2,20.0,20.0,50.0,2.0
2026-08-31 23:12:33.364960,s3,1:,127,234,11258,26518,117,Afternoon,andm_inspired_rural,umzimvubu,783.549,33.3333,17.548811,30.0,2,20.0,20.0,50.0,2.0
2026-08-31 23:12:33.364960,s3,2:,230,245,25929,27922,117,Afternoon,andm_inspired_rural,umzimvubu,783.549,33.3333,17.548811,30.0,2,20.0,20.0,50.0,2.0
2026-08-31 23:12:33.364960,s3,LOCAL:,0,0,0,0,117,Afternoon,andm_inspired_rural,umzimvubu,783.549,33.3333,17.548811,30.0,2,20.0,20.0,50.0,2.0
2026-08-31 23:12:33.364960,s4,1:,126,232,11196,26314,117,Afternoon,andm_inspired_rural,umzimvubu,783.549,33.3333,17.548811,30.0,2,20.0,20.0,50.0,2.0
2026-08-31 23:12:33.364960,s4,2:,227,243,25749,27733,117,Afternoon,andm_inspired_rural,umzimvubu,783.549,33.3333,17.548811,30.0,2,20.0,20.0,50.0,2.0
2026-08-31 23:12:33.364960,s4,LOCAL:,0,0,0,0,117,Afternoon,andm_inspired_rural,umzimvubu,783.549,33.3333,17.548811,30.0,2,20.0,20.0,50.0,2.0
2026-08-31 23:12:33.364960,s5,1:,93322,233,138862005,26238,117,Afternoon,andm_inspired_rural,umzimvubu,783.549,33.3333,17.548811,30.0,2,20.0,20.0,50.0,2.0
2026-08-31 23:12:33.364960,s5,2:,228,91490,25592,135977369,117,Afternoon,andm_inspired_rural,umzimvubu,783.549,33.3333,17.548811,30.0,2,20.0,20.0,50.0,2.0
2026-08-31 23:12:33.364960,s5,LOCAL:,0,0,0,0,117,Afternoon,andm_inspired_rural,umzimvubu,783.549,33.3333,17.548811,30.0,2,20.0,20.0,50.0,2.0
2026-08-31 23:12:34.598269,s1,1:,352,133776,34061,198712465,118,Afternoon,andm_inspired_rural,ntabankulu,777.548,66.6667,17.861693,30.0,2,20.0,20.0,50.0,2.0
2026-08-31 23:12:34.598269,s1,2:,119632,250,177880951,30185,118,Afternoon,andm_inspired_rural,ntabankulu,777.548,66.6667,17.861693,30.0,2,20.0,20.0,50.0,2.0
2026-08-31 23:12:34.598269,s1,3:,245,230,27922,25929,118,Afternoon,andm_inspired_rural,ntabankulu,777.548,66.6667,17.861693,30.0,2,20.0,20.0,50.0,2.0
2026-08-31 23:12:34.598269,s1,4:,243,227,27733,25749,118,Afternoon,andm_inspired_rural,ntabankulu,777.548,66.6667,17.861693,30.0,2,20.0,20.0,50.0,2.0
2026-08-31 23:12:34.598269,s1,5:,91489,228,135975879,25592,118,Afternoon,andm_inspired_rural,ntabankulu,777.548,66.6667,17.861693,30.0,2,20.0,20.0,50.0,2.0
2026-08-31 23:12:34.598269,s1,LOCAL:,0,0,0,0,118,Afternoon,andm_inspired_rural,ntabankulu,777.548,66.6667,17.861693,30.0,2,20.0,20.0,50.0,2.0
2026-08-31 23:12:34.598269,s2,1:,122233,259,181919732,31343,118,Afternoon,andm_inspired_rural,ntabankulu,777.548,66.6667,17.861693,30.0,2,20.0,20.0,50.0,2.0
2026-08-31 23:12:34.598269,s2,2:,250,119633,30185,177882441,118,Afternoon,andm_inspired_rural,ntabankulu,777.548,66.6667,17.861693,30.0,2,20.0,20.0,50.0,2.0
2026-08-31 23:12:34.598269,s2,LOCAL:,0,0,0,0,118,Afternoon,andm_inspired_rural,ntabankulu,777.548,66.6667,17.861693,30.0,2,20.0,20.0,50.0,2.0
2026-08-31 23:12:34.598269,s3,1:,127,234,11258,26518,118,Afternoon,andm_inspired_rural,ntabankulu,777.548,66.6667,17.861693,30.0,2,20.0,20.0,50.0,2.0
2026-08-31 23:12:34.598269,s3,2:,230,245,25929,27922,118,Afternoon,andm_inspired_rural,ntabankulu,777.548,66.6667,17.861693,30.0,2,20.0,20.0,50.0,2.0
2026-08-31 23:12:34.598269,s3,LOCAL:,0,0,0,0,118,Afternoon,andm_inspired_rural,ntabankulu,777.548,66.6667,17.861693,30.0,2,20.0,20.0,50.0,2.0
2026-08-31 23:12:34.598269,s4,1:,126,232,11196,26314,118,Afternoon,andm_inspired_rural,ntabankulu,777.548,66.6667,17.861693,30.0,2,20.0,20.0,50.0,2.0
2026-08-31 23:12:34.598269,s4,2:,227,243,25749,27733,118,Afternoon,andm_inspired_rural,ntabankulu,777.548,66.6667,17.861693,30.0,2,20.0,20.0,50.0,2.0
2026-08-31 23:12:34.598269,s4,LOCAL:,0,0,0,0,118,Afternoon,andm_inspired_rural,ntabankulu,777.548,66.6667,17.861693,30.0,2,20.0,20.0,50.0,2.0
2026-08-31 23:12:34.598269,s5,1:,93322,233,138862005,26238,118,Afternoon,andm_inspired_rural,ntabankulu,777.548,66.6667,17.861693,30.0,2,20.0,20.0,50.0,2.0
2026-08-31 23:12:34.598269,s5,2:,228,91490,25592,135977369,118,Afternoon,andm_inspired_rural,ntabankulu,777.548,66.6667,17.861693,30.0,2,20.0,20.0,50.0,2.0
2026-08-31 23:12:34.598269,s5,LOCAL:,0,0,0,0,118,Afternoon,andm_inspired_rural,ntabankulu,777.548,66.6667,17.861693,30.0,2,20.0,20.0,50.0,2.0
2026-08-31 23:12:35.850815,s1,1:,352,133776,34061,198712465,119,Afternoon,andm_inspired_rural,winnie,769.778,66.6667,17.636718,30.0,2,20.0,20.0,50.0,2.0
2026-08-31 23:12:35.850815,s1,2:,119632,250,177880951,30185,119,Afternoon,andm_inspired_rural,winnie,769.778,66.6667,17.636718,30.0,2,20.0,20.0,50.0,2.0
2026-08-31 23:12:35.850815,s1,3:,245,230,27922,25929,119,Afternoon,andm_inspired_rural,winnie,769.778,66.6667,17.636718,30.0,2,20.0,20.0,50.0,2.0
2026-08-31 23:12:35.850815,s1,4:,243,227,27733,25749,119,Afternoon,andm_inspired_rural,winnie,769.778,66.6667,17.636718,30.0,2,20.0,20.0,50.0,2.0
2026-08-31 23:12:35.850815,s1,5:,91489,228,135975879,25592,119,Afternoon,andm_inspired_rural,winnie,769.778,66.6667,17.636718,30.0,2,20.0,20.0,50.0,2.0
2026-08-31 23:12:35.850815,s1,LOCAL:,0,0,0,0,119,Afternoon,andm_inspired_rural,winnie,769.778,66.6667,17.636718,30.0,2,20.0,20.0,50.0,2.0
2026-08-31 23:12:35.850815,s2,1:,122233,259,181919732,31343,119,Afternoon,andm_inspired_rural,winnie,769.778,66.6667,17.636718,30.0,2,20.0,20.0,50.0,2.0
2026-08-31 23:12:35.850815,s2,2:,250,119633,30185,177882441,119,Afternoon,andm_inspired_rural,winnie,769.778,66.6667,17.636718,30.0,2,20.0,20.0,50.0,2.0
2026-08-31 23:12:35.850815,s2,LOCAL:,0,0,0,0,119,Afternoon,andm_inspired_rural,winnie,769.778,66.6667,17.636718,30.0,2,20.0,20.0,50.0,2.0
2026-08-31 23:12:35.850815,s3,1:,127,234,11258,26518,119,Afternoon,andm_inspired_rural,winnie,769.778,66.6667,17.636718,30.0,2,20.0,20.0,50.0,2.0
2026-08-31 23:12:35.850815,s3,2:,230,245,25929,27922,119,Afternoon,andm_inspired_rural,winnie,769.778,66.6667,17.636718,30.0,2,20.0,20.0,50.0,2.0
2026-08-31 23:12:35.850815,s3,LOCAL:,0,0,0,0,119,Afternoon,andm_inspired_rural,winnie,769.778,66.6667,17.636718,30.0,2,20.0,20.0,50.0,2.0
2026-08-31 23:12:35.850815,s4,1:,126,232,11196,26314,119,Afternoon,andm_inspired_rural,winnie,769.778,66.6667,17.636718,30.0,2,20.0,20.0,50.0,2.0
2026-08-31 23:12:35.850815,s4,2:,227,243,25749,27733,119,Afternoon,andm_inspired_rural,winnie,769.778,66.6667,17.636718,30.0,2,20.0,20.0,50.0,2.0
2026-08-31 23:12:35.850815,s4,LOCAL:,0,0,0,0,119,Afternoon,andm_inspired_rural,winnie,769.778,66.6667,17.636718,30.0,2,20.0,20.0,50.0,2.0
2026-08-31 23:12:35.850815,s5,1:,93322,233,138862005,26238,119,Afternoon,andm_inspired_rural,winnie,769.778,66.6667,17.636718,30.0,2,20.0,20.0,50.0,2.0
2026-08-31 23:12:35.850815,s5,2:,228,91490,25592,135977369,119,Afternoon,andm_inspired_rural,winnie,769.778,66.6667,17.636718,30.0,2,20.0,20.0,50.0,2.0
2026-08-31 23:12:35.850815,s5,LOCAL:,0,0,0,0,119,Afternoon,andm_inspired_rural,winnie,769.778,66.6667,17.636718,30.0,2,20.0,20.0,50.0,2.0
2026-08-31 23:12:47.334975,s1,1:,387,140385,42710,208520440,120,Night,andm_inspired_rural,matatiele,123.976,0.0,8.127125,8.0,1,20.0,20.0,50.0,2.0
2026-08-31 23:12:47.334975,s1,2:,124235,269,184719828,34975,120,Night,andm_inspired_rural,matatiele,123.976,0.0,8.127125,8.0,1,20.0,20.0,50.0,2.0
2026-08-31 23:12:47.334975,s1,3:,469,246,339516,27479,120,Night,andm_inspired_rural,matatiele,123.976,0.0,8.127125,8.0,1,20.0,20.0,50.0,2.0
2026-08-31 23:12:47.334975,s1,4:,255,235,28987,26723,120,Night,andm_inspired_rural,matatiele,123.976,0.0,8.127125,8.0,1,20.0,20.0,50.0,2.0
2026-08-31 23:12:47.334975,s1,5:,96107,244,142837262,30263,120,Night,andm_inspired_rural,matatiele,123.976,0.0,8.127125,8.0,1,20.0,20.0,50.0,2.0
2026-08-31 23:12:47.334975,s1,LOCAL:,0,0,0,0,120,Night,andm_inspired_rural,matatiele,123.976,0.0,8.127125,8.0,1,20.0,20.0,50.0,2.0
2026-08-31 23:12:47.334975,s2,1:,126859,278,188800985,36133,120,Night,andm_inspired_rural,matatiele,123.976,0.0,8.127125,8.0,1,20.0,20.0,50.0,2.0
2026-08-31 23:12:47.334975,s2,2:,269,124235,34975,184719828,120,Night,andm_inspired_rural,matatiele,123.976,0.0,8.127125,8.0,1,20.0,20.0,50.0,2.0
2026-08-31 23:12:47.334975,s2,LOCAL:,0,0,0,0,120,Night,andm_inspired_rural,matatiele,123.976,0.0,8.127125,8.0,1,20.0,20.0,50.0,2.0
2026-08-31 23:12:47.334975,s3,1:,388,250,386088,28068,120,Night,andm_inspired_rural,matatiele,123.976,0.0,8.127125,8.0,1,20.0,20.0,50.0,2.0
2026-08-31 23:12:47.334975,s3,2:,246,469,27479,339516,120,Night,andm_inspired_rural,matatiele,123.976,0.0,8.127125,8.0,1,20.0,20.0,50.0,2.0
2026-08-31 23:12:47.334975,s3,LOCAL:,0,0,0,0,120,Night,andm_inspired_rural,matatiele,123.976,0.0,8.127125,8.0,1,20.0,20.0,50.0,2.0
2026-08-31 23:12:47.334975,s4,1:,132,240,11616,27288,120,Night,andm_inspired_rural,matatiele,123.976,0.0,8.127125,8.0,1,20.0,20.0,50.0,2.0
2026-08-31 23:12:47.334975,s4,2:,235,255,26723,28987,120,Night,andm_inspired_rural,matatiele,123.976,0.0,8.127125,8.0,1,20.0,20.0,50.0,2.0
2026-08-31 23:12:47.334975,s4,LOCAL:,0,0,0,0,120,Night,andm_inspired_rural,matatiele,123.976,0.0,8.127125,8.0,1,20.0,20.0,50.0,2.0
2026-08-31 23:12:47.334975,s5,1:,97942,249,145734474,30909,120,Night,andm_inspired_rural,matatiele,123.976,0.0,8.127125,8.0,1,20.0,20.0,50.0,2.0
2026-08-31 23:12:47.334975,s5,2:,244,96107,30263,142837262,120,Night,andm_inspired_rural,matatiele,123.976,0.0,8.127125,8.0,1,20.0,20.0,50.0,2.0
2026-08-31 23:12:47.334975,s5,LOCAL:,0,0,0,0,120,Night,andm_inspired_rural,matatiele,123.976,0.0,8.127125,8.0,1,20.0,20.0,50.0,2.0
2026-08-31 23:12:48.333547,s1,1:,391,143755,43102,213530768,121,Night,andm_inspired_rural,umzimvubu,116.019,0.0,8.063276,8.0,1,20.0,20.0,50.0,2.0
2026-08-31 23:12:48.333547,s1,2:,124242,276,184720678,35825,121,Night,andm_inspired_rural,umzimvubu,116.019,0.0,8.063276,8.0,1,20.0,20.0,50.0,2.0
2026-08-31 23:12:48.333547,s1,3:,3835,251,5348060,28133,121,Night,andm_inspired_rural,umzimvubu,116.019,0.0,8.063276,8.0,1,20.0,20.0,50.0,2.0
2026-08-31 23:12:48.333547,s1,4:,258,239,29404,27279,121,Night,andm_inspired_rural,umzimvubu,116.019,0.0,8.063276,8.0,1,20.0,20.0,50.0,2.0
2026-08-31 23:12:48.333547,s1,5:,96111,247,142837818,30680,121,Night,andm_inspired_rural,umzimvubu,116.019,0.0,8.063276,8.0,1,20.0,20.0,50.0,2.0
2026-08-31 23:12:48.333547,s1,LOCAL:,0,0,0,0,121,Night,andm_inspired_rural,umzimvubu,116.019,0.0,8.063276,8.0,1,20.0,20.0,50.0,2.0
2026-08-31 23:12:48.333547,s2,1:,126862,285,188801279,36983,121,Night,andm_inspired_rural,umzimvubu,116.019,0.0,8.063276,8.0,1,20.0,20.0,50.0,2.0
2026-08-31 23:12:48.333547,s2,2:,276,124242,35825,184720678,121,Night,andm_inspired_rural,umzimvubu,116.019,0.0,8.063276,8.0,1,20.0,20.0,50.0,2.0
2026-08-31 23:12:48.333547,s2,LOCAL:,0,0,0,0,121,Night,andm_inspired_rural,umzimvubu,116.019,0.0,8.063276,8.0,1,20.0,20.0,50.0,2.0
2026-08-31 23:12:48.333547,s3,1:,3847,255,5537214,28722,121,Night,andm_inspired_rural,umzimvubu,116.019,0.0,8.063276,8.0,1,20.0,20.0,50.0,2.0
2026-08-31 23:12:48.333547,s3,2:,251,3835,28133,5348060,121,Night,andm_inspired_rural,umzimvubu,116.019,0.0,8.063276,8.0,1,20.0,20.0,50.0,2.0
2026-08-31 23:12:48.333547,s3,LOCAL:,0,0,0,0,121,Night,andm_inspired_rural,umzimvubu,116.019,0.0,8.063276,8.0,1,20.0,20.0,50.0,2.0
2026-08-31 23:12:48.333547,s4,1:,132,244,11616,27844,121,Night,andm_inspired_rural,umzimvubu,116.019,0.0,8.063276,8.0,1,20.0,20.0,50.0,2.0
2026-08-31 23:12:48.333547,s4,2:,239,258,27279,29404,121,Night,andm_inspired_rural,umzimvubu,116.019,0.0,8.063276,8.0,1,20.0,20.0,50.0,2.0
2026-08-31 23:12:48.333547,s4,LOCAL:,0,0,0,0,121,Night,andm_inspired_rural,umzimvubu,116.019,0.0,8.063276,8.0,1,20.0,20.0,50.0,2.0
2026-08-31 23:12:48.333547,s5,1:,97942,253,145734474,31465,121,Night,andm_inspired_rural,umzimvubu,116.019,0.0,8.063276,8.0,1,20.0,20.0,50.0,2.0
2026-08-31 23:12:48.333547,s5,2:,247,96111,30680,142837818,121,Night,andm_inspired_rural,umzimvubu,116.019,0.0,8.063276,8.0,1,20.0,20.0,50.0,2.0
2026-08-31 23:12:48.333547,s5,LOCAL:,0,0,0,0,121,Night,andm_inspired_rural,umzimvubu,116.019,0.0,8.063276,8.0,1,20.0,20.0,50.0,2.0
2026-08-31 23:12:49.334896,s1,1:,391,143755,43102,213530768,122,Night,andm_inspired_rural,ntabankulu,121.497,0.0,8.063751,8.0,1,20.0,20.0,50.0,2.0
2026-08-31 23:12:49.334896,s1,2:,124242,276,184720678,35825,122,Night,andm_inspired_rural,ntabankulu,121.497,0.0,8.063751,8.0,1,20.0,20.0,50.0,2.0
2026-08-31 23:12:49.334896,s1,3:,3835,251,5348060,28133,122,Night,andm_inspired_rural,ntabankulu,121.497,0.0,8.063751,8.0,1,20.0,20.0,50.0,2.0
2026-08-31 23:12:49.334896,s1,4:,258,239,29404,27279,122,Night,andm_inspired_rural,ntabankulu,121.497,0.0,8.063751,8.0,1,20.0,20.0,50.0,2.0
2026-08-31 23:12:49.334896,s1,5:,96111,247,142837818,30680,122,Night,andm_inspired_rural,ntabankulu,121.497,0.0,8.063751,8.0,1,20.0,20.0,50.0,2.0
2026-08-31 23:12:49.334896,s1,LOCAL:,0,0,0,0,122,Night,andm_inspired_rural,ntabankulu,121.497,0.0,8.063751,8.0,1,20.0,20.0,50.0,2.0
2026-08-31 23:12:49.334896,s2,1:,126862,285,188801279,36983,122,Night,andm_inspired_rural,ntabankulu,121.497,0.0,8.063751,8.0,1,20.0,20.0,50.0,2.0
2026-08-31 23:12:49.334896,s2,2:,276,124242,35825,184720678,122,Night,andm_inspired_rural,ntabankulu,121.497,0.0,8.063751,8.0,1,20.0,20.0,50.0,2.0
2026-08-31 23:12:49.334896,s2,LOCAL:,0,0,0,0,122,Night,andm_inspired_rural,ntabankulu,121.497,0.0,8.063751,8.0,1,20.0,20.0,50.0,2.0
2026-08-31 23:12:49.334896,s3,1:,3847,255,5537214,28722,122,Night,andm_inspired_rural,ntabankulu,121.497,0.0,8.063751,8.0,1,20.0,20.0,50.0,2.0
2026-08-31 23:12:49.334896,s3,2:,251,3835,28133,5348060,122,Night,andm_inspired_rural,ntabankulu,121.497,0.0,8.063751,8.0,1,20.0,20.0,50.0,2.0
2026-08-31 23:12:49.334896,s3,LOCAL:,0,0,0,0,122,Night,andm_inspired_rural,ntabankulu,121.497,0.0,8.063751,8.0,1,20.0,20.0,50.0,2.0
2026-08-31 23:12:49.334896,s4,1:,132,244,11616,27844,122,Night,andm_inspired_rural,ntabankulu,121.497,0.0,8.063751,8.0,1,20.0,20.0,50.0,2.0
2026-08-31 23:12:49.334896,s4,2:,239,258,27279,29404,122,Night,andm_inspired_rural,ntabankulu,121.497,0.0,8.063751,8.0,1,20.0,20.0,50.0,2.0
2026-08-31 23:12:49.334896,s4,LOCAL:,0,0,0,0,122,Night,andm_inspired_rural,ntabankulu,121.497,0.0,8.063751,8.0,1,20.0,20.0,50.0,2.0
2026-08-31 23:12:49.334896,s5,1:,97942,253,145734474,31465,122,Night,andm_inspired_rural,ntabankulu,121.497,0.0,8.063751,8.0,1,20.0,20.0,50.0,2.0
2026-08-31 23:12:49.334896,s5,2:,247,96111,30680,142837818,122,Night,andm_inspired_rural,ntabankulu,121.497,0.0,8.063751,8.0,1,20.0,20.0,50.0,2.0
2026-08-31 23:12:49.334896,s5,LOCAL:,0,0,0,0,122,Night,andm_inspired_rural,ntabankulu,121.497,0.0,8.063751,8.0,1,20.0,20.0,50.0,2.0
2026-08-31 23:12:50.348764,s1,1:,391,143755,43102,213530768,123,Night,andm_inspired_rural,winnie,113.425,0.0,8.013429,8.0,1,20.0,20.0,50.0,2.0
2026-08-31 23:12:50.348764,s1,2:,124242,276,184720678,35825,123,Night,andm_inspired_rural,winnie,113.425,0.0,8.013429,8.0,1,20.0,20.0,50.0,2.0
2026-08-31 23:12:50.348764,s1,3:,3835,251,5348060,28133,123,Night,andm_inspired_rural,winnie,113.425,0.0,8.013429,8.0,1,20.0,20.0,50.0,2.0
2026-08-31 23:12:50.348764,s1,4:,258,239,29404,27279,123,Night,andm_inspired_rural,winnie,113.425,0.0,8.013429,8.0,1,20.0,20.0,50.0,2.0
2026-08-31 23:12:50.348764,s1,5:,96111,247,142837818,30680,123,Night,andm_inspired_rural,winnie,113.425,0.0,8.013429,8.0,1,20.0,20.0,50.0,2.0
2026-08-31 23:12:50.348764,s1,LOCAL:,0,0,0,0,123,Night,andm_inspired_rural,winnie,113.425,0.0,8.013429,8.0,1,20.0,20.0,50.0,2.0
2026-08-31 23:12:50.348764,s2,1:,126862,285,188801279,36983,123,Night,andm_inspired_rural,winnie,113.425,0.0,8.013429,8.0,1,20.0,20.0,50.0,2.0
2026-08-31 23:12:50.348764,s2,2:,276,124242,35825,184720678,123,Night,andm_inspired_rural,winnie,113.425,0.0,8.013429,8.0,1,20.0,20.0,50.0,2.0
2026-08-31 23:12:50.348764,s2,LOCAL:,0,0,0,0,123,Night,andm_inspired_rural,winnie,113.425,0.0,8.013429,8.0,1,20.0,20.0,50.0,2.0
2026-08-31 23:12:50.348764,s3,1:,3847,255,5537214,28722,123,Night,andm_inspired_rural,winnie,113.425,0.0,8.013429,8.0,1,20.0,20.0,50.0,2.0
2026-08-31 23:12:50.348764,s3,2:,251,3835,28133,5348060,123,Night,andm_inspired_rural,winnie,113.425,0.0,8.013429,8.0,1,20.0,20.0,50.0,2.0
2026-08-31 23:12:50.348764,s3,LOCAL:,0,0,0,0,123,Night,andm_inspired_rural,winnie,113.425,0.0,8.013429,8.0,1,20.0,20.0,50.0,2.0
2026-08-31 23:12:50.348764,s4,1:,132,244,11616,27844,123,Night,andm_inspired_rural,winnie,113.425,0.0,8.013429,8.0,1,20.0,20.0,50.0,2.0
2026-08-31 23:12:50.348764,s4,2:,239,258,27279,29404,123,Night,andm_inspired_rural,winnie,113.425,0.0,8.013429,8.0,1,20.0,20.0,50.0,2.0
2026-08-31 23:12:50.348764,s4,LOCAL:,0,0,0,0,123,Night,andm_inspired_rural,winnie,113.425,0.0,8.013429,8.0,1,20.0,20.0,50.0,2.0
2026-08-31 23:12:50.348764,s5,1:,97942,253,145734474,31465,123,Night,andm_inspired_rural,winnie,113.425,0.0,8.013429,8.0,1,20.0,20.0,50.0,2.0
2026-08-31 23:12:50.348764,s5,2:,247,96111,30680,142837818,123,Night,andm_inspired_rural,winnie,113.425,0.0,8.013429,8.0,1,20.0,20.0,50.0,2.0
2026-08-31 23:12:50.348764,s5,LOCAL:,0,0,0,0,123,Night,andm_inspired_rural,winnie,113.425,0.0,8.013429,8.0,1,20.0,20.0,50.0,2.0
2026-08-31 23:12:51.336116,s1,1:,391,143755,43102,213530768,124,Night,andm_inspired_rural,matatiele,111.544,0.0,8.138204,8.0,1,20.0,20.0,50.0,2.0
2026-08-31 23:12:51.336116,s1,2:,124242,276,184720678,35825,124,Night,andm_inspired_rural,matatiele,111.544,0.0,8.138204,8.0,1,20.0,20.0,50.0,2.0
2026-08-31 23:12:51.336116,s1,3:,3835,251,5348060,28133,124,Night,andm_inspired_rural,matatiele,111.544,0.0,8.138204,8.0,1,20.0,20.0,50.0,2.0
2026-08-31 23:12:51.336116,s1,4:,258,239,29404,27279,124,Night,andm_inspired_rural,matatiele,111.544,0.0,8.138204,8.0,1,20.0,20.0,50.0,2.0
2026-08-31 23:12:51.336116,s1,5:,96111,247,142837818,30680,124,Night,andm_inspired_rural,matatiele,111.544,0.0,8.138204,8.0,1,20.0,20.0,50.0,2.0
2026-08-31 23:12:51.336116,s1,LOCAL:,0,0,0,0,124,Night,andm_inspired_rural,matatiele,111.544,0.0,8.138204,8.0,1,20.0,20.0,50.0,2.0
2026-08-31 23:12:51.336116,s2,1:,126862,285,188801279,36983,124,Night,andm_inspired_rural,matatiele,111.544,0.0,8.138204,8.0,1,20.0,20.0,50.0,2.0
2026-08-31 23:12:51.336116,s2,2:,276,124242,35825,184720678,124,Night,andm_inspired_rural,matatiele,111.544,0.0,8.138204,8.0,1,20.0,20.0,50.0,2.0
2026-08-31 23:12:51.336116,s2,LOCAL:,0,0,0,0,124,Night,andm_inspired_rural,matatiele,111.544,0.0,8.138204,8.0,1,20.0,20.0,50.0,2.0
2026-08-31 23:12:51.336116,s3,1:,3847,255,5537214,28722,124,Night,andm_inspired_rural,matatiele,111.544,0.0,8.138204,8.0,1,20.0,20.0,50.0,2.0
2026-08-31 23:12:51.336116,s3,2:,251,3835,28133,5348060,124,Night,andm_inspired_rural,matatiele,111.544,0.0,8.138204,8.0,1,20.0,20.0,50.0,2.0
2026-08-31 23:12:51.336116,s3,LOCAL:,0,0,0,0,124,Night,andm_inspired_rural,matatiele,111.544,0.0,8.138204,8.0,1,20.0,20.0,50.0,2.0
2026-08-31 23:12:51.336116,s4,1:,132,244,11616,27844,124,Night,andm_inspired_rural,matatiele,111.544,0.0,8.138204,8.0,1,20.0,20.0,50.0,2.0
2026-08-31 23:12:51.336116,s4,2:,239,258,27279,29404,124,Night,andm_inspired_rural,matatiele,111.544,0.0,8.138204,8.0,1,20.0,20.0,50.0,2.0
2026-08-31 23:12:51.336116,s4,LOCAL:,0,0,0,0,124,Night,andm_inspired_rural,matatiele,111.544,0.0,8.138204,8.0,1,20.0,20.0,50.0,2.0
2026-08-31 23:12:51.336116,s5,1:,97942,253,145734474,31465,124,Night,andm_inspired_rural,matatiele,111.544,0.0,8.138204,8.0,1,20.0,20.0,50.0,2.0
2026-08-31 23:12:51.336116,s5,2:,247,96111,30680,142837818,124,Night,andm_inspired_rural,matatiele,111.544,0.0,8.138204,8.0,1,20.0,20.0,50.0,2.0
2026-08-31 23:12:51.336116,s5,LOCAL:,0,0,0,0,124,Night,andm_inspired_rural,matatiele,111.544,0.0,8.138204,8.0,1,20.0,20.0,50.0,2.0
2026-08-31 23:12:52.388742,s1,1:,391,143755,43102,213530768,125,Night,andm_inspired_rural,umzimvubu,132.845,0.0,7.971544,8.0,1,20.0,20.0,50.0,2.0
2026-08-31 23:12:52.388742,s1,2:,124242,276,184720678,35825,125,Night,andm_inspired_rural,umzimvubu,132.845,0.0,7.971544,8.0,1,20.0,20.0,50.0,2.0
2026-08-31 23:12:52.388742,s1,3:,3835,251,5348060,28133,125,Night,andm_inspired_rural,umzimvubu,132.845,0.0,7.971544,8.0,1,20.0,20.0,50.0,2.0
2026-08-31 23:12:52.388742,s1,4:,258,239,29404,27279,125,Night,andm_inspired_rural,umzimvubu,132.845,0.0,7.971544,8.0,1,20.0,20.0,50.0,2.0
2026-08-31 23:12:52.388742,s1,5:,96111,247,142837818,30680,125,Night,andm_inspired_rural,umzimvubu,132.845,0.0,7.971544,8.0,1,20.0,20.0,50.0,2.0
2026-08-31 23:12:52.388742,s1,LOCAL:,0,0,0,0,125,Night,andm_inspired_rural,umzimvubu,132.845,0.0,7.971544,8.0,1,20.0,20.0,50.0,2.0
2026-08-31 23:12:52.388742,s2,1:,126862,285,188801279,36983,125,Night,andm_inspired_rural,umzimvubu,132.845,0.0,7.971544,8.0,1,20.0,20.0,50.0,2.0
2026-08-31 23:12:52.388742,s2,2:,276,124242,35825,184720678,125,Night,andm_inspired_rural,umzimvubu,132.845,0.0,7.971544,8.0,1,20.0,20.0,50.0,2.0
2026-08-31 23:12:52.388742,s2,LOCAL:,0,0,0,0,125,Night,andm_inspired_rural,umzimvubu,132.845,0.0,7.971544,8.0,1,20.0,20.0,50.0,2.0
2026-08-31 23:12:52.388742,s3,1:,3847,255,5537214,28722,125,Night,andm_inspired_rural,umzimvubu,132.845,0.0,7.971544,8.0,1,20.0,20.0,50.0,2.0
2026-08-31 23:12:52.388742,s3,2:,251,3835,28133,5348060,125,Night,andm_inspired_rural,umzimvubu,132.845,0.0,7.971544,8.0,1,20.0,20.0,50.0,2.0
2026-08-31 23:12:52.388742,s3,LOCAL:,0,0,0,0,125,Night,andm_inspired_rural,umzimvubu,132.845,0.0,7.971544,8.0,1,20.0,20.0,50.0,2.0
2026-08-31 23:12:52.388742,s4,1:,132,244,11616,27844,125,Night,andm_inspired_rural,umzimvubu,132.845,0.0,7.971544,8.0,1,20.0,20.0,50.0,2.0
2026-08-31 23:12:52.388742,s4,2:,239,258,27279,29404,125,Night,andm_inspired_rural,umzimvubu,132.845,0.0,7.971544,8.0,1,20.0,20.0,50.0,2.0
2026-08-31 23:12:52.388742,s4,LOCAL:,0,0,0,0,125,Night,andm_inspired_rural,umzimvubu,132.845,0.0,7.971544,8.0,1,20.0,20.0,50.0,2.0
2026-08-31 23:12:52.388742,s5,1:,97942,253,145734474,31465,125,Night,andm_inspired_rural,umzimvubu,132.845,0.0,7.971544,8.0,1,20.0,20.0,50.0,2.0
2026-08-31 23:12:52.388742,s5,2:,247,96111,30680,142837818,125,Night,andm_inspired_rural,umzimvubu,132.845,0.0,7.971544,8.0,1,20.0,20.0,50.0,2.0
2026-08-31 23:12:52.388742,s5,LOCAL:,0,0,0,0,125,Night,andm_inspired_rural,umzimvubu,132.845,0.0,7.971544,8.0,1,20.0,20.0,50.0,2.0
2026-08-31 23:12:53.342890,s1,1:,406,147178,44572,218604754,126,Night,andm_inspired_rural,ntabankulu,142.464,0.0,8.263048,8.0,1,20.0,20.0,50.0,2.0
2026-08-31 23:12:53.342890,s1,2:,124249,283,184721528,36675,126,Night,andm_inspired_rural,ntabankulu,142.464,0.0,8.263048,8.0,1,20.0,20.0,50.0,2.0
2026-08-31 23:12:53.342890,s1,3:,7248,260,10421066,29179,126,Night,andm_inspired_rural,ntabankulu,142.464,0.0,8.263048,8.0,1,20.0,20.0,50.0,2.0
2026-08-31 23:12:53.342890,s1,4:,266,246,30352,28129,126,Night,andm_inspired_rural,ntabankulu,142.464,0.0,8.263048,8.0,1,20.0,20.0,50.0,2.0
2026-08-31 23:12:53.342890,s1,5:,96118,254,142838668,31530,126,Night,andm_inspired_rural,ntabankulu,142.464,0.0,8.263048,8.0,1,20.0,20.0,50.0,2.0
2026-08-31 23:12:53.342890,s1,LOCAL:,0,0,0,0,126,Night,andm_inspired_rural,ntabankulu,142.464,0.0,8.263048,8.0,1,20.0,20.0,50.0,2.0
2026-08-31 23:12:53.342890,s2,1:,126865,292,188801573,37833,126,Night,andm_inspired_rural,ntabankulu,142.464,0.0,8.263048,8.0,1,20.0,20.0,50.0,2.0
2026-08-31 23:12:53.342890,s2,2:,283,124249,36675,184721528,126,Night,andm_inspired_rural,ntabankulu,142.464,0.0,8.263048,8.0,1,20.0,20.0,50.0,2.0
2026-08-31 23:12:53.342890,s2,LOCAL:,0,0,0,0,126,Night,andm_inspired_rural,ntabankulu,142.464,0.0,8.263048,8.0,1,20.0,20.0,50.0,2.0
2026-08-31 23:12:53.342890,s3,1:,7311,264,10693006,29768,126,Night,andm_inspired_rural,ntabankulu,142.464,0.0,8.263048,8.0,1,20.0,20.0,50.0,2.0
2026-08-31 23:12:53.342890,s3,2:,260,7248,29179,10421066,126,Night,andm_inspired_rural,ntabankulu,142.464,0.0,8.263048,8.0,1,20.0,20.0,50.0,2.0
2026-08-31 23:12:53.342890,s3,LOCAL:,0,0,0,0,126,Night,andm_inspired_rural,ntabankulu,142.464,0.0,8.263048,8.0,1,20.0,20.0,50.0,2.0
2026-08-31 23:12:53.342890,s4,1:,136,251,12008,28694,126,Night,andm_inspired_rural,ntabankulu,142.464,0.0,8.263048,8.0,1,20.0,20.0,50.0,2.0
2026-08-31 23:12:53.342890,s4,2:,246,266,28129,30352,126,Night,andm_inspired_rural,ntabankulu,142.464,0.0,8.263048,8.0,1,20.0,20.0,50.0,2.0
2026-08-31 23:12:53.342890,s4,LOCAL:,0,0,0,0,126,Night,andm_inspired_rural,ntabankulu,142.464,0.0,8.263048,8.0,1,20.0,20.0,50.0,2.0
2026-08-31 23:12:53.342890,s5,1:,97945,260,145734768,32315,126,Night,andm_inspired_rural,ntabankulu,142.464,0.0,8.263048,8.0,1,20.0,20.0,50.0,2.0
2026-08-31 23:12:53.342890,s5,2:,254,96118,31530,142838668,126,Night,andm_inspired_rural,ntabankulu,142.464,0.0,8.263048,8.0,1,20.0,20.0,50.0,2.0
2026-08-31 23:12:53.342890,s5,LOCAL:,0,0,0,0,126,Night,andm_inspired_rural,ntabankulu,142.464,0.0,8.263048,8.0,1,20.0,20.0,50.0,2.0
2026-08-31 23:12:54.335900,s1,1:,406,147178,44572,218604754,127,Night,andm_inspired_rural,winnie,109.264,33.3333,8.084486,8.0,1,20.0,20.0,50.0,2.0
2026-08-31 23:12:54.335900,s1,2:,124249,283,184721528,36675,127,Night,andm_inspired_rural,winnie,109.264,33.3333,8.084486,8.0,1,20.0,20.0,50.0,2.0
2026-08-31 23:12:54.335900,s1,3:,7248,260,10421066,29179,127,Night,andm_inspired_rural,winnie,109.264,33.3333,8.084486,8.0,1,20.0,20.0,50.0,2.0
2026-08-31 23:12:54.335900,s1,4:,266,246,30352,28129,127,Night,andm_inspired_rural,winnie,109.264,33.3333,8.084486,8.0,1,20.0,20.0,50.0,2.0
2026-08-31 23:12:54.335900,s1,5:,96118,254,142838668,31530,127,Night,andm_inspired_rural,winnie,109.264,33.3333,8.084486,8.0,1,20.0,20.0,50.0,2.0
2026-08-31 23:12:54.335900,s1,LOCAL:,0,0,0,0,127,Night,andm_inspired_rural,winnie,109.264,33.3333,8.084486,8.0,1,20.0,20.0,50.0,2.0
2026-08-31 23:12:54.335900,s2,1:,126865,292,188801573,37833,127,Night,andm_inspired_rural,winnie,109.264,33.3333,8.084486,8.0,1,20.0,20.0,50.0,2.0
2026-08-31 23:12:54.335900,s2,2:,283,124249,36675,184721528,127,Night,andm_inspired_rural,winnie,109.264,33.3333,8.084486,8.0,1,20.0,20.0,50.0,2.0
2026-08-31 23:12:54.335900,s2,LOCAL:,0,0,0,0,127,Night,andm_inspired_rural,winnie,109.264,33.3333,8.084486,8.0,1,20.0,20.0,50.0,2.0
2026-08-31 23:12:54.335900,s3,1:,7311,264,10693006,29768,127,Night,andm_inspired_rural,winnie,109.264,33.3333,8.084486,8.0,1,20.0,20.0,50.0,2.0
2026-08-31 23:12:54.335900,s3,2:,260,7248,29179,10421066,127,Night,andm_inspired_rural,winnie,109.264,33.3333,8.084486,8.0,1,20.0,20.0,50.0,2.0
2026-08-31 23:12:54.335900,s3,LOCAL:,0,0,0,0,127,Night,andm_inspired_rural,winnie,109.264,33.3333,8.084486,8.0,1,20.0,20.0,50.0,2.0
2026-08-31 23:12:54.335900,s4,1:,136,251,12008,28694,127,Night,andm_inspired_rural,winnie,109.264,33.3333,8.084486,8.0,1,20.0,20.0,50.0,2.0
2026-08-31 23:12:54.335900,s4,2:,246,266,28129,30352,127,Night,andm_inspired_rural,winnie,109.264,33.3333,8.084486,8.0,1,20.0,20.0,50.0,2.0
2026-08-31 23:12:54.335900,s4,LOCAL:,0,0,0,0,127,Night,andm_inspired_rural,winnie,109.264,33.3333,8.084486,8.0,1,20.0,20.0,50.0,2.0
2026-08-31 23:12:54.335900,s5,1:,97945,260,145734768,32315,127,Night,andm_inspired_rural,winnie,109.264,33.3333,8.084486,8.0,1,20.0,20.0,50.0,2.0
2026-08-31 23:12:54.335900,s5,2:,254,96118,31530,142838668,127,Night,andm_inspired_rural,winnie,109.264,33.3333,8.084486,8.0,1,20.0,20.0,50.0,2.0
2026-08-31 23:12:54.335900,s5,LOCAL:,0,0,0,0,127,Night,andm_inspired_rural,winnie,109.264,33.3333,8.084486,8.0,1,20.0,20.0,50.0,2.0
2026-08-31 23:12:55.335500,s1,1:,406,147178,44572,218604754,128,Night,andm_inspired_rural,matatiele,128.114,33.3333,8.019373,8.0,1,20.0,20.0,50.0,2.0
2026-08-31 23:12:55.335500,s1,2:,124249,283,184721528,36675,128,Night,andm_inspired_rural,matatiele,128.114,33.3333,8.019373,8.0,1,20.0,20.0,50.0,2.0
2026-08-31 23:12:55.335500,s1,3:,7248,260,10421066,29179,128,Night,andm_inspired_rural,matatiele,128.114,33.3333,8.019373,8.0,1,20.0,20.0,50.0,2.0
2026-08-31 23:12:55.335500,s1,4:,266,246,30352,28129,128,Night,andm_inspired_rural,matatiele,128.114,33.3333,8.019373,8.0,1,20.0,20.0,50.0,2.0
2026-08-31 23:12:55.335500,s1,5:,96118,254,142838668,31530,128,Night,andm_inspired_rural,matatiele,128.114,33.3333,8.019373,8.0,1,20.0,20.0,50.0,2.0
2026-08-31 23:12:55.335500,s1,LOCAL:,0,0,0,0,128,Night,andm_inspired_rural,matatiele,128.114,33.3333,8.019373,8.0,1,20.0,20.0,50.0,2.0
2026-08-31 23:12:55.335500,s2,1:,126865,292,188801573,37833,128,Night,andm_inspired_rural,matatiele,128.114,33.3333,8.019373,8.0,1,20.0,20.0,50.0,2.0
2026-08-31 23:12:55.335500,s2,2:,283,124249,36675,184721528,128,Night,andm_inspired_rural,matatiele,128.114,33.3333,8.019373,8.0,1,20.0,20.0,50.0,2.0
2026-08-31 23:12:55.335500,s2,LOCAL:,0,0,0,0,128,Night,andm_inspired_rural,matatiele,128.114,33.3333,8.019373,8.0,1,20.0,20.0,50.0,2.0
2026-08-31 23:12:55.335500,s3,1:,7311,264,10693006,29768,128,Night,andm_inspired_rural,matatiele,128.114,33.3333,8.019373,8.0,1,20.0,20.0,50.0,2.0
2026-08-31 23:12:55.335500,s3,2:,260,7248,29179,10421066,128,Night,andm_inspired_rural,matatiele,128.114,33.3333,8.019373,8.0,1,20.0,20.0,50.0,2.0
2026-08-31 23:12:55.335500,s3,LOCAL:,0,0,0,0,128,Night,andm_inspired_rural,matatiele,128.114,33.3333,8.019373,8.0,1,20.0,20.0,50.0,2.0
2026-08-31 23:12:55.335500,s4,1:,136,251,12008,28694,128,Night,andm_inspired_rural,matatiele,128.114,33.3333,8.019373,8.0,1,20.0,20.0,50.0,2.0
2026-08-31 23:12:55.335500,s4,2:,246,266,28129,30352,128,Night,andm_inspired_rural,matatiele,128.114,33.3333,8.019373,8.0,1,20.0,20.0,50.0,2.0
2026-08-31 23:12:55.335500,s4,LOCAL:,0,0,0,0,128,Night,andm_inspired_rural,matatiele,128.114,33.3333,8.019373,8.0,1,20.0,20.0,50.0,2.0
2026-08-31 23:12:55.335500,s5,1:,97945,260,145734768,32315,128,Night,andm_inspired_rural,matatiele,128.114,33.3333,8.019373,8.0,1,20.0,20.0,50.0,2.0
2026-08-31 23:12:55.335500,s5,2:,254,96118,31530,142838668,128,Night,andm_inspired_rural,matatiele,128.114,33.3333,8.019373,8.0,1,20.0,20.0,50.0,2.0
2026-08-31 23:12:55.335500,s5,LOCAL:,0,0,0,0,128,Night,andm_inspired_rural,matatiele,128.114,33.3333,8.019373,8.0,1,20.0,20.0,50.0,2.0
2026-08-31 23:12:56.335009,s1,1:,406,147178,44572,218604754,129,Night,andm_inspired_rural,umzimvubu,108.537,0.0,8.041203,8.0,1,20.0,20.0,50.0,2.0
2026-08-31 23:12:56.335009,s1,2:,124249,283,184721528,36675,129,Night,andm_inspired_rural,umzimvubu,108.537,0.0,8.041203,8.0,1,20.0,20.0,50.0,2.0
2026-08-31 23:12:56.335009,s1,3:,7248,260,10421066,29179,129,Night,andm_inspired_rural,umzimvubu,108.537,0.0,8.041203,8.0,1,20.0,20.0,50.0,2.0
2026-08-31 23:12:56.335009,s1,4:,266,246,30352,28129,129,Night,andm_inspired_rural,umzimvubu,108.537,0.0,8.041203,8.0,1,20.0,20.0,50.0,2.0
2026-08-31 23:12:56.335009,s1,5:,96118,254,142838668,31530,129,Night,andm_inspired_rural,umzimvubu,108.537,0.0,8.041203,8.0,1,20.0,20.0,50.0,2.0
2026-08-31 23:12:56.335009,s1,LOCAL:,0,0,0,0,129,Night,andm_inspired_rural,umzimvubu,108.537,0.0,8.041203,8.0,1,20.0,20.0,50.0,2.0
2026-08-31 23:12:56.335009,s2,1:,126865,292,188801573,37833,129,Night,andm_inspired_rural,umzimvubu,108.537,0.0,8.041203,8.0,1,20.0,20.0,50.0,2.0
2026-08-31 23:12:56.335009,s2,2:,283,124249,36675,184721528,129,Night,andm_inspired_rural,umzimvubu,108.537,0.0,8.041203,8.0,1,20.0,20.0,50.0,2.0
2026-08-31 23:12:56.335009,s2,LOCAL:,0,0,0,0,129,Night,andm_inspired_rural,umzimvubu,108.537,0.0,8.041203,8.0,1,20.0,20.0,50.0,2.0
2026-08-31 23:12:56.335009,s3,1:,7311,264,10693006,29768,129,Night,andm_inspired_rural,umzimvubu,108.537,0.0,8.041203,8.0,1,20.0,20.0,50.0,2.0
2026-08-31 23:12:56.335009,s3,2:,260,7248,29179,10421066,129,Night,andm_inspired_rural,umzimvubu,108.537,0.0,8.041203,8.0,1,20.0,20.0,50.0,2.0
2026-08-31 23:12:56.335009,s3,LOCAL:,0,0,0,0,129,Night,andm_inspired_rural,umzimvubu,108.537,0.0,8.041203,8.0,1,20.0,20.0,50.0,2.0
2026-08-31 23:12:56.335009,s4,1:,136,251,12008,28694,129,Night,andm_inspired_rural,umzimvubu,108.537,0.0,8.041203,8.0,1,20.0,20.0,50.0,2.0
2026-08-31 23:12:56.335009,s4,2:,246,266,28129,30352,129,Night,andm_inspired_rural,umzimvubu,108.537,0.0,8.041203,8.0,1,20.0,20.0,50.0,2.0
2026-08-31 23:12:56.335009,s4,LOCAL:,0,0,0,0,129,Night,andm_inspired_rural,umzimvubu,108.537,0.0,8.041203,8.0,1,20.0,20.0,50.0,2.0
2026-08-31 23:12:56.335009,s5,1:,97945,260,145734768,32315,129,Night,andm_inspired_rural,umzimvubu,108.537,0.0,8.041203,8.0,1,20.0,20.0,50.0,2.0
2026-08-31 23:12:56.335009,s5,2:,254,96118,31530,142838668,129,Night,andm_inspired_rural,umzimvubu,108.537,0.0,8.041203,8.0,1,20.0,20.0,50.0,2.0
2026-08-31 23:12:56.335009,s5,LOCAL:,0,0,0,0,129,Night,andm_inspired_rural,umzimvubu,108.537,0.0,8.041203,8.0,1,20.0,20.0,50.0,2.0
2026-08-31 23:12:57.345714,s1,1:,406,147178,44572,218604754,130,Night,andm_inspired_rural,ntabankulu,119.556,0.0,8.15922,8.0,1,20.0,20.0,50.0,2.0
2026-08-31 23:12:57.345714,s1,2:,124249,283,184721528,36675,130,Night,andm_inspired_rural,ntabankulu,119.556,0.0,8.15922,8.0,1,20.0,20.0,50.0,2.0
2026-08-31 23:12:57.345714,s1,3:,7248,260,10421066,29179,130,Night,andm_inspired_rural,ntabankulu,119.556,0.0,8.15922,8.0,1,20.0,20.0,50.0,2.0
2026-08-31 23:12:57.345714,s1,4:,266,246,30352,28129,130,Night,andm_inspired_rural,ntabankulu,119.556,0.0,8.15922,8.0,1,20.0,20.0,50.0,2.0
2026-08-31 23:12:57.345714,s1,5:,96118,254,142838668,31530,130,Night,andm_inspired_rural,ntabankulu,119.556,0.0,8.15922,8.0,1,20.0,20.0,50.0,2.0
2026-08-31 23:12:57.345714,s1,LOCAL:,0,0,0,0,130,Night,andm_inspired_rural,ntabankulu,119.556,0.0,8.15922,8.0,1,20.0,20.0,50.0,2.0
2026-08-31 23:12:57.345714,s2,1:,126865,292,188801573,37833,130,Night,andm_inspired_rural,ntabankulu,119.556,0.0,8.15922,8.0,1,20.0,20.0,50.0,2.0
2026-08-31 23:12:57.345714,s2,2:,283,124249,36675,184721528,130,Night,andm_inspired_rural,ntabankulu,119.556,0.0,8.15922,8.0,1,20.0,20.0,50.0,2.0
2026-08-31 23:12:57.345714,s2,LOCAL:,0,0,0,0,130,Night,andm_inspired_rural,ntabankulu,119.556,0.0,8.15922,8.0,1,20.0,20.0,50.0,2.0
2026-08-31 23:12:57.345714,s3,1:,7311,264,10693006,29768,130,Night,andm_inspired_rural,ntabankulu,119.556,0.0,8.15922,8.0,1,20.0,20.0,50.0,2.0
2026-08-31 23:12:57.345714,s3,2:,260,7248,29179,10421066,130,Night,andm_inspired_rural,ntabankulu,119.556,0.0,8.15922,8.0,1,20.0,20.0,50.0,2.0
2026-08-31 23:12:57.345714,s3,LOCAL:,0,0,0,0,130,Night,andm_inspired_rural,ntabankulu,119.556,0.0,8.15922,8.0,1,20.0,20.0,50.0,2.0
2026-08-31 23:12:57.345714,s4,1:,136,251,12008,28694,130,Night,andm_inspired_rural,ntabankulu,119.556,0.0,8.15922,8.0,1,20.0,20.0,50.0,2.0
2026-08-31 23:12:57.345714,s4,2:,246,266,28129,30352,130,Night,andm_inspired_rural,ntabankulu,119.556,0.0,8.15922,8.0,1,20.0,20.0,50.0,2.0
2026-08-31 23:12:57.345714,s4,LOCAL:,0,0,0,0,130,Night,andm_inspired_rural,ntabankulu,119.556,0.0,8.15922,8.0,1,20.0,20.0,50.0,2.0
2026-08-31 23:12:57.345714,s5,1:,97945,260,145734768,32315,130,Night,andm_inspired_rural,ntabankulu,119.556,0.0,8.15922,8.0,1,20.0,20.0,50.0,2.0
2026-08-31 23:12:57.345714,s5,2:,254,96118,31530,142838668,130,Night,andm_inspired_rural,ntabankulu,119.556,0.0,8.15922,8.0,1,20.0,20.0,50.0,2.0
2026-08-31 23:12:57.345714,s5,LOCAL:,0,0,0,0,130,Night,andm_inspired_rural,ntabankulu,119.556,0.0,8.15922,8.0,1,20.0,20.0,50.0,2.0
2026-08-31 23:12:58.336676,s1,1:,422,150589,46084,223662114,131,Night,andm_inspired_rural,winnie,127.476,0.0,8.059285,8.0,1,20.0,20.0,50.0,2.0
2026-08-31 23:12:58.336676,s1,2:,124254,288,184722100,37247,131,Night,andm_inspired_rural,winnie,127.476,0.0,8.059285,8.0,1,20.0,20.0,50.0,2.0
2026-08-31 23:12:58.336676,s1,3:,10646,265,15477208,29751,131,Night,andm_inspired_rural,winnie,127.476,0.0,8.059285,8.0,1,20.0,20.0,50.0,2.0
2026-08-31 23:12:58.336676,s1,4:,273,254,31120,28995,131,Night,andm_inspired_rural,winnie,127.476,0.0,8.059285,8.0,1,20.0,20.0,50.0,2.0
2026-08-31 23:12:58.336676,s1,5:,96125,260,142839380,32144,131,Night,andm_inspired_rural,winnie,127.476,0.0,8.059285,8.0,1,20.0,20.0,50.0,2.0
2026-08-31 23:12:58.336676,s1,LOCAL:,0,0,0,0,131,Night,andm_inspired_rural,winnie,127.476,0.0,8.059285,8.0,1,20.0,20.0,50.0,2.0
2026-08-31 23:12:58.336676,s2,1:,126868,297,188801867,38405,131,Night,andm_inspired_rural,winnie,127.476,0.0,8.059285,8.0,1,20.0,20.0,50.0,2.0
2026-08-31 23:12:58.336676,s2,2:,288,124254,37247,184722100,131,Night,andm_inspired_rural,winnie,127.476,0.0,8.059285,8.0,1,20.0,20.0,50.0,2.0
2026-08-31 23:12:58.336676,s2,LOCAL:,0,0,0,0,131,Night,andm_inspired_rural,winnie,127.476,0.0,8.059285,8.0,1,20.0,20.0,50.0,2.0
2026-08-31 23:12:58.336676,s3,1:,10769,269,15841250,30340,131,Night,andm_inspired_rural,winnie,127.476,0.0,8.059285,8.0,1,20.0,20.0,50.0,2.0
2026-08-31 23:12:58.336676,s3,2:,265,10646,29751,15477208,131,Night,andm_inspired_rural,winnie,127.476,0.0,8.059285,8.0,1,20.0,20.0,50.0,2.0
2026-08-31 23:12:58.336676,s3,LOCAL:,0,0,0,0,131,Night,andm_inspired_rural,winnie,127.476,0.0,8.059285,8.0,1,20.0,20.0,50.0,2.0
2026-08-31 23:12:58.336676,s4,1:,141,259,12498,29560,131,Night,andm_inspired_rural,winnie,127.476,0.0,8.059285,8.0,1,20.0,20.0,50.0,2.0
2026-08-31 23:12:58.336676,s4,2:,254,273,28995,31120,131,Night,andm_inspired_rural,winnie,127.476,0.0,8.059285,8.0,1,20.0,20.0,50.0,2.0
2026-08-31 23:12:58.336676,s4,LOCAL:,0,0,0,0,131,Night,andm_inspired_rural,winnie,127.476,0.0,8.059285,8.0,1,20.0,20.0,50.0,2.0
2026-08-31 23:12:58.336676,s5,1:,97951,266,145735300,32929,131,Night,andm_inspired_rural,winnie,127.476,0.0,8.059285,8.0,1,20.0,20.0,50.0,2.0
2026-08-31 23:12:58.336676,s5,2:,260,96125,32144,142839380,131,Night,andm_inspired_rural,winnie,127.476,0.0,8.059285,8.0,1,20.0,20.0,50.0,2.0
2026-08-31 23:12:58.336676,s5,LOCAL:,0,0,0,0,131,Night,andm_inspired_rural,winnie,127.476,0.0,8.059285,8.0,1,20.0,20.0,50.0,2.0
2026-08-31 23:12:59.354715,s1,1:,422,150589,46084,223662114,132,Night,andm_inspired_rural,matatiele,138.725,0.0,8.06914,8.0,1,20.0,20.0,50.0,2.0
2026-08-31 23:12:59.354715,s1,2:,124254,288,184722100,37247,132,Night,andm_inspired_rural,matatiele,138.725,0.0,8.06914,8.0,1,20.0,20.0,50.0,2.0
2026-08-31 23:12:59.354715,s1,3:,10646,265,15477208,29751,132,Night,andm_inspired_rural,matatiele,138.725,0.0,8.06914,8.0,1,20.0,20.0,50.0,2.0
2026-08-31 23:12:59.354715,s1,4:,273,254,31120,28995,132,Night,andm_inspired_rural,matatiele,138.725,0.0,8.06914,8.0,1,20.0,20.0,50.0,2.0
2026-08-31 23:12:59.354715,s1,5:,96125,260,142839380,32144,132,Night,andm_inspired_rural,matatiele,138.725,0.0,8.06914,8.0,1,20.0,20.0,50.0,2.0
2026-08-31 23:12:59.354715,s1,LOCAL:,0,0,0,0,132,Night,andm_inspired_rural,matatiele,138.725,0.0,8.06914,8.0,1,20.0,20.0,50.0,2.0
2026-08-31 23:12:59.354715,s2,1:,126868,297,188801867,38405,132,Night,andm_inspired_rural,matatiele,138.725,0.0,8.06914,8.0,1,20.0,20.0,50.0,2.0
2026-08-31 23:12:59.354715,s2,2:,288,124254,37247,184722100,132,Night,andm_inspired_rural,matatiele,138.725,0.0,8.06914,8.0,1,20.0,20.0,50.0,2.0
2026-08-31 23:12:59.354715,s2,LOCAL:,0,0,0,0,132,Night,andm_inspired_rural,matatiele,138.725,0.0,8.06914,8.0,1,20.0,20.0,50.0,2.0
2026-08-31 23:12:59.354715,s3,1:,10769,269,15841250,30340,132,Night,andm_inspired_rural,matatiele,138.725,0.0,8.06914,8.0,1,20.0,20.0,50.0,2.0
2026-08-31 23:12:59.354715,s3,2:,265,10646,29751,15477208,132,Night,andm_inspired_rural,matatiele,138.725,0.0,8.06914,8.0,1,20.0,20.0,50.0,2.0
2026-08-31 23:12:59.354715,s3,LOCAL:,0,0,0,0,132,Night,andm_inspired_rural,matatiele,138.725,0.0,8.06914,8.0,1,20.0,20.0,50.0,2.0
2026-08-31 23:12:59.354715,s4,1:,141,259,12498,29560,132,Night,andm_inspired_rural,matatiele,138.725,0.0,8.06914,8.0,1,20.0,20.0,50.0,2.0
2026-08-31 23:12:59.354715,s4,2:,254,273,28995,31120,132,Night,andm_inspired_rural,matatiele,138.725,0.0,8.06914,8.0,1,20.0,20.0,50.0,2.0
2026-08-31 23:12:59.354715,s4,LOCAL:,0,0,0,0,132,Night,andm_inspired_rural,matatiele,138.725,0.0,8.06914,8.0,1,20.0,20.0,50.0,2.0
2026-08-31 23:12:59.354715,s5,1:,97951,266,145735300,32929,132,Night,andm_inspired_rural,matatiele,138.725,0.0,8.06914,8.0,1,20.0,20.0,50.0,2.0
2026-08-31 23:12:59.354715,s5,2:,260,96125,32144,142839380,132,Night,andm_inspired_rural,matatiele,138.725,0.0,8.06914,8.0,1,20.0,20.0,50.0,2.0
2026-08-31 23:12:59.354715,s5,LOCAL:,0,0,0,0,132,Night,andm_inspired_rural,matatiele,138.725,0.0,8.06914,8.0,1,20.0,20.0,50.0,2.0
2026-08-31 23:13:00.397859,s1,1:,422,150589,46084,223662114,133,Night,andm_inspired_rural,umzimvubu,116.892,0.0,7.802197,8.0,1,20.0,20.0,50.0,2.0
2026-08-31 23:13:00.397859,s1,2:,124254,288,184722100,37247,133,Night,andm_inspired_rural,umzimvubu,116.892,0.0,7.802197,8.0,1,20.0,20.0,50.0,2.0
2026-08-31 23:13:00.397859,s1,3:,10646,265,15477208,29751,133,Night,andm_inspired_rural,umzimvubu,116.892,0.0,7.802197,8.0,1,20.0,20.0,50.0,2.0
2026-08-31 23:13:00.397859,s1,4:,273,254,31120,28995,133,Night,andm_inspired_rural,umzimvubu,116.892,0.0,7.802197,8.0,1,20.0,20.0,50.0,2.0
2026-08-31 23:13:00.397859,s1,5:,96125,260,142839380,32144,133,Night,andm_inspired_rural,umzimvubu,116.892,0.0,7.802197,8.0,1,20.0,20.0,50.0,2.0
2026-08-31 23:13:00.397859,s1,LOCAL:,0,0,0,0,133,Night,andm_inspired_rural,umzimvubu,116.892,0.0,7.802197,8.0,1,20.0,20.0,50.0,2.0
2026-08-31 23:13:00.397859,s2,1:,126868,297,188801867,38405,133,Night,andm_inspired_rural,umzimvubu,116.892,0.0,7.802197,8.0,1,20.0,20.0,50.0,2.0
2026-08-31 23:13:00.397859,s2,2:,288,124254,37247,184722100,133,Night,andm_inspired_rural,umzimvubu,116.892,0.0,7.802197,8.0,1,20.0,20.0,50.0,2.0
2026-08-31 23:13:00.397859,s2,LOCAL:,0,0,0,0,133,Night,andm_inspired_rural,umzimvubu,116.892,0.0,7.802197,8.0,1,20.0,20.0,50.0,2.0
2026-08-31 23:13:00.397859,s3,1:,10769,269,15841250,30340,133,Night,andm_inspired_rural,umzimvubu,116.892,0.0,7.802197,8.0,1,20.0,20.0,50.0,2.0
2026-08-31 23:13:00.397859,s3,2:,265,10646,29751,15477208,133,Night,andm_inspired_rural,umzimvubu,116.892,0.0,7.802197,8.0,1,20.0,20.0,50.0,2.0
2026-08-31 23:13:00.397859,s3,LOCAL:,0,0,0,0,133,Night,andm_inspired_rural,umzimvubu,116.892,0.0,7.802197,8.0,1,20.0,20.0,50.0,2.0
2026-08-31 23:13:00.397859,s4,1:,141,259,12498,29560,133,Night,andm_inspired_rural,umzimvubu,116.892,0.0,7.802197,8.0,1,20.0,20.0,50.0,2.0
2026-08-31 23:13:00.397859,s4,2:,254,273,28995,31120,133,Night,andm_inspired_rural,umzimvubu,116.892,0.0,7.802197,8.0,1,20.0,20.0,50.0,2.0
2026-08-31 23:13:00.397859,s4,LOCAL:,0,0,0,0,133,Night,andm_inspired_rural,umzimvubu,116.892,0.0,7.802197,8.0,1,20.0,20.0,50.0,2.0
2026-08-31 23:13:00.397859,s5,1:,97951,266,145735300,32929,133,Night,andm_inspired_rural,umzimvubu,116.892,0.0,7.802197,8.0,1,20.0,20.0,50.0,2.0
2026-08-31 23:13:00.397859,s5,2:,260,96125,32144,142839380,133,Night,andm_inspired_rural,umzimvubu,116.892,0.0,7.802197,8.0,1,20.0,20.0,50.0,2.0
2026-08-31 23:13:00.397859,s5,LOCAL:,0,0,0,0,133,Night,andm_inspired_rural,umzimvubu,116.892,0.0,7.802197,8.0,1,20.0,20.0,50.0,2.0
2026-08-31 23:13:01.341061,s1,1:,422,150589,46084,223662114,134,Night,andm_inspired_rural,ntabankulu,110.725,0.0,8.199076,8.0,1,20.0,20.0,50.0,2.0
2026-08-31 23:13:01.341061,s1,2:,124254,288,184722100,37247,134,Night,andm_inspired_rural,ntabankulu,110.725,0.0,8.199076,8.0,1,20.0,20.0,50.0,2.0
2026-08-31 23:13:01.341061,s1,3:,10646,265,15477208,29751,134,Night,andm_inspired_rural,ntabankulu,110.725,0.0,8.199076,8.0,1,20.0,20.0,50.0,2.0
2026-08-31 23:13:01.341061,s1,4:,273,254,31120,28995,134,Night,andm_inspired_rural,ntabankulu,110.725,0.0,8.199076,8.0,1,20.0,20.0,50.0,2.0
2026-08-31 23:13:01.341061,s1,5:,96125,260,142839380,32144,134,Night,andm_inspired_rural,ntabankulu,110.725,0.0,8.199076,8.0,1,20.0,20.0,50.0,2.0
2026-08-31 23:13:01.341061,s1,LOCAL:,0,0,0,0,134,Night,andm_inspired_rural,ntabankulu,110.725,0.0,8.199076,8.0,1,20.0,20.0,50.0,2.0
2026-08-31 23:13:01.341061,s2,1:,126868,297,188801867,38405,134,Night,andm_inspired_rural,ntabankulu,110.725,0.0,8.199076,8.0,1,20.0,20.0,50.0,2.0
2026-08-31 23:13:01.341061,s2,2:,288,124254,37247,184722100,134,Night,andm_inspired_rural,ntabankulu,110.725,0.0,8.199076,8.0,1,20.0,20.0,50.0,2.0
2026-08-31 23:13:01.341061,s2,LOCAL:,0,0,0,0,134,Night,andm_inspired_rural,ntabankulu,110.725,0.0,8.199076,8.0,1,20.0,20.0,50.0,2.0
2026-08-31 23:13:01.341061,s3,1:,10769,269,15841250,30340,134,Night,andm_inspired_rural,ntabankulu,110.725,0.0,8.199076,8.0,1,20.0,20.0,50.0,2.0
2026-08-31 23:13:01.341061,s3,2:,265,10646,29751,15477208,134,Night,andm_inspired_rural,ntabankulu,110.725,0.0,8.199076,8.0,1,20.0,20.0,50.0,2.0
2026-08-31 23:13:01.341061,s3,LOCAL:,0,0,0,0,134,Night,andm_inspired_rural,ntabankulu,110.725,0.0,8.199076,8.0,1,20.0,20.0,50.0,2.0
2026-08-31 23:13:01.341061,s4,1:,141,259,12498,29560,134,Night,andm_inspired_rural,ntabankulu,110.725,0.0,8.199076,8.0,1,20.0,20.0,50.0,2.0
2026-08-31 23:13:01.341061,s4,2:,254,273,28995,31120,134,Night,andm_inspired_rural,ntabankulu,110.725,0.0,8.199076,8.0,1,20.0,20.0,50.0,2.0
2026-08-31 23:13:01.341061,s4,LOCAL:,0,0,0,0,134,Night,andm_inspired_rural,ntabankulu,110.725,0.0,8.199076,8.0,1,20.0,20.0,50.0,2.0
2026-08-31 23:13:01.341061,s5,1:,97951,266,145735300,32929,134,Night,andm_inspired_rural,ntabankulu,110.725,0.0,8.199076,8.0,1,20.0,20.0,50.0,2.0
2026-08-31 23:13:01.341061,s5,2:,260,96125,32144,142839380,134,Night,andm_inspired_rural,ntabankulu,110.725,0.0,8.199076,8.0,1,20.0,20.0,50.0,2.0
2026-08-31 23:13:01.341061,s5,LOCAL:,0,0,0,0,134,Night,andm_inspired_rural,ntabankulu,110.725,0.0,8.199076,8.0,1,20.0,20.0,50.0,2.0
2026-08-31 23:13:02.427891,s1,1:,422,150589,46084,223662114,135,Night,andm_inspired_rural,winnie,116.478,0.0,8.08732,8.0,1,20.0,20.0,50.0,2.0
2026-08-31 23:13:02.427891,s1,2:,124254,288,184722100,37247,135,Night,andm_inspired_rural,winnie,116.478,0.0,8.08732,8.0,1,20.0,20.0,50.0,2.0
2026-08-31 23:13:02.427891,s1,3:,10646,265,15477208,29751,135,Night,andm_inspired_rural,winnie,116.478,0.0,8.08732,8.0,1,20.0,20.0,50.0,2.0
2026-08-31 23:13:02.427891,s1,4:,273,254,31120,28995,135,Night,andm_inspired_rural,winnie,116.478,0.0,8.08732,8.0,1,20.0,20.0,50.0,2.0
2026-08-31 23:13:02.427891,s1,5:,96125,260,142839380,32144,135,Night,andm_inspired_rural,winnie,116.478,0.0,8.08732,8.0,1,20.0,20.0,50.0,2.0
2026-08-31 23:13:02.427891,s1,LOCAL:,0,0,0,0,135,Night,andm_inspired_rural,winnie,116.478,0.0,8.08732,8.0,1,20.0,20.0,50.0,2.0
2026-08-31 23:13:02.427891,s2,1:,126868,297,188801867,38405,135,Night,andm_inspired_rural,winnie,116.478,0.0,8.08732,8.0,1,20.0,20.0,50.0,2.0
2026-08-31 23:13:02.427891,s2,2:,288,124254,37247,184722100,135,Night,andm_inspired_rural,winnie,116.478,0.0,8.08732,8.0,1,20.0,20.0,50.0,2.0
2026-08-31 23:13:02.427891,s2,LOCAL:,0,0,0,0,135,Night,andm_inspired_rural,winnie,116.478,0.0,8.08732,8.0,1,20.0,20.0,50.0,2.0
2026-08-31 23:13:02.427891,s3,1:,10769,269,15841250,30340,135,Night,andm_inspired_rural,winnie,116.478,0.0,8.08732,8.0,1,20.0,20.0,50.0,2.0
2026-08-31 23:13:02.427891,s3,2:,265,10646,29751,15477208,135,Night,andm_inspired_rural,winnie,116.478,0.0,8.08732,8.0,1,20.0,20.0,50.0,2.0
2026-08-31 23:13:02.427891,s3,LOCAL:,0,0,0,0,135,Night,andm_inspired_rural,winnie,116.478,0.0,8.08732,8.0,1,20.0,20.0,50.0,2.0
2026-08-31 23:13:02.427891,s4,1:,141,259,12498,29560,135,Night,andm_inspired_rural,winnie,116.478,0.0,8.08732,8.0,1,20.0,20.0,50.0,2.0
2026-08-31 23:13:02.427891,s4,2:,254,273,28995,31120,135,Night,andm_inspired_rural,winnie,116.478,0.0,8.08732,8.0,1,20.0,20.0,50.0,2.0
2026-08-31 23:13:02.427891,s4,LOCAL:,0,0,0,0,135,Night,andm_inspired_rural,winnie,116.478,0.0,8.08732,8.0,1,20.0,20.0,50.0,2.0
2026-08-31 23:13:02.427891,s5,1:,97951,266,145735300,32929,135,Night,andm_inspired_rural,winnie,116.478,0.0,8.08732,8.0,1,20.0,20.0,50.0,2.0
2026-08-31 23:13:02.427891,s5,2:,260,96125,32144,142839380,135,Night,andm_inspired_rural,winnie,116.478,0.0,8.08732,8.0,1,20.0,20.0,50.0,2.0
2026-08-31 23:13:02.427891,s5,LOCAL:,0,0,0,0,135,Night,andm_inspired_rural,winnie,116.478,0.0,8.08732,8.0,1,20.0,20.0,50.0,2.0
2026-08-31 23:13:03.356784,s1,1:,436,153988,47456,228701732,136,Night,andm_inspired_rural,matatiele,109.949,33.3333,8.179237,8.0,1,20.0,20.0,50.0,2.0
2026-08-31 23:13:03.356784,s1,2:,124262,294,184723048,37958,136,Night,andm_inspired_rural,matatiele,109.949,33.3333,8.179237,8.0,1,20.0,20.0,50.0,2.0
2026-08-31 23:13:03.356784,s1,3:,14035,272,20517238,30601,136,Night,andm_inspired_rural,matatiele,109.949,33.3333,8.179237,8.0,1,20.0,20.0,50.0,2.0
2026-08-31 23:13:03.356784,s1,4:,280,261,31970,29845,136,Night,andm_inspired_rural,matatiele,109.949,33.3333,8.179237,8.0,1,20.0,20.0,50.0,2.0
2026-08-31 23:13:03.356784,s1,5:,96134,269,142840426,33190,136,Night,andm_inspired_rural,matatiele,109.949,33.3333,8.179237,8.0,1,20.0,20.0,50.0,2.0
2026-08-31 23:13:03.356784,s1,LOCAL:,0,0,0,0,136,Night,andm_inspired_rural,matatiele,109.949,33.3333,8.179237,8.0,1,20.0,20.0,50.0,2.0
2026-08-31 23:13:03.356784,s2,1:,126872,304,188802259,39255,136,Night,andm_inspired_rural,matatiele,109.949,33.3333,8.179237,8.0,1,20.0,20.0,50.0,2.0
2026-08-31 23:13:03.356784,s2,2:,294,124262,37958,184723048,136,Night,andm_inspired_rural,matatiele,109.949,33.3333,8.179237,8.0,1,20.0,20.0,50.0,2.0
2026-08-31 23:13:03.356784,s2,LOCAL:,0,0,0,0,136,Night,andm_inspired_rural,matatiele,109.949,33.3333,8.179237,8.0,1,20.0,20.0,50.0,2.0
2026-08-31 23:13:03.356784,s3,1:,14232,276,20996944,31190,136,Night,andm_inspired_rural,matatiele,109.949,33.3333,8.179237,8.0,1,20.0,20.0,50.0,2.0
2026-08-31 23:13:03.356784,s3,2:,272,14036,30601,20518728,136,Night,andm_inspired_rural,matatiele,109.949,33.3333,8.179237,8.0,1,20.0,20.0,50.0,2.0
2026-08-31 23:13:03.356784,s3,LOCAL:,0,0,0,0,136,Night,andm_inspired_rural,matatiele,109.949,33.3333,8.179237,8.0,1,20.0,20.0,50.0,2.0
2026-08-31 23:13:03.356784,s4,1:,144,266,12792,30410,136,Night,andm_inspired_rural,matatiele,109.949,33.3333,8.179237,8.0,1,20.0,20.0,50.0,2.0
2026-08-31 23:13:03.356784,s4,2:,261,280,29845,31970,136,Night,andm_inspired_rural,matatiele,109.949,33.3333,8.179237,8.0,1,20.0,20.0,50.0,2.0
2026-08-31 23:13:03.356784,s4,LOCAL:,0,0,0,0,136,Night,andm_inspired_rural,matatiele,109.949,33.3333,8.179237,8.0,1,20.0,20.0,50.0,2.0
2026-08-31 23:13:03.356784,s5,1:,97955,275,145735692,33975,136,Night,andm_inspired_rural,matatiele,109.949,33.3333,8.179237,8.0,1,20.0,20.0,50.0,2.0
2026-08-31 23:13:03.356784,s5,2:,269,96134,33190,142840426,136,Night,andm_inspired_rural,matatiele,109.949,33.3333,8.179237,8.0,1,20.0,20.0,50.0,2.0
2026-08-31 23:13:03.356784,s5,LOCAL:,0,0,0,0,136,Night,andm_inspired_rural,matatiele,109.949,33.3333,8.179237,8.0,1,20.0,20.0,50.0,2.0
2026-08-31 23:13:04.478927,s1,1:,436,153988,47456,228701732,137,Night,andm_inspired_rural,umzimvubu,116.155,0.0,8.490861,8.0,1,20.0,20.0,50.0,2.0
2026-08-31 23:13:04.478927,s1,2:,124262,294,184723048,37958,137,Night,andm_inspired_rural,umzimvubu,116.155,0.0,8.490861,8.0,1,20.0,20.0,50.0,2.0
2026-08-31 23:13:04.478927,s1,3:,14035,272,20517238,30601,137,Night,andm_inspired_rural,umzimvubu,116.155,0.0,8.490861,8.0,1,20.0,20.0,50.0,2.0
2026-08-31 23:13:04.478927,s1,4:,280,261,31970,29845,137,Night,andm_inspired_rural,umzimvubu,116.155,0.0,8.490861,8.0,1,20.0,20.0,50.0,2.0
2026-08-31 23:13:04.478927,s1,5:,96134,269,142840426,33190,137,Night,andm_inspired_rural,umzimvubu,116.155,0.0,8.490861,8.0,1,20.0,20.0,50.0,2.0
2026-08-31 23:13:04.478927,s1,LOCAL:,0,0,0,0,137,Night,andm_inspired_rural,umzimvubu,116.155,0.0,8.490861,8.0,1,20.0,20.0,50.0,2.0
2026-08-31 23:13:04.478927,s2,1:,126872,304,188802259,39255,137,Night,andm_inspired_rural,umzimvubu,116.155,0.0,8.490861,8.0,1,20.0,20.0,50.0,2.0
2026-08-31 23:13:04.478927,s2,2:,294,124262,37958,184723048,137,Night,andm_inspired_rural,umzimvubu,116.155,0.0,8.490861,8.0,1,20.0,20.0,50.0,2.0
2026-08-31 23:13:04.478927,s2,LOCAL:,0,0,0,0,137,Night,andm_inspired_rural,umzimvubu,116.155,0.0,8.490861,8.0,1,20.0,20.0,50.0,2.0
2026-08-31 23:13:04.478927,s3,1:,14232,276,20996944,31190,137,Night,andm_inspired_rural,umzimvubu,116.155,0.0,8.490861,8.0,1,20.0,20.0,50.0,2.0
2026-08-31 23:13:04.478927,s3,2:,272,14036,30601,20518728,137,Night,andm_inspired_rural,umzimvubu,116.155,0.0,8.490861,8.0,1,20.0,20.0,50.0,2.0
2026-08-31 23:13:04.478927,s3,LOCAL:,0,0,0,0,137,Night,andm_inspired_rural,umzimvubu,116.155,0.0,8.490861,8.0,1,20.0,20.0,50.0,2.0
2026-08-31 23:13:04.478927,s4,1:,144,266,12792,30410,137,Night,andm_inspired_rural,umzimvubu,116.155,0.0,8.490861,8.0,1,20.0,20.0,50.0,2.0
2026-08-31 23:13:04.478927,s4,2:,261,280,29845,31970,137,Night,andm_inspired_rural,umzimvubu,116.155,0.0,8.490861,8.0,1,20.0,20.0,50.0,2.0
2026-08-31 23:13:04.478927,s4,LOCAL:,0,0,0,0,137,Night,andm_inspired_rural,umzimvubu,116.155,0.0,8.490861,8.0,1,20.0,20.0,50.0,2.0
2026-08-31 23:13:04.478927,s5,1:,97955,275,145735692,33975,137,Night,andm_inspired_rural,umzimvubu,116.155,0.0,8.490861,8.0,1,20.0,20.0,50.0,2.0
2026-08-31 23:13:04.478927,s5,2:,269,96134,33190,142840426,137,Night,andm_inspired_rural,umzimvubu,116.155,0.0,8.490861,8.0,1,20.0,20.0,50.0,2.0
2026-08-31 23:13:04.478927,s5,LOCAL:,0,0,0,0,137,Night,andm_inspired_rural,umzimvubu,116.155,0.0,8.490861,8.0,1,20.0,20.0,50.0,2.0
2026-08-31 23:13:05.346167,s1,1:,436,153988,47456,228701732,138,Night,andm_inspired_rural,ntabankulu,109.891,0.0,7.257463,8.0,1,20.0,20.0,50.0,2.0
2026-08-31 23:13:05.346167,s1,2:,124262,294,184723048,37958,138,Night,andm_inspired_rural,ntabankulu,109.891,0.0,7.257463,8.0,1,20.0,20.0,50.0,2.0
2026-08-31 23:13:05.346167,s1,3:,14035,272,20517238,30601,138,Night,andm_inspired_rural,ntabankulu,109.891,0.0,7.257463,8.0,1,20.0,20.0,50.0,2.0
2026-08-31 23:13:05.346167,s1,4:,280,261,31970,29845,138,Night,andm_inspired_rural,ntabankulu,109.891,0.0,7.257463,8.0,1,20.0,20.0,50.0,2.0
2026-08-31 23:13:05.346167,s1,5:,96134,269,142840426,33190,138,Night,andm_inspired_rural,ntabankulu,109.891,0.0,7.257463,8.0,1,20.0,20.0,50.0,2.0
2026-08-31 23:13:05.346167,s1,LOCAL:,0,0,0,0,138,Night,andm_inspired_rural,ntabankulu,109.891,0.0,7.257463,8.0,1,20.0,20.0,50.0,2.0
2026-08-31 23:13:05.346167,s2,1:,126872,304,188802259,39255,138,Night,andm_inspired_rural,ntabankulu,109.891,0.0,7.257463,8.0,1,20.0,20.0,50.0,2.0
2026-08-31 23:13:05.346167,s2,2:,294,124262,37958,184723048,138,Night,andm_inspired_rural,ntabankulu,109.891,0.0,7.257463,8.0,1,20.0,20.0,50.0,2.0
2026-08-31 23:13:05.346167,s2,LOCAL:,0,0,0,0,138,Night,andm_inspired_rural,ntabankulu,109.891,0.0,7.257463,8.0,1,20.0,20.0,50.0,2.0
2026-08-31 23:13:05.346167,s3,1:,14232,276,20996944,31190,138,Night,andm_inspired_rural,ntabankulu,109.891,0.0,7.257463,8.0,1,20.0,20.0,50.0,2.0
2026-08-31 23:13:05.346167,s3,2:,272,14036,30601,20518728,138,Night,andm_inspired_rural,ntabankulu,109.891,0.0,7.257463,8.0,1,20.0,20.0,50.0,2.0
2026-08-31 23:13:05.346167,s3,LOCAL:,0,0,0,0,138,Night,andm_inspired_rural,ntabankulu,109.891,0.0,7.257463,8.0,1,20.0,20.0,50.0,2.0
2026-08-31 23:13:05.346167,s4,1:,144,266,12792,30410,138,Night,andm_inspired_rural,ntabankulu,109.891,0.0,7.257463,8.0,1,20.0,20.0,50.0,2.0
2026-08-31 23:13:05.346167,s4,2:,261,280,29845,31970,138,Night,andm_inspired_rural,ntabankulu,109.891,0.0,7.257463,8.0,1,20.0,20.0,50.0,2.0
2026-08-31 23:13:05.346167,s4,LOCAL:,0,0,0,0,138,Night,andm_inspired_rural,ntabankulu,109.891,0.0,7.257463,8.0,1,20.0,20.0,50.0,2.0
2026-08-31 23:13:05.346167,s5,1:,97955,275,145735692,33975,138,Night,andm_inspired_rural,ntabankulu,109.891,0.0,7.257463,8.0,1,20.0,20.0,50.0,2.0
2026-08-31 23:13:05.346167,s5,2:,269,96134,33190,142840426,138,Night,andm_inspired_rural,ntabankulu,109.891,0.0,7.257463,8.0,1,20.0,20.0,50.0,2.0
2026-08-31 23:13:05.346167,s5,LOCAL:,0,0,0,0,138,Night,andm_inspired_rural,ntabankulu,109.891,0.0,7.257463,8.0,1,20.0,20.0,50.0,2.0
2026-08-31 23:13:06.334303,s1,1:,436,153988,47456,228701732,139,Night,andm_inspired_rural,winnie,113.132,0.0,8.159473,8.0,1,20.0,20.0,50.0,2.0
2026-08-31 23:13:06.334303,s1,2:,124262,294,184723048,37958,139,Night,andm_inspired_rural,winnie,113.132,0.0,8.159473,8.0,1,20.0,20.0,50.0,2.0
2026-08-31 23:13:06.334303,s1,3:,14035,272,20517238,30601,139,Night,andm_inspired_rural,winnie,113.132,0.0,8.159473,8.0,1,20.0,20.0,50.0,2.0
2026-08-31 23:13:06.334303,s1,4:,280,261,31970,29845,139,Night,andm_inspired_rural,winnie,113.132,0.0,8.159473,8.0,1,20.0,20.0,50.0,2.0
2026-08-31 23:13:06.334303,s1,5:,96134,269,142840426,33190,139,Night,andm_inspired_rural,winnie,113.132,0.0,8.159473,8.0,1,20.0,20.0,50.0,2.0
2026-08-31 23:13:06.334303,s1,LOCAL:,0,0,0,0,139,Night,andm_inspired_rural,winnie,113.132,0.0,8.159473,8.0,1,20.0,20.0,50.0,2.0
2026-08-31 23:13:06.334303,s2,1:,126872,304,188802259,39255,139,Night,andm_inspired_rural,winnie,113.132,0.0,8.159473,8.0,1,20.0,20.0,50.0,2.0
2026-08-31 23:13:06.334303,s2,2:,294,124262,37958,184723048,139,Night,andm_inspired_rural,winnie,113.132,0.0,8.159473,8.0,1,20.0,20.0,50.0,2.0
2026-08-31 23:13:06.334303,s2,LOCAL:,0,0,0,0,139,Night,andm_inspired_rural,winnie,113.132,0.0,8.159473,8.0,1,20.0,20.0,50.0,2.0
2026-08-31 23:13:06.334303,s3,1:,14232,276,20996944,31190,139,Night,andm_inspired_rural,winnie,113.132,0.0,8.159473,8.0,1,20.0,20.0,50.0,2.0
2026-08-31 23:13:06.334303,s3,2:,272,14036,30601,20518728,139,Night,andm_inspired_rural,winnie,113.132,0.0,8.159473,8.0,1,20.0,20.0,50.0,2.0
2026-08-31 23:13:06.334303,s3,LOCAL:,0,0,0,0,139,Night,andm_inspired_rural,winnie,113.132,0.0,8.159473,8.0,1,20.0,20.0,50.0,2.0
2026-08-31 23:13:06.334303,s4,1:,144,266,12792,30410,139,Night,andm_inspired_rural,winnie,113.132,0.0,8.159473,8.0,1,20.0,20.0,50.0,2.0
2026-08-31 23:13:06.334303,s4,2:,261,280,29845,31970,139,Night,andm_inspired_rural,winnie,113.132,0.0,8.159473,8.0,1,20.0,20.0,50.0,2.0
2026-08-31 23:13:06.334303,s4,LOCAL:,0,0,0,0,139,Night,andm_inspired_rural,winnie,113.132,0.0,8.159473,8.0,1,20.0,20.0,50.0,2.0
2026-08-31 23:13:06.334303,s5,1:,97955,275,145735692,33975,139,Night,andm_inspired_rural,winnie,113.132,0.0,8.159473,8.0,1,20.0,20.0,50.0,2.0
2026-08-31 23:13:06.334303,s5,2:,269,96134,33190,142840426,139,Night,andm_inspired_rural,winnie,113.132,0.0,8.159473,8.0,1,20.0,20.0,50.0,2.0
2026-08-31 23:13:06.334303,s5,LOCAL:,0,0,0,0,139,Night,andm_inspired_rural,winnie,113.132,0.0,8.159473,8.0,1,20.0,20.0,50.0,2.0
2026-08-31 23:13:07.371884,s1,1:,436,153988,47456,228701732,140,Night,andm_inspired_rural,matatiele,128.967,0.0,8.104943,8.0,1,20.0,20.0,50.0,2.0
2026-08-31 23:13:07.371884,s1,2:,124262,294,184723048,37958,140,Night,andm_inspired_rural,matatiele,128.967,0.0,8.104943,8.0,1,20.0,20.0,50.0,2.0
2026-08-31 23:13:07.371884,s1,3:,14035,272,20517238,30601,140,Night,andm_inspired_rural,matatiele,128.967,0.0,8.104943,8.0,1,20.0,20.0,50.0,2.0
2026-08-31 23:13:07.371884,s1,4:,280,261,31970,29845,140,Night,andm_inspired_rural,matatiele,128.967,0.0,8.104943,8.0,1,20.0,20.0,50.0,2.0
2026-08-31 23:13:07.371884,s1,5:,96134,269,142840426,33190,140,Night,andm_inspired_rural,matatiele,128.967,0.0,8.104943,8.0,1,20.0,20.0,50.0,2.0
2026-08-31 23:13:07.371884,s1,LOCAL:,0,0,0,0,140,Night,andm_inspired_rural,matatiele,128.967,0.0,8.104943,8.0,1,20.0,20.0,50.0,2.0
2026-08-31 23:13:07.371884,s2,1:,126872,304,188802259,39255,140,Night,andm_inspired_rural,matatiele,128.967,0.0,8.104943,8.0,1,20.0,20.0,50.0,2.0
2026-08-31 23:13:07.371884,s2,2:,294,124262,37958,184723048,140,Night,andm_inspired_rural,matatiele,128.967,0.0,8.104943,8.0,1,20.0,20.0,50.0,2.0
2026-08-31 23:13:07.371884,s2,LOCAL:,0,0,0,0,140,Night,andm_inspired_rural,matatiele,128.967,0.0,8.104943,8.0,1,20.0,20.0,50.0,2.0
2026-08-31 23:13:07.371884,s3,1:,14232,276,20996944,31190,140,Night,andm_inspired_rural,matatiele,128.967,0.0,8.104943,8.0,1,20.0,20.0,50.0,2.0
2026-08-31 23:13:07.371884,s3,2:,272,14036,30601,20518728,140,Night,andm_inspired_rural,matatiele,128.967,0.0,8.104943,8.0,1,20.0,20.0,50.0,2.0
2026-08-31 23:13:07.371884,s3,LOCAL:,0,0,0,0,140,Night,andm_inspired_rural,matatiele,128.967,0.0,8.104943,8.0,1,20.0,20.0,50.0,2.0
2026-08-31 23:13:07.371884,s4,1:,144,266,12792,30410,140,Night,andm_inspired_rural,matatiele,128.967,0.0,8.104943,8.0,1,20.0,20.0,50.0,2.0
2026-08-31 23:13:07.371884,s4,2:,261,280,29845,31970,140,Night,andm_inspired_rural,matatiele,128.967,0.0,8.104943,8.0,1,20.0,20.0,50.0,2.0
2026-08-31 23:13:07.371884,s4,LOCAL:,0,0,0,0,140,Night,andm_inspired_rural,matatiele,128.967,0.0,8.104943,8.0,1,20.0,20.0,50.0,2.0
2026-08-31 23:13:07.371884,s5,1:,97955,275,145735692,33975,140,Night,andm_inspired_rural,matatiele,128.967,0.0,8.104943,8.0,1,20.0,20.0,50.0,2.0
2026-08-31 23:13:07.371884,s5,2:,269,96134,33190,142840426,140,Night,andm_inspired_rural,matatiele,128.967,0.0,8.104943,8.0,1,20.0,20.0,50.0,2.0
2026-08-31 23:13:07.371884,s5,LOCAL:,0,0,0,0,140,Night,andm_inspired_rural,matatiele,128.967,0.0,8.104943,8.0,1,20.0,20.0,50.0,2.0
2026-08-31 23:13:08.340296,s1,1:,452,157392,49024,233746016,141,Night,andm_inspired_rural,umzimvubu,118.156,0.0,8.168221,8.0,1,20.0,20.0,50.0,2.0
2026-08-31 23:13:08.340296,s1,2:,124269,300,184723816,38587,141,Night,andm_inspired_rural,umzimvubu,118.156,0.0,8.168221,8.0,1,20.0,20.0,50.0,2.0
2026-08-31 23:13:08.340296,s1,3:,17424,277,25558578,31132,141,Night,andm_inspired_rural,umzimvubu,118.156,0.0,8.168221,8.0,1,20.0,20.0,50.0,2.0
2026-08-31 23:13:08.340296,s1,4:,285,266,32542,30417,141,Night,andm_inspired_rural,umzimvubu,118.156,0.0,8.168221,8.0,1,20.0,20.0,50.0,2.0
2026-08-31 23:13:08.340296,s1,5:,96139,274,142840998,33762,141,Night,andm_inspired_rural,umzimvubu,118.156,0.0,8.168221,8.0,1,20.0,20.0,50.0,2.0
2026-08-31 23:13:08.340296,s1,LOCAL:,0,0,0,0,141,Night,andm_inspired_rural,umzimvubu,118.156,0.0,8.168221,8.0,1,20.0,20.0,50.0,2.0
2026-08-31 23:13:08.340296,s2,1:,126877,313,188802749,40301,141,Night,andm_inspired_rural,umzimvubu,118.156,0.0,8.168221,8.0,1,20.0,20.0,50.0,2.0
2026-08-31 23:13:08.340296,s2,2:,300,124269,38587,184723816,141,Night,andm_inspired_rural,umzimvubu,118.156,0.0,8.168221,8.0,1,20.0,20.0,50.0,2.0
2026-08-31 23:13:08.340296,s2,LOCAL:,0,0,0,0,141,Night,andm_inspired_rural,umzimvubu,118.156,0.0,8.168221,8.0,1,20.0,20.0,50.0,2.0
2026-08-31 23:13:08.340296,s3,1:,17693,284,26146874,32138,141,Night,andm_inspired_rural,umzimvubu,118.156,0.0,8.168221,8.0,1,20.0,20.0,50.0,2.0
2026-08-31 23:13:08.340296,s3,2:,277,17424,31132,25558578,141,Night,andm_inspired_rural,umzimvubu,118.156,0.0,8.168221,8.0,1,20.0,20.0,50.0,2.0
2026-08-31 23:13:08.340296,s3,LOCAL:,0,0,0,0,141,Night,andm_inspired_rural,umzimvubu,118.156,0.0,8.168221,8.0,1,20.0,20.0,50.0,2.0
2026-08-31 23:13:08.340296,s4,1:,147,273,13086,31260,141,Night,andm_inspired_rural,umzimvubu,118.156,0.0,8.168221,8.0,1,20.0,20.0,50.0,2.0
2026-08-31 23:13:08.340296,s4,2:,266,285,30417,32542,141,Night,andm_inspired_rural,umzimvubu,118.156,0.0,8.168221,8.0,1,20.0,20.0,50.0,2.0
2026-08-31 23:13:08.340296,s4,LOCAL:,0,0,0,0,141,Night,andm_inspired_rural,umzimvubu,118.156,0.0,8.168221,8.0,1,20.0,20.0,50.0,2.0
2026-08-31 23:13:08.340296,s5,1:,97958,282,145735986,34825,141,Night,andm_inspired_rural,umzimvubu,118.156,0.0,8.168221,8.0,1,20.0,20.0,50.0,2.0
2026-08-31 23:13:08.340296,s5,2:,274,96139,33762,142840998,141,Night,andm_inspired_rural,umzimvubu,118.156,0.0,8.168221,8.0,1,20.0,20.0,50.0,2.0
2026-08-31 23:13:08.340296,s5,LOCAL:,0,0,0,0,141,Night,andm_inspired_rural,umzimvubu,118.156,0.0,8.168221,8.0,1,20.0,20.0,50.0,2.0
2026-08-31 23:13:09.339087,s1,1:,452,157392,49024,233746016,142,Night,andm_inspired_rural,ntabankulu,119.029,0.0,7.955063,8.0,1,20.0,20.0,50.0,2.0
2026-08-31 23:13:09.339087,s1,2:,124269,300,184723816,38587,142,Night,andm_inspired_rural,ntabankulu,119.029,0.0,7.955063,8.0,1,20.0,20.0,50.0,2.0
2026-08-31 23:13:09.339087,s1,3:,17424,277,25558578,31132,142,Night,andm_inspired_rural,ntabankulu,119.029,0.0,7.955063,8.0,1,20.0,20.0,50.0,2.0
2026-08-31 23:13:09.339087,s1,4:,285,266,32542,30417,142,Night,andm_inspired_rural,ntabankulu,119.029,0.0,7.955063,8.0,1,20.0,20.0,50.0,2.0
2026-08-31 23:13:09.339087,s1,5:,96139,274,142840998,33762,142,Night,andm_inspired_rural,ntabankulu,119.029,0.0,7.955063,8.0,1,20.0,20.0,50.0,2.0
2026-08-31 23:13:09.339087,s1,LOCAL:,0,0,0,0,142,Night,andm_inspired_rural,ntabankulu,119.029,0.0,7.955063,8.0,1,20.0,20.0,50.0,2.0
2026-08-31 23:13:09.339087,s2,1:,126877,313,188802749,40301,142,Night,andm_inspired_rural,ntabankulu,119.029,0.0,7.955063,8.0,1,20.0,20.0,50.0,2.0
2026-08-31 23:13:09.339087,s2,2:,300,124269,38587,184723816,142,Night,andm_inspired_rural,ntabankulu,119.029,0.0,7.955063,8.0,1,20.0,20.0,50.0,2.0
2026-08-31 23:13:09.339087,s2,LOCAL:,0,0,0,0,142,Night,andm_inspired_rural,ntabankulu,119.029,0.0,7.955063,8.0,1,20.0,20.0,50.0,2.0
2026-08-31 23:13:09.339087,s3,1:,17693,284,26146874,32138,142,Night,andm_inspired_rural,ntabankulu,119.029,0.0,7.955063,8.0,1,20.0,20.0,50.0,2.0
2026-08-31 23:13:09.339087,s3,2:,277,17424,31132,25558578,142,Night,andm_inspired_rural,ntabankulu,119.029,0.0,7.955063,8.0,1,20.0,20.0,50.0,2.0
2026-08-31 23:13:09.339087,s3,LOCAL:,0,0,0,0,142,Night,andm_inspired_rural,ntabankulu,119.029,0.0,7.955063,8.0,1,20.0,20.0,50.0,2.0
2026-08-31 23:13:09.339087,s4,1:,147,273,13086,31260,142,Night,andm_inspired_rural,ntabankulu,119.029,0.0,7.955063,8.0,1,20.0,20.0,50.0,2.0
2026-08-31 23:13:09.339087,s4,2:,266,285,30417,32542,142,Night,andm_inspired_rural,ntabankulu,119.029,0.0,7.955063,8.0,1,20.0,20.0,50.0,2.0
2026-08-31 23:13:09.339087,s4,LOCAL:,0,0,0,0,142,Night,andm_inspired_rural,ntabankulu,119.029,0.0,7.955063,8.0,1,20.0,20.0,50.0,2.0
2026-08-31 23:13:09.339087,s5,1:,97958,282,145735986,34825,142,Night,andm_inspired_rural,ntabankulu,119.029,0.0,7.955063,8.0,1,20.0,20.0,50.0,2.0
2026-08-31 23:13:09.339087,s5,2:,274,96139,33762,142840998,142,Night,andm_inspired_rural,ntabankulu,119.029,0.0,7.955063,8.0,1,20.0,20.0,50.0,2.0
2026-08-31 23:13:09.339087,s5,LOCAL:,0,0,0,0,142,Night,andm_inspired_rural,ntabankulu,119.029,0.0,7.955063,8.0,1,20.0,20.0,50.0,2.0
2026-08-31 23:13:10.337145,s1,1:,452,157392,49024,233746016,143,Night,andm_inspired_rural,winnie,108.777,0.0,8.169999,8.0,1,20.0,20.0,50.0,2.0
2026-08-31 23:13:10.337145,s1,2:,124269,300,184723816,38587,143,Night,andm_inspired_rural,winnie,108.777,0.0,8.169999,8.0,1,20.0,20.0,50.0,2.0
2026-08-31 23:13:10.337145,s1,3:,17424,277,25558578,31132,143,Night,andm_inspired_rural,winnie,108.777,0.0,8.169999,8.0,1,20.0,20.0,50.0,2.0
2026-08-31 23:13:10.337145,s1,4:,285,266,32542,30417,143,Night,andm_inspired_rural,winnie,108.777,0.0,8.169999,8.0,1,20.0,20.0,50.0,2.0
2026-08-31 23:13:10.337145,s1,5:,96139,274,142840998,33762,143,Night,andm_inspired_rural,winnie,108.777,0.0,8.169999,8.0,1,20.0,20.0,50.0,2.0
2026-08-31 23:13:10.337145,s1,LOCAL:,0,0,0,0,143,Night,andm_inspired_rural,winnie,108.777,0.0,8.169999,8.0,1,20.0,20.0,50.0,2.0
2026-08-31 23:13:10.337145,s2,1:,126877,313,188802749,40301,143,Night,andm_inspired_rural,winnie,108.777,0.0,8.169999,8.0,1,20.0,20.0,50.0,2.0
2026-08-31 23:13:10.337145,s2,2:,300,124269,38587,184723816,143,Night,andm_inspired_rural,winnie,108.777,0.0,8.169999,8.0,1,20.0,20.0,50.0,2.0
2026-08-31 23:13:10.337145,s2,LOCAL:,0,0,0,0,143,Night,andm_inspired_rural,winnie,108.777,0.0,8.169999,8.0,1,20.0,20.0,50.0,2.0
2026-08-31 23:13:10.337145,s3,1:,17693,284,26146874,32138,143,Night,andm_inspired_rural,winnie,108.777,0.0,8.169999,8.0,1,20.0,20.0,50.0,2.0
2026-08-31 23:13:10.337145,s3,2:,277,17424,31132,25558578,143,Night,andm_inspired_rural,winnie,108.777,0.0,8.169999,8.0,1,20.0,20.0,50.0,2.0
2026-08-31 23:13:10.337145,s3,LOCAL:,0,0,0,0,143,Night,andm_inspired_rural,winnie,108.777,0.0,8.169999,8.0,1,20.0,20.0,50.0,2.0
2026-08-31 23:13:10.337145,s4,1:,147,273,13086,31260,143,Night,andm_inspired_rural,winnie,108.777,0.0,8.169999,8.0,1,20.0,20.0,50.0,2.0
2026-08-31 23:13:10.337145,s4,2:,266,285,30417,32542,143,Night,andm_inspired_rural,winnie,108.777,0.0,8.169999,8.0,1,20.0,20.0,50.0,2.0
2026-08-31 23:13:10.337145,s4,LOCAL:,0,0,0,0,143,Night,andm_inspired_rural,winnie,108.777,0.0,8.169999,8.0,1,20.0,20.0,50.0,2.0
2026-08-31 23:13:10.337145,s5,1:,97958,282,145735986,34825,143,Night,andm_inspired_rural,winnie,108.777,0.0,8.169999,8.0,1,20.0,20.0,50.0,2.0
2026-08-31 23:13:10.337145,s5,2:,274,96139,33762,142840998,143,Night,andm_inspired_rural,winnie,108.777,0.0,8.169999,8.0,1,20.0,20.0,50.0,2.0
2026-08-31 23:13:10.337145,s5,LOCAL:,0,0,0,0,143,Night,andm_inspired_rural,winnie,108.777,0.0,8.169999,8.0,1,20.0,20.0,50.0,2.0
2026-08-31 23:13:11.337512,s1,1:,452,157392,49024,233746016,144,Night,andm_inspired_rural,matatiele,121.531,0.0,8.150681,8.0,1,20.0,20.0,50.0,2.0
2026-08-31 23:13:11.337512,s1,2:,124269,300,184723816,38587,144,Night,andm_inspired_rural,matatiele,121.531,0.0,8.150681,8.0,1,20.0,20.0,50.0,2.0
2026-08-31 23:13:11.337512,s1,3:,17424,277,25558578,31132,144,Night,andm_inspired_rural,matatiele,121.531,0.0,8.150681,8.0,1,20.0,20.0,50.0,2.0
2026-08-31 23:13:11.337512,s1,4:,285,266,32542,30417,144,Night,andm_inspired_rural,matatiele,121.531,0.0,8.150681,8.0,1,20.0,20.0,50.0,2.0
2026-08-31 23:13:11.337512,s1,5:,96139,274,142840998,33762,144,Night,andm_inspired_rural,matatiele,121.531,0.0,8.150681,8.0,1,20.0,20.0,50.0,2.0
2026-08-31 23:13:11.337512,s1,LOCAL:,0,0,0,0,144,Night,andm_inspired_rural,matatiele,121.531,0.0,8.150681,8.0,1,20.0,20.0,50.0,2.0
2026-08-31 23:13:11.337512,s2,1:,126877,313,188802749,40301,144,Night,andm_inspired_rural,matatiele,121.531,0.0,8.150681,8.0,1,20.0,20.0,50.0,2.0
2026-08-31 23:13:11.337512,s2,2:,300,124269,38587,184723816,144,Night,andm_inspired_rural,matatiele,121.531,0.0,8.150681,8.0,1,20.0,20.0,50.0,2.0
2026-08-31 23:13:11.337512,s2,LOCAL:,0,0,0,0,144,Night,andm_inspired_rural,matatiele,121.531,0.0,8.150681,8.0,1,20.0,20.0,50.0,2.0
2026-08-31 23:13:11.337512,s3,1:,17693,284,26146874,32138,144,Night,andm_inspired_rural,matatiele,121.531,0.0,8.150681,8.0,1,20.0,20.0,50.0,2.0
2026-08-31 23:13:11.337512,s3,2:,277,17424,31132,25558578,144,Night,andm_inspired_rural,matatiele,121.531,0.0,8.150681,8.0,1,20.0,20.0,50.0,2.0
2026-08-31 23:13:11.337512,s3,LOCAL:,0,0,0,0,144,Night,andm_inspired_rural,matatiele,121.531,0.0,8.150681,8.0,1,20.0,20.0,50.0,2.0
2026-08-31 23:13:11.337512,s4,1:,147,273,13086,31260,144,Night,andm_inspired_rural,matatiele,121.531,0.0,8.150681,8.0,1,20.0,20.0,50.0,2.0
2026-08-31 23:13:11.337512,s4,2:,266,285,30417,32542,144,Night,andm_inspired_rural,matatiele,121.531,0.0,8.150681,8.0,1,20.0,20.0,50.0,2.0
2026-08-31 23:13:11.337512,s4,LOCAL:,0,0,0,0,144,Night,andm_inspired_rural,matatiele,121.531,0.0,8.150681,8.0,1,20.0,20.0,50.0,2.0
2026-08-31 23:13:11.337512,s5,1:,97958,282,145735986,34825,144,Night,andm_inspired_rural,matatiele,121.531,0.0,8.150681,8.0,1,20.0,20.0,50.0,2.0
2026-08-31 23:13:11.337512,s5,2:,274,96139,33762,142840998,144,Night,andm_inspired_rural,matatiele,121.531,0.0,8.150681,8.0,1,20.0,20.0,50.0,2.0
2026-08-31 23:13:11.337512,s5,LOCAL:,0,0,0,0,144,Night,andm_inspired_rural,matatiele,121.531,0.0,8.150681,8.0,1,20.0,20.0,50.0,2.0
2026-08-31 23:13:12.343430,s1,1:,452,157392,49024,233746016,145,Night,andm_inspired_rural,umzimvubu,115.331,0.0,8.014045,8.0,1,20.0,20.0,50.0,2.0
2026-08-31 23:13:12.343430,s1,2:,124269,300,184723816,38587,145,Night,andm_inspired_rural,umzimvubu,115.331,0.0,8.014045,8.0,1,20.0,20.0,50.0,2.0
2026-08-31 23:13:12.343430,s1,3:,17424,277,25558578,31132,145,Night,andm_inspired_rural,umzimvubu,115.331,0.0,8.014045,8.0,1,20.0,20.0,50.0,2.0
2026-08-31 23:13:12.343430,s1,4:,285,266,32542,30417,145,Night,andm_inspired_rural,umzimvubu,115.331,0.0,8.014045,8.0,1,20.0,20.0,50.0,2.0
2026-08-31 23:13:12.343430,s1,5:,96139,274,142840998,33762,145,Night,andm_inspired_rural,umzimvubu,115.331,0.0,8.014045,8.0,1,20.0,20.0,50.0,2.0
2026-08-31 23:13:12.343430,s1,LOCAL:,0,0,0,0,145,Night,andm_inspired_rural,umzimvubu,115.331,0.0,8.014045,8.0,1,20.0,20.0,50.0,2.0
2026-08-31 23:13:12.343430,s2,1:,126877,313,188802749,40301,145,Night,andm_inspired_rural,umzimvubu,115.331,0.0,8.014045,8.0,1,20.0,20.0,50.0,2.0
2026-08-31 23:13:12.343430,s2,2:,300,124269,38587,184723816,145,Night,andm_inspired_rural,umzimvubu,115.331,0.0,8.014045,8.0,1,20.0,20.0,50.0,2.0
2026-08-31 23:13:12.343430,s2,LOCAL:,0,0,0,0,145,Night,andm_inspired_rural,umzimvubu,115.331,0.0,8.014045,8.0,1,20.0,20.0,50.0,2.0
2026-08-31 23:13:12.343430,s3,1:,17693,284,26146874,32138,145,Night,andm_inspired_rural,umzimvubu,115.331,0.0,8.014045,8.0,1,20.0,20.0,50.0,2.0
2026-08-31 23:13:12.343430,s3,2:,277,17424,31132,25558578,145,Night,andm_inspired_rural,umzimvubu,115.331,0.0,8.014045,8.0,1,20.0,20.0,50.0,2.0
2026-08-31 23:13:12.343430,s3,LOCAL:,0,0,0,0,145,Night,andm_inspired_rural,umzimvubu,115.331,0.0,8.014045,8.0,1,20.0,20.0,50.0,2.0
2026-08-31 23:13:12.343430,s4,1:,147,273,13086,31260,145,Night,andm_inspired_rural,umzimvubu,115.331,0.0,8.014045,8.0,1,20.0,20.0,50.0,2.0
2026-08-31 23:13:12.343430,s4,2:,266,285,30417,32542,145,Night,andm_inspired_rural,umzimvubu,115.331,0.0,8.014045,8.0,1,20.0,20.0,50.0,2.0
2026-08-31 23:13:12.343430,s4,LOCAL:,0,0,0,0,145,Night,andm_inspired_rural,umzimvubu,115.331,0.0,8.014045,8.0,1,20.0,20.0,50.0,2.0
2026-08-31 23:13:12.343430,s5,1:,97958,282,145735986,34825,145,Night,andm_inspired_rural,umzimvubu,115.331,0.0,8.014045,8.0,1,20.0,20.0,50.0,2.0
2026-08-31 23:13:12.343430,s5,2:,274,96139,33762,142840998,145,Night,andm_inspired_rural,umzimvubu,115.331,0.0,8.014045,8.0,1,20.0,20.0,50.0,2.0
2026-08-31 23:13:12.343430,s5,LOCAL:,0,0,0,0,145,Night,andm_inspired_rural,umzimvubu,115.331,0.0,8.014045,8.0,1,20.0,20.0,50.0,2.0
2026-08-31 23:13:13.341140,s1,1:,468,160800,50536,238798906,146,Night,andm_inspired_rural,ntabankulu,109.552,33.3333,7.976842,8.0,1,20.0,20.0,50.0,2.0
2026-08-31 23:13:13.341140,s1,2:,124276,308,184724569,39479,146,Night,andm_inspired_rural,ntabankulu,109.552,33.3333,7.976842,8.0,1,20.0,20.0,50.0,2.0
2026-08-31 23:13:13.341140,s1,3:,20825,286,30613704,32178,146,Night,andm_inspired_rural,ntabankulu,109.552,33.3333,7.976842,8.0,1,20.0,20.0,50.0,2.0
2026-08-31 23:13:13.341140,s1,4:,294,274,33588,31365,146,Night,andm_inspired_rural,ntabankulu,109.552,33.3333,7.976842,8.0,1,20.0,20.0,50.0,2.0
2026-08-31 23:13:13.341140,s1,5:,96146,281,142841848,34612,146,Night,andm_inspired_rural,ntabankulu,109.552,33.3333,7.976842,8.0,1,20.0,20.0,50.0,2.0
2026-08-31 23:13:13.341140,s1,LOCAL:,0,0,0,0,146,Night,andm_inspired_rural,ntabankulu,109.552,33.3333,7.976842,8.0,1,20.0,20.0,50.0,2.0
2026-08-31 23:13:13.341140,s2,1:,126881,319,188803085,40915,146,Night,andm_inspired_rural,ntabankulu,109.552,33.3333,7.976842,8.0,1,20.0,20.0,50.0,2.0
2026-08-31 23:13:13.341140,s2,2:,308,124276,39479,184724569,146,Night,andm_inspired_rural,ntabankulu,109.552,33.3333,7.976842,8.0,1,20.0,20.0,50.0,2.0
2026-08-31 23:13:13.341140,s2,LOCAL:,0,0,0,0,146,Night,andm_inspired_rural,ntabankulu,109.552,33.3333,7.976842,8.0,1,20.0,20.0,50.0,2.0
2026-08-31 23:13:13.341140,s3,1:,21151,291,31293726,32906,146,Night,andm_inspired_rural,ntabankulu,109.552,33.3333,7.976842,8.0,1,20.0,20.0,50.0,2.0
2026-08-31 23:13:13.341140,s3,2:,286,20825,32178,30613704,146,Night,andm_inspired_rural,ntabankulu,109.552,33.3333,7.976842,8.0,1,20.0,20.0,50.0,2.0
2026-08-31 23:13:13.341140,s3,LOCAL:,0,0,0,0,146,Night,andm_inspired_rural,ntabankulu,109.552,33.3333,7.976842,8.0,1,20.0,20.0,50.0,2.0
2026-08-31 23:13:13.341140,s4,1:,152,279,13576,31930,146,Night,andm_inspired_rural,ntabankulu,109.552,33.3333,7.976842,8.0,1,20.0,20.0,50.0,2.0
2026-08-31 23:13:13.341140,s4,2:,274,294,31365,33588,146,Night,andm_inspired_rural,ntabankulu,109.552,33.3333,7.976842,8.0,1,20.0,20.0,50.0,2.0
2026-08-31 23:13:13.341140,s4,LOCAL:,0,0,0,0,146,Night,andm_inspired_rural,ntabankulu,109.552,33.3333,7.976842,8.0,1,20.0,20.0,50.0,2.0
2026-08-31 23:13:13.341140,s5,1:,97961,287,145736280,35397,146,Night,andm_inspired_rural,ntabankulu,109.552,33.3333,7.976842,8.0,1,20.0,20.0,50.0,2.0
2026-08-31 23:13:13.341140,s5,2:,281,96146,34612,142841848,146,Night,andm_inspired_rural,ntabankulu,109.552,33.3333,7.976842,8.0,1,20.0,20.0,50.0,2.0
2026-08-31 23:13:13.341140,s5,LOCAL:,0,0,0,0,146,Night,andm_inspired_rural,ntabankulu,109.552,33.3333,7.976842,8.0,1,20.0,20.0,50.0,2.0
2026-08-31 23:13:14.336023,s1,1:,468,160800,50536,238798906,147,Night,andm_inspired_rural,winnie,109.615,0.0,8.102559,8.0,1,20.0,20.0,50.0,2.0
2026-08-31 23:13:14.336023,s1,2:,124276,308,184724569,39479,147,Night,andm_inspired_rural,winnie,109.615,0.0,8.102559,8.0,1,20.0,20.0,50.0,2.0
2026-08-31 23:13:14.336023,s1,3:,20825,286,30613704,32178,147,Night,andm_inspired_rural,winnie,109.615,0.0,8.102559,8.0,1,20.0,20.0,50.0,2.0
2026-08-31 23:13:14.336023,s1,4:,294,274,33588,31365,147,Night,andm_inspired_rural,winnie,109.615,0.0,8.102559,8.0,1,20.0,20.0,50.0,2.0
2026-08-31 23:13:14.336023,s1,5:,96146,281,142841848,34612,147,Night,andm_inspired_rural,winnie,109.615,0.0,8.102559,8.0,1,20.0,20.0,50.0,2.0
2026-08-31 23:13:14.336023,s1,LOCAL:,0,0,0,0,147,Night,andm_inspired_rural,winnie,109.615,0.0,8.102559,8.0,1,20.0,20.0,50.0,2.0
2026-08-31 23:13:14.336023,s2,1:,126881,319,188803085,40915,147,Night,andm_inspired_rural,winnie,109.615,0.0,8.102559,8.0,1,20.0,20.0,50.0,2.0
2026-08-31 23:13:14.336023,s2,2:,308,124276,39479,184724569,147,Night,andm_inspired_rural,winnie,109.615,0.0,8.102559,8.0,1,20.0,20.0,50.0,2.0
2026-08-31 23:13:14.336023,s2,LOCAL:,0,0,0,0,147,Night,andm_inspired_rural,winnie,109.615,0.0,8.102559,8.0,1,20.0,20.0,50.0,2.0
2026-08-31 23:13:14.336023,s3,1:,21151,291,31293726,32906,147,Night,andm_inspired_rural,winnie,109.615,0.0,8.102559,8.0,1,20.0,20.0,50.0,2.0
2026-08-31 23:13:14.336023,s3,2:,286,20825,32178,30613704,147,Night,andm_inspired_rural,winnie,109.615,0.0,8.102559,8.0,1,20.0,20.0,50.0,2.0
2026-08-31 23:13:14.336023,s3,LOCAL:,0,0,0,0,147,Night,andm_inspired_rural,winnie,109.615,0.0,8.102559,8.0,1,20.0,20.0,50.0,2.0
2026-08-31 23:13:14.336023,s4,1:,152,279,13576,31930,147,Night,andm_inspired_rural,winnie,109.615,0.0,8.102559,8.0,1,20.0,20.0,50.0,2.0
2026-08-31 23:13:14.336023,s4,2:,274,294,31365,33588,147,Night,andm_inspired_rural,winnie,109.615,0.0,8.102559,8.0,1,20.0,20.0,50.0,2.0
2026-08-31 23:13:14.336023,s4,LOCAL:,0,0,0,0,147,Night,andm_inspired_rural,winnie,109.615,0.0,8.102559,8.0,1,20.0,20.0,50.0,2.0
2026-08-31 23:13:14.336023,s5,1:,97961,287,145736280,35397,147,Night,andm_inspired_rural,winnie,109.615,0.0,8.102559,8.0,1,20.0,20.0,50.0,2.0
2026-08-31 23:13:14.336023,s5,2:,281,96146,34612,142841848,147,Night,andm_inspired_rural,winnie,109.615,0.0,8.102559,8.0,1,20.0,20.0,50.0,2.0
2026-08-31 23:13:14.336023,s5,LOCAL:,0,0,0,0,147,Night,andm_inspired_rural,winnie,109.615,0.0,8.102559,8.0,1,20.0,20.0,50.0,2.0
2026-08-31 23:13:15.342755,s1,1:,468,160800,50536,238798906,148,Night,andm_inspired_rural,matatiele,110.591,33.3333,7.638133,8.0,1,20.0,20.0,50.0,2.0
2026-08-31 23:13:15.342755,s1,2:,124276,308,184724569,39479,148,Night,andm_inspired_rural,matatiele,110.591,33.3333,7.638133,8.0,1,20.0,20.0,50.0,2.0
2026-08-31 23:13:15.342755,s1,3:,20825,286,30613704,32178,148,Night,andm_inspired_rural,matatiele,110.591,33.3333,7.638133,8.0,1,20.0,20.0,50.0,2.0
2026-08-31 23:13:15.342755,s1,4:,294,274,33588,31365,148,Night,andm_inspired_rural,matatiele,110.591,33.3333,7.638133,8.0,1,20.0,20.0,50.0,2.0
2026-08-31 23:13:15.342755,s1,5:,96146,281,142841848,34612,148,Night,andm_inspired_rural,matatiele,110.591,33.3333,7.638133,8.0,1,20.0,20.0,50.0,2.0
2026-08-31 23:13:15.342755,s1,LOCAL:,0,0,0,0,148,Night,andm_inspired_rural,matatiele,110.591,33.3333,7.638133,8.0,1,20.0,20.0,50.0,2.0
2026-08-31 23:13:15.342755,s2,1:,126881,319,188803085,40915,148,Night,andm_inspired_rural,matatiele,110.591,33.3333,7.638133,8.0,1,20.0,20.0,50.0,2.0
2026-08-31 23:13:15.342755,s2,2:,308,124276,39479,184724569,148,Night,andm_inspired_rural,matatiele,110.591,33.3333,7.638133,8.0,1,20.0,20.0,50.0,2.0
2026-08-31 23:13:15.342755,s2,LOCAL:,0,0,0,0,148,Night,andm_inspired_rural,matatiele,110.591,33.3333,7.638133,8.0,1,20.0,20.0,50.0,2.0
2026-08-31 23:13:15.342755,s3,1:,21151,291,31293726,32906,148,Night,andm_inspired_rural,matatiele,110.591,33.3333,7.638133,8.0,1,20.0,20.0,50.0,2.0
2026-08-31 23:13:15.342755,s3,2:,286,20825,32178,30613704,148,Night,andm_inspired_rural,matatiele,110.591,33.3333,7.638133,8.0,1,20.0,20.0,50.0,2.0
2026-08-31 23:13:15.342755,s3,LOCAL:,0,0,0,0,148,Night,andm_inspired_rural,matatiele,110.591,33.3333,7.638133,8.0,1,20.0,20.0,50.0,2.0
2026-08-31 23:13:15.342755,s4,1:,152,279,13576,31930,148,Night,andm_inspired_rural,matatiele,110.591,33.3333,7.638133,8.0,1,20.0,20.0,50.0,2.0
2026-08-31 23:13:15.342755,s4,2:,274,294,31365,33588,148,Night,andm_inspired_rural,matatiele,110.591,33.3333,7.638133,8.0,1,20.0,20.0,50.0,2.0
2026-08-31 23:13:15.342755,s4,LOCAL:,0,0,0,0,148,Night,andm_inspired_rural,matatiele,110.591,33.3333,7.638133,8.0,1,20.0,20.0,50.0,2.0
2026-08-31 23:13:15.342755,s5,1:,97961,287,145736280,35397,148,Night,andm_inspired_rural,matatiele,110.591,33.3333,7.638133,8.0,1,20.0,20.0,50.0,2.0
2026-08-31 23:13:15.342755,s5,2:,281,96146,34612,142841848,148,Night,andm_inspired_rural,matatiele,110.591,33.3333,7.638133,8.0,1,20.0,20.0,50.0,2.0
2026-08-31 23:13:15.342755,s5,LOCAL:,0,0,0,0,148,Night,andm_inspired_rural,matatiele,110.591,33.3333,7.638133,8.0,1,20.0,20.0,50.0,2.0
2026-08-31 23:13:16.348837,s1,1:,468,160800,50536,238798906,149,Night,andm_inspired_rural,umzimvubu,127.709,0.0,8.33308,8.0,1,20.0,20.0,50.0,2.0
2026-08-31 23:13:16.348837,s1,2:,124276,308,184724569,39479,149,Night,andm_inspired_rural,umzimvubu,127.709,0.0,8.33308,8.0,1,20.0,20.0,50.0,2.0
2026-08-31 23:13:16.348837,s1,3:,20825,286,30613704,32178,149,Night,andm_inspired_rural,umzimvubu,127.709,0.0,8.33308,8.0,1,20.0,20.0,50.0,2.0
2026-08-31 23:13:16.348837,s1,4:,294,274,33588,31365,149,Night,andm_inspired_rural,umzimvubu,127.709,0.0,8.33308,8.0,1,20.0,20.0,50.0,2.0
2026-08-31 23:13:16.348837,s1,5:,96146,281,142841848,34612,149,Night,andm_inspired_rural,umzimvubu,127.709,0.0,8.33308,8.0,1,20.0,20.0,50.0,2.0
2026-08-31 23:13:16.348837,s1,LOCAL:,0,0,0,0,149,Night,andm_inspired_rural,umzimvubu,127.709,0.0,8.33308,8.0,1,20.0,20.0,50.0,2.0
2026-08-31 23:13:16.348837,s2,1:,126881,319,188803085,40915,149,Night,andm_inspired_rural,umzimvubu,127.709,0.0,8.33308,8.0,1,20.0,20.0,50.0,2.0
2026-08-31 23:13:16.348837,s2,2:,308,124276,39479,184724569,149,Night,andm_inspired_rural,umzimvubu,127.709,0.0,8.33308,8.0,1,20.0,20.0,50.0,2.0
2026-08-31 23:13:16.348837,s2,LOCAL:,0,0,0,0,149,Night,andm_inspired_rural,umzimvubu,127.709,0.0,8.33308,8.0,1,20.0,20.0,50.0,2.0
2026-08-31 23:13:16.348837,s3,1:,21151,291,31293726,32906,149,Night,andm_inspired_rural,umzimvubu,127.709,0.0,8.33308,8.0,1,20.0,20.0,50.0,2.0
2026-08-31 23:13:16.348837,s3,2:,286,20825,32178,30613704,149,Night,andm_inspired_rural,umzimvubu,127.709,0.0,8.33308,8.0,1,20.0,20.0,50.0,2.0
2026-08-31 23:13:16.348837,s3,LOCAL:,0,0,0,0,149,Night,andm_inspired_rural,umzimvubu,127.709,0.0,8.33308,8.0,1,20.0,20.0,50.0,2.0
2026-08-31 23:13:16.348837,s4,1:,152,279,13576,31930,149,Night,andm_inspired_rural,umzimvubu,127.709,0.0,8.33308,8.0,1,20.0,20.0,50.0,2.0
2026-08-31 23:13:16.348837,s4,2:,274,294,31365,33588,149,Night,andm_inspired_rural,umzimvubu,127.709,0.0,8.33308,8.0,1,20.0,20.0,50.0,2.0
2026-08-31 23:13:16.348837,s4,LOCAL:,0,0,0,0,149,Night,andm_inspired_rural,umzimvubu,127.709,0.0,8.33308,8.0,1,20.0,20.0,50.0,2.0
2026-08-31 23:13:16.348837,s5,1:,97961,287,145736280,35397,149,Night,andm_inspired_rural,umzimvubu,127.709,0.0,8.33308,8.0,1,20.0,20.0,50.0,2.0
2026-08-31 23:13:16.348837,s5,2:,281,96146,34612,142841848,149,Night,andm_inspired_rural,umzimvubu,127.709,0.0,8.33308,8.0,1,20.0,20.0,50.0,2.0
2026-08-31 23:13:16.348837,s5,LOCAL:,0,0,0,0,149,Night,andm_inspired_rural,umzimvubu,127.709,0.0,8.33308,8.0,1,20.0,20.0,50.0,2.0
2026-08-31 23:13:17.369732,s1,1:,468,160800,50536,238798906,150,Night,andm_inspired_rural,ntabankulu,135.179,0.0,8.203933,8.0,1,20.0,20.0,50.0,2.0
2026-08-31 23:13:17.369732,s1,2:,124276,308,184724569,39479,150,Night,andm_inspired_rural,ntabankulu,135.179,0.0,8.203933,8.0,1,20.0,20.0,50.0,2.0
2026-08-31 23:13:17.369732,s1,3:,20825,286,30613704,32178,150,Night,andm_inspired_rural,ntabankulu,135.179,0.0,8.203933,8.0,1,20.0,20.0,50.0,2.0
2026-08-31 23:13:17.369732,s1,4:,294,274,33588,31365,150,Night,andm_inspired_rural,ntabankulu,135.179,0.0,8.203933,8.0,1,20.0,20.0,50.0,2.0
2026-08-31 23:13:17.369732,s1,5:,96146,281,142841848,34612,150,Night,andm_inspired_rural,ntabankulu,135.179,0.0,8.203933,8.0,1,20.0,20.0,50.0,2.0
2026-08-31 23:13:17.369732,s1,LOCAL:,0,0,0,0,150,Night,andm_inspired_rural,ntabankulu,135.179,0.0,8.203933,8.0,1,20.0,20.0,50.0,2.0
2026-08-31 23:13:17.369732,s2,1:,126881,319,188803085,40915,150,Night,andm_inspired_rural,ntabankulu,135.179,0.0,8.203933,8.0,1,20.0,20.0,50.0,2.0
2026-08-31 23:13:17.369732,s2,2:,308,124276,39479,184724569,150,Night,andm_inspired_rural,ntabankulu,135.179,0.0,8.203933,8.0,1,20.0,20.0,50.0,2.0
2026-08-31 23:13:17.369732,s2,LOCAL:,0,0,0,0,150,Night,andm_inspired_rural,ntabankulu,135.179,0.0,8.203933,8.0,1,20.0,20.0,50.0,2.0
2026-08-31 23:13:17.369732,s3,1:,21151,291,31293726,32906,150,Night,andm_inspired_rural,ntabankulu,135.179,0.0,8.203933,8.0,1,20.0,20.0,50.0,2.0
2026-08-31 23:13:17.369732,s3,2:,286,20825,32178,30613704,150,Night,andm_inspired_rural,ntabankulu,135.179,0.0,8.203933,8.0,1,20.0,20.0,50.0,2.0
2026-08-31 23:13:17.369732,s3,LOCAL:,0,0,0,0,150,Night,andm_inspired_rural,ntabankulu,135.179,0.0,8.203933,8.0,1,20.0,20.0,50.0,2.0
2026-08-31 23:13:17.369732,s4,1:,152,279,13576,31930,150,Night,andm_inspired_rural,ntabankulu,135.179,0.0,8.203933,8.0,1,20.0,20.0,50.0,2.0
2026-08-31 23:13:17.369732,s4,2:,274,294,31365,33588,150,Night,andm_inspired_rural,ntabankulu,135.179,0.0,8.203933,8.0,1,20.0,20.0,50.0,2.0
2026-08-31 23:13:17.369732,s4,LOCAL:,0,0,0,0,150,Night,andm_inspired_rural,ntabankulu,135.179,0.0,8.203933,8.0,1,20.0,20.0,50.0,2.0
2026-08-31 23:13:17.369732,s5,1:,97961,287,145736280,35397,150,Night,andm_inspired_rural,ntabankulu,135.179,0.0,8.203933,8.0,1,20.0,20.0,50.0,2.0
2026-08-31 23:13:17.369732,s5,2:,281,96146,34612,142841848,150,Night,andm_inspired_rural,ntabankulu,135.179,0.0,8.203933,8.0,1,20.0,20.0,50.0,2.0
2026-08-31 23:13:17.369732,s5,LOCAL:,0,0,0,0,150,Night,andm_inspired_rural,ntabankulu,135.179,0.0,8.203933,8.0,1,20.0,20.0,50.0,2.0
2026-08-31 23:13:18.342534,s1,1:,484,164205,51992,243844568,151,Night,andm_inspired_rural,winnie,111.316,0.0,8.166982,8.0,1,20.0,20.0,50.0,2.0
2026-08-31 23:13:18.342534,s1,2:,124282,314,184725321,40231,151,Night,andm_inspired_rural,winnie,111.316,0.0,8.166982,8.0,1,20.0,20.0,50.0,2.0
2026-08-31 23:13:18.342534,s1,3:,24217,293,35658204,33028,151,Night,andm_inspired_rural,winnie,111.316,0.0,8.166982,8.0,1,20.0,20.0,50.0,2.0
2026-08-31 23:13:18.342534,s1,4:,304,284,34620,32397,151,Night,andm_inspired_rural,winnie,111.316,0.0,8.166982,8.0,1,20.0,20.0,50.0,2.0
2026-08-31 23:13:18.342534,s1,5:,96154,289,142842796,35560,151,Night,andm_inspired_rural,winnie,111.316,0.0,8.166982,8.0,1,20.0,20.0,50.0,2.0
2026-08-31 23:13:18.342534,s1,LOCAL:,0,0,0,0,151,Night,andm_inspired_rural,winnie,111.316,0.0,8.166982,8.0,1,20.0,20.0,50.0,2.0
2026-08-31 23:13:18.342534,s2,1:,126884,325,188803379,41667,151,Night,andm_inspired_rural,winnie,111.316,0.0,8.166982,8.0,1,20.0,20.0,50.0,2.0
2026-08-31 23:13:18.342534,s2,2:,314,124282,40231,184725321,151,Night,andm_inspired_rural,winnie,111.316,0.0,8.166982,8.0,1,20.0,20.0,50.0,2.0
2026-08-31 23:13:18.342534,s2,LOCAL:,0,0,0,0,151,Night,andm_inspired_rural,winnie,111.316,0.0,8.166982,8.0,1,20.0,20.0,50.0,2.0
2026-08-31 23:13:18.342534,s3,1:,24618,298,36455380,33756,151,Night,andm_inspired_rural,winnie,111.316,0.0,8.166982,8.0,1,20.0,20.0,50.0,2.0
2026-08-31 23:13:18.342534,s3,2:,293,24217,33028,35658204,151,Night,andm_inspired_rural,winnie,111.316,0.0,8.166982,8.0,1,20.0,20.0,50.0,2.0
2026-08-31 23:13:18.342534,s3,LOCAL:,0,0,0,0,151,Night,andm_inspired_rural,winnie,111.316,0.0,8.166982,8.0,1,20.0,20.0,50.0,2.0
2026-08-31 23:13:18.342534,s4,1:,158,289,14052,32962,151,Night,andm_inspired_rural,winnie,111.316,0.0,8.166982,8.0,1,20.0,20.0,50.0,2.0
2026-08-31 23:13:18.342534,s4,2:,284,304,32397,34620,151,Night,andm_inspired_rural,winnie,111.316,0.0,8.166982,8.0,1,20.0,20.0,50.0,2.0
2026-08-31 23:13:18.342534,s4,LOCAL:,0,0,0,0,151,Night,andm_inspired_rural,winnie,111.316,0.0,8.166982,8.0,1,20.0,20.0,50.0,2.0
2026-08-31 23:13:18.342534,s5,1:,97966,295,145736770,36345,151,Night,andm_inspired_rural,winnie,111.316,0.0,8.166982,8.0,1,20.0,20.0,50.0,2.0
2026-08-31 23:13:18.342534,s5,2:,289,96154,35560,142842796,151,Night,andm_inspired_rural,winnie,111.316,0.0,8.166982,8.0,1,20.0,20.0,50.0,2.0
2026-08-31 23:13:18.342534,s5,LOCAL:,0,0,0,0,151,Night,andm_inspired_rural,winnie,111.316,0.0,8.166982,8.0,1,20.0,20.0,50.0,2.0
2026-08-31 23:13:19.367377,s1,1:,484,164205,51992,243844568,152,Night,andm_inspired_rural,matatiele,124.952,0.0,7.896572,8.0,1,20.0,20.0,50.0,2.0
2026-08-31 23:13:19.367377,s1,2:,124282,314,184725321,40231,152,Night,andm_inspired_rural,matatiele,124.952,0.0,7.896572,8.0,1,20.0,20.0,50.0,2.0
2026-08-31 23:13:19.367377,s1,3:,24217,293,35658204,33028,152,Night,andm_inspired_rural,matatiele,124.952,0.0,7.896572,8.0,1,20.0,20.0,50.0,2.0
2026-08-31 23:13:19.367377,s1,4:,304,284,34620,32397,152,Night,andm_inspired_rural,matatiele,124.952,0.0,7.896572,8.0,1,20.0,20.0,50.0,2.0
2026-08-31 23:13:19.367377,s1,5:,96154,289,142842796,35560,152,Night,andm_inspired_rural,matatiele,124.952,0.0,7.896572,8.0,1,20.0,20.0,50.0,2.0
2026-08-31 23:13:19.367377,s1,LOCAL:,0,0,0,0,152,Night,andm_inspired_rural,matatiele,124.952,0.0,7.896572,8.0,1,20.0,20.0,50.0,2.0
2026-08-31 23:13:19.367377,s2,1:,126884,325,188803379,41667,152,Night,andm_inspired_rural,matatiele,124.952,0.0,7.896572,8.0,1,20.0,20.0,50.0,2.0
2026-08-31 23:13:19.367377,s2,2:,314,124282,40231,184725321,152,Night,andm_inspired_rural,matatiele,124.952,0.0,7.896572,8.0,1,20.0,20.0,50.0,2.0
2026-08-31 23:13:19.367377,s2,LOCAL:,0,0,0,0,152,Night,andm_inspired_rural,matatiele,124.952,0.0,7.896572,8.0,1,20.0,20.0,50.0,2.0
2026-08-31 23:13:19.367377,s3,1:,24618,298,36455380,33756,152,Night,andm_inspired_rural,matatiele,124.952,0.0,7.896572,8.0,1,20.0,20.0,50.0,2.0
2026-08-31 23:13:19.367377,s3,2:,293,24217,33028,35658204,152,Night,andm_inspired_rural,matatiele,124.952,0.0,7.896572,8.0,1,20.0,20.0,50.0,2.0
2026-08-31 23:13:19.367377,s3,LOCAL:,0,0,0,0,152,Night,andm_inspired_rural,matatiele,124.952,0.0,7.896572,8.0,1,20.0,20.0,50.0,2.0
2026-08-31 23:13:19.367377,s4,1:,158,289,14052,32962,152,Night,andm_inspired_rural,matatiele,124.952,0.0,7.896572,8.0,1,20.0,20.0,50.0,2.0
2026-08-31 23:13:19.367377,s4,2:,284,304,32397,34620,152,Night,andm_inspired_rural,matatiele,124.952,0.0,7.896572,8.0,1,20.0,20.0,50.0,2.0
2026-08-31 23:13:19.367377,s4,LOCAL:,0,0,0,0,152,Night,andm_inspired_rural,matatiele,124.952,0.0,7.896572,8.0,1,20.0,20.0,50.0,2.0
2026-08-31 23:13:19.367377,s5,1:,97966,295,145736770,36345,152,Night,andm_inspired_rural,matatiele,124.952,0.0,7.896572,8.0,1,20.0,20.0,50.0,2.0
2026-08-31 23:13:19.367377,s5,2:,289,96154,35560,142842796,152,Night,andm_inspired_rural,matatiele,124.952,0.0,7.896572,8.0,1,20.0,20.0,50.0,2.0
2026-08-31 23:13:19.367377,s5,LOCAL:,0,0,0,0,152,Night,andm_inspired_rural,matatiele,124.952,0.0,7.896572,8.0,1,20.0,20.0,50.0,2.0
2026-08-31 23:13:20.351342,s1,1:,484,164205,51992,243844568,153,Night,andm_inspired_rural,umzimvubu,119.524,0.0,8.217957,8.0,1,20.0,20.0,50.0,2.0
2026-08-31 23:13:20.351342,s1,2:,124282,314,184725321,40231,153,Night,andm_inspired_rural,umzimvubu,119.524,0.0,8.217957,8.0,1,20.0,20.0,50.0,2.0
2026-08-31 23:13:20.351342,s1,3:,24217,293,35658204,33028,153,Night,andm_inspired_rural,umzimvubu,119.524,0.0,8.217957,8.0,1,20.0,20.0,50.0,2.0
2026-08-31 23:13:20.351342,s1,4:,304,284,34620,32397,153,Night,andm_inspired_rural,umzimvubu,119.524,0.0,8.217957,8.0,1,20.0,20.0,50.0,2.0
2026-08-31 23:13:20.351342,s1,5:,96154,289,142842796,35560,153,Night,andm_inspired_rural,umzimvubu,119.524,0.0,8.217957,8.0,1,20.0,20.0,50.0,2.0
2026-08-31 23:13:20.351342,s1,LOCAL:,0,0,0,0,153,Night,andm_inspired_rural,umzimvubu,119.524,0.0,8.217957,8.0,1,20.0,20.0,50.0,2.0
2026-08-31 23:13:20.351342,s2,1:,126884,325,188803379,41667,153,Night,andm_inspired_rural,umzimvubu,119.524,0.0,8.217957,8.0,1,20.0,20.0,50.0,2.0
2026-08-31 23:13:20.351342,s2,2:,314,124282,40231,184725321,153,Night,andm_inspired_rural,umzimvubu,119.524,0.0,8.217957,8.0,1,20.0,20.0,50.0,2.0
2026-08-31 23:13:20.351342,s2,LOCAL:,0,0,0,0,153,Night,andm_inspired_rural,umzimvubu,119.524,0.0,8.217957,8.0,1,20.0,20.0,50.0,2.0
2026-08-31 23:13:20.351342,s3,1:,24618,298,36455380,33756,153,Night,andm_inspired_rural,umzimvubu,119.524,0.0,8.217957,8.0,1,20.0,20.0,50.0,2.0
2026-08-31 23:13:20.351342,s3,2:,293,24217,33028,35658204,153,Night,andm_inspired_rural,umzimvubu,119.524,0.0,8.217957,8.0,1,20.0,20.0,50.0,2.0
2026-08-31 23:13:20.351342,s3,LOCAL:,0,0,0,0,153,Night,andm_inspired_rural,umzimvubu,119.524,0.0,8.217957,8.0,1,20.0,20.0,50.0,2.0
2026-08-31 23:13:20.351342,s4,1:,158,289,14052,32962,153,Night,andm_inspired_rural,umzimvubu,119.524,0.0,8.217957,8.0,1,20.0,20.0,50.0,2.0
2026-08-31 23:13:20.351342,s4,2:,284,304,32397,34620,153,Night,andm_inspired_rural,umzimvubu,119.524,0.0,8.217957,8.0,1,20.0,20.0,50.0,2.0
2026-08-31 23:13:20.351342,s4,LOCAL:,0,0,0,0,153,Night,andm_inspired_rural,umzimvubu,119.524,0.0,8.217957,8.0,1,20.0,20.0,50.0,2.0
2026-08-31 23:13:20.351342,s5,1:,97966,295,145736770,36345,153,Night,andm_inspired_rural,umzimvubu,119.524,0.0,8.217957,8.0,1,20.0,20.0,50.0,2.0
2026-08-31 23:13:20.351342,s5,2:,289,96154,35560,142842796,153,Night,andm_inspired_rural,umzimvubu,119.524,0.0,8.217957,8.0,1,20.0,20.0,50.0,2.0
2026-08-31 23:13:20.351342,s5,LOCAL:,0,0,0,0,153,Night,andm_inspired_rural,umzimvubu,119.524,0.0,8.217957,8.0,1,20.0,20.0,50.0,2.0
2026-08-31 23:13:21.340862,s1,1:,484,164205,51992,243844568,154,Night,andm_inspired_rural,ntabankulu,120.671,0.0,8.16146,8.0,1,20.0,20.0,50.0,2.0
2026-08-31 23:13:21.340862,s1,2:,124282,314,184725321,40231,154,Night,andm_inspired_rural,ntabankulu,120.671,0.0,8.16146,8.0,1,20.0,20.0,50.0,2.0
2026-08-31 23:13:21.340862,s1,3:,24217,293,35658204,33028,154,Night,andm_inspired_rural,ntabankulu,120.671,0.0,8.16146,8.0,1,20.0,20.0,50.0,2.0
2026-08-31 23:13:21.340862,s1,4:,304,284,34620,32397,154,Night,andm_inspired_rural,ntabankulu,120.671,0.0,8.16146,8.0,1,20.0,20.0,50.0,2.0
2026-08-31 23:13:21.340862,s1,5:,96154,289,142842796,35560,154,Night,andm_inspired_rural,ntabankulu,120.671,0.0,8.16146,8.0,1,20.0,20.0,50.0,2.0
2026-08-31 23:13:21.340862,s1,LOCAL:,0,0,0,0,154,Night,andm_inspired_rural,ntabankulu,120.671,0.0,8.16146,8.0,1,20.0,20.0,50.0,2.0
2026-08-31 23:13:21.340862,s2,1:,126884,325,188803379,41667,154,Night,andm_inspired_rural,ntabankulu,120.671,0.0,8.16146,8.0,1,20.0,20.0,50.0,2.0
2026-08-31 23:13:21.340862,s2,2:,314,124282,40231,184725321,154,Night,andm_inspired_rural,ntabankulu,120.671,0.0,8.16146,8.0,1,20.0,20.0,50.0,2.0
2026-08-31 23:13:21.340862,s2,LOCAL:,0,0,0,0,154,Night,andm_inspired_rural,ntabankulu,120.671,0.0,8.16146,8.0,1,20.0,20.0,50.0,2.0
2026-08-31 23:13:21.340862,s3,1:,24618,298,36455380,33756,154,Night,andm_inspired_rural,ntabankulu,120.671,0.0,8.16146,8.0,1,20.0,20.0,50.0,2.0
2026-08-31 23:13:21.340862,s3,2:,293,24217,33028,35658204,154,Night,andm_inspired_rural,ntabankulu,120.671,0.0,8.16146,8.0,1,20.0,20.0,50.0,2.0
2026-08-31 23:13:21.340862,s3,LOCAL:,0,0,0,0,154,Night,andm_inspired_rural,ntabankulu,120.671,0.0,8.16146,8.0,1,20.0,20.0,50.0,2.0
2026-08-31 23:13:21.340862,s4,1:,158,289,14052,32962,154,Night,andm_inspired_rural,ntabankulu,120.671,0.0,8.16146,8.0,1,20.0,20.0,50.0,2.0
2026-08-31 23:13:21.340862,s4,2:,284,304,32397,34620,154,Night,andm_inspired_rural,ntabankulu,120.671,0.0,8.16146,8.0,1,20.0,20.0,50.0,2.0
2026-08-31 23:13:21.340862,s4,LOCAL:,0,0,0,0,154,Night,andm_inspired_rural,ntabankulu,120.671,0.0,8.16146,8.0,1,20.0,20.0,50.0,2.0
2026-08-31 23:13:21.340862,s5,1:,97966,295,145736770,36345,154,Night,andm_inspired_rural,ntabankulu,120.671,0.0,8.16146,8.0,1,20.0,20.0,50.0,2.0
2026-08-31 23:13:21.340862,s5,2:,289,96154,35560,142842796,154,Night,andm_inspired_rural,ntabankulu,120.671,0.0,8.16146,8.0,1,20.0,20.0,50.0,2.0
2026-08-31 23:13:21.340862,s5,LOCAL:,0,0,0,0,154,Night,andm_inspired_rural,ntabankulu,120.671,0.0,8.16146,8.0,1,20.0,20.0,50.0,2.0
2026-08-31 23:13:22.333757,s1,1:,484,164205,51992,243844568,155,Night,andm_inspired_rural,winnie,112.494,33.3333,7.878616,8.0,1,20.0,20.0,50.0,2.0
2026-08-31 23:13:22.333757,s1,2:,124282,314,184725321,40231,155,Night,andm_inspired_rural,winnie,112.494,33.3333,7.878616,8.0,1,20.0,20.0,50.0,2.0
2026-08-31 23:13:22.333757,s1,3:,24217,293,35658204,33028,155,Night,andm_inspired_rural,winnie,112.494,33.3333,7.878616,8.0,1,20.0,20.0,50.0,2.0
2026-08-31 23:13:22.333757,s1,4:,304,284,34620,32397,155,Night,andm_inspired_rural,winnie,112.494,33.3333,7.878616,8.0,1,20.0,20.0,50.0,2.0
2026-08-31 23:13:22.333757,s1,5:,96154,289,142842796,35560,155,Night,andm_inspired_rural,winnie,112.494,33.3333,7.878616,8.0,1,20.0,20.0,50.0,2.0
2026-08-31 23:13:22.333757,s1,LOCAL:,0,0,0,0,155,Night,andm_inspired_rural,winnie,112.494,33.3333,7.878616,8.0,1,20.0,20.0,50.0,2.0
2026-08-31 23:13:22.333757,s2,1:,126884,325,188803379,41667,155,Night,andm_inspired_rural,winnie,112.494,33.3333,7.878616,8.0,1,20.0,20.0,50.0,2.0
2026-08-31 23:13:22.333757,s2,2:,314,124282,40231,184725321,155,Night,andm_inspired_rural,winnie,112.494,33.3333,7.878616,8.0,1,20.0,20.0,50.0,2.0
2026-08-31 23:13:22.333757,s2,LOCAL:,0,0,0,0,155,Night,andm_inspired_rural,winnie,112.494,33.3333,7.878616,8.0,1,20.0,20.0,50.0,2.0
2026-08-31 23:13:22.333757,s3,1:,24618,298,36455380,33756,155,Night,andm_inspired_rural,winnie,112.494,33.3333,7.878616,8.0,1,20.0,20.0,50.0,2.0
2026-08-31 23:13:22.333757,s3,2:,293,24217,33028,35658204,155,Night,andm_inspired_rural,winnie,112.494,33.3333,7.878616,8.0,1,20.0,20.0,50.0,2.0
2026-08-31 23:13:22.333757,s3,LOCAL:,0,0,0,0,155,Night,andm_inspired_rural,winnie,112.494,33.3333,7.878616,8.0,1,20.0,20.0,50.0,2.0
2026-08-31 23:13:22.333757,s4,1:,158,289,14052,32962,155,Night,andm_inspired_rural,winnie,112.494,33.3333,7.878616,8.0,1,20.0,20.0,50.0,2.0
2026-08-31 23:13:22.333757,s4,2:,284,304,32397,34620,155,Night,andm_inspired_rural,winnie,112.494,33.3333,7.878616,8.0,1,20.0,20.0,50.0,2.0
2026-08-31 23:13:22.333757,s4,LOCAL:,0,0,0,0,155,Night,andm_inspired_rural,winnie,112.494,33.3333,7.878616,8.0,1,20.0,20.0,50.0,2.0
2026-08-31 23:13:22.333757,s5,1:,97966,295,145736770,36345,155,Night,andm_inspired_rural,winnie,112.494,33.3333,7.878616,8.0,1,20.0,20.0,50.0,2.0
2026-08-31 23:13:22.333757,s5,2:,289,96154,35560,142842796,155,Night,andm_inspired_rural,winnie,112.494,33.3333,7.878616,8.0,1,20.0,20.0,50.0,2.0
2026-08-31 23:13:22.333757,s5,LOCAL:,0,0,0,0,155,Night,andm_inspired_rural,winnie,112.494,33.3333,7.878616,8.0,1,20.0,20.0,50.0,2.0
2026-08-31 23:13:23.334108,s1,1:,503,167599,53714,248875206,156,Night,andm_inspired_rural,matatiele,106.617,0.0,7.524378,8.0,1,20.0,20.0,50.0,2.0
2026-08-31 23:13:23.334108,s1,2:,124290,320,184726131,40804,156,Night,andm_inspired_rural,matatiele,106.617,0.0,7.524378,8.0,1,20.0,20.0,50.0,2.0
2026-08-31 23:13:23.334108,s1,3:,27598,298,40689016,33600,156,Night,andm_inspired_rural,matatiele,106.617,0.0,7.524378,8.0,1,20.0,20.0,50.0,2.0
2026-08-31 23:13:23.334108,s1,4:,309,289,35192,32969,156,Night,andm_inspired_rural,matatiele,106.617,0.0,7.524378,8.0,1,20.0,20.0,50.0,2.0
2026-08-31 23:13:23.334108,s1,5:,96161,295,142843564,36230,156,Night,andm_inspired_rural,matatiele,106.617,0.0,7.524378,8.0,1,20.0,20.0,50.0,2.0
2026-08-31 23:13:23.334108,s1,LOCAL:,0,0,0,0,156,Night,andm_inspired_rural,matatiele,106.617,0.0,7.524378,8.0,1,20.0,20.0,50.0,2.0
2026-08-31 23:13:23.334108,s2,1:,126890,332,188803911,42379,156,Night,andm_inspired_rural,matatiele,106.617,0.0,7.524378,8.0,1,20.0,20.0,50.0,2.0
2026-08-31 23:13:23.334108,s2,2:,320,124290,40804,184726131,156,Night,andm_inspired_rural,matatiele,106.617,0.0,7.524378,8.0,1,20.0,20.0,50.0,2.0
2026-08-31 23:13:23.334108,s2,LOCAL:,0,0,0,0,156,Night,andm_inspired_rural,matatiele,106.617,0.0,7.524378,8.0,1,20.0,20.0,50.0,2.0
2026-08-31 23:13:23.334108,s3,1:,28076,303,41603624,34328,156,Night,andm_inspired_rural,matatiele,106.617,0.0,7.524378,8.0,1,20.0,20.0,50.0,2.0
2026-08-31 23:13:23.334108,s3,2:,298,27600,33600,40691996,156,Night,andm_inspired_rural,matatiele,106.617,0.0,7.524378,8.0,1,20.0,20.0,50.0,2.0
2026-08-31 23:13:23.334108,s3,LOCAL:,0,0,0,0,156,Night,andm_inspired_rural,matatiele,106.617,0.0,7.524378,8.0,1,20.0,20.0,50.0,2.0
2026-08-31 23:13:23.334108,s4,1:,161,294,14346,33534,156,Night,andm_inspired_rural,matatiele,106.617,0.0,7.524378,8.0,1,20.0,20.0,50.0,2.0
2026-08-31 23:13:23.334108,s4,2:,289,309,32969,35192,156,Night,andm_inspired_rural,matatiele,106.617,0.0,7.524378,8.0,1,20.0,20.0,50.0,2.0
2026-08-31 23:13:23.334108,s4,LOCAL:,0,0,0,0,156,Night,andm_inspired_rural,matatiele,106.617,0.0,7.524378,8.0,1,20.0,20.0,50.0,2.0
2026-08-31 23:13:23.334108,s5,1:,97970,301,145737162,37015,156,Night,andm_inspired_rural,matatiele,106.617,0.0,7.524378,8.0,1,20.0,20.0,50.0,2.0
2026-08-31 23:13:23.334108,s5,2:,295,96161,36230,142843564,156,Night,andm_inspired_rural,matatiele,106.617,0.0,7.524378,8.0,1,20.0,20.0,50.0,2.0
2026-08-31 23:13:23.334108,s5,LOCAL:,0,0,0,0,156,Night,andm_inspired_rural,matatiele,106.617,0.0,7.524378,8.0,1,20.0,20.0,50.0,2.0
2026-08-31 23:13:24.337151,s1,1:,503,167599,53714,248875206,157,Night,andm_inspired_rural,umzimvubu,125.916,0.0,8.640174,8.0,1,20.0,20.0,50.0,2.0
2026-08-31 23:13:24.337151,s1,2:,124290,320,184726131,40804,157,Night,andm_inspired_rural,umzimvubu,125.916,0.0,8.640174,8.0,1,20.0,20.0,50.0,2.0
2026-08-31 23:13:24.337151,s1,3:,27598,298,40689016,33600,157,Night,andm_inspired_rural,umzimvubu,125.916,0.0,8.640174,8.0,1,20.0,20.0,50.0,2.0
2026-08-31 23:13:24.337151,s1,4:,309,289,35192,32969,157,Night,andm_inspired_rural,umzimvubu,125.916,0.0,8.640174,8.0,1,20.0,20.0,50.0,2.0
2026-08-31 23:13:24.337151,s1,5:,96161,295,142843564,36230,157,Night,andm_inspired_rural,umzimvubu,125.916,0.0,8.640174,8.0,1,20.0,20.0,50.0,2.0
2026-08-31 23:13:24.337151,s1,LOCAL:,0,0,0,0,157,Night,andm_inspired_rural,umzimvubu,125.916,0.0,8.640174,8.0,1,20.0,20.0,50.0,2.0
2026-08-31 23:13:24.337151,s2,1:,126890,332,188803911,42379,157,Night,andm_inspired_rural,umzimvubu,125.916,0.0,8.640174,8.0,1,20.0,20.0,50.0,2.0
2026-08-31 23:13:24.337151,s2,2:,320,124290,40804,184726131,157,Night,andm_inspired_rural,umzimvubu,125.916,0.0,8.640174,8.0,1,20.0,20.0,50.0,2.0
2026-08-31 23:13:24.337151,s2,LOCAL:,0,0,0,0,157,Night,andm_inspired_rural,umzimvubu,125.916,0.0,8.640174,8.0,1,20.0,20.0,50.0,2.0
2026-08-31 23:13:24.337151,s3,1:,28076,303,41603624,34328,157,Night,andm_inspired_rural,umzimvubu,125.916,0.0,8.640174,8.0,1,20.0,20.0,50.0,2.0
2026-08-31 23:13:24.337151,s3,2:,298,27600,33600,40691996,157,Night,andm_inspired_rural,umzimvubu,125.916,0.0,8.640174,8.0,1,20.0,20.0,50.0,2.0
2026-08-31 23:13:24.337151,s3,LOCAL:,0,0,0,0,157,Night,andm_inspired_rural,umzimvubu,125.916,0.0,8.640174,8.0,1,20.0,20.0,50.0,2.0
2026-08-31 23:13:24.337151,s4,1:,161,294,14346,33534,157,Night,andm_inspired_rural,umzimvubu,125.916,0.0,8.640174,8.0,1,20.0,20.0,50.0,2.0
2026-08-31 23:13:24.337151,s4,2:,289,309,32969,35192,157,Night,andm_inspired_rural,umzimvubu,125.916,0.0,8.640174,8.0,1,20.0,20.0,50.0,2.0
2026-08-31 23:13:24.337151,s4,LOCAL:,0,0,0,0,157,Night,andm_inspired_rural,umzimvubu,125.916,0.0,8.640174,8.0,1,20.0,20.0,50.0,2.0
2026-08-31 23:13:24.337151,s5,1:,97970,301,145737162,37015,157,Night,andm_inspired_rural,umzimvubu,125.916,0.0,8.640174,8.0,1,20.0,20.0,50.0,2.0
2026-08-31 23:13:24.337151,s5,2:,295,96161,36230,142843564,157,Night,andm_inspired_rural,umzimvubu,125.916,0.0,8.640174,8.0,1,20.0,20.0,50.0,2.0
2026-08-31 23:13:24.337151,s5,LOCAL:,0,0,0,0,157,Night,andm_inspired_rural,umzimvubu,125.916,0.0,8.640174,8.0,1,20.0,20.0,50.0,2.0
2026-08-31 23:13:25.353135,s1,1:,503,167599,53714,248875206,158,Night,andm_inspired_rural,ntabankulu,142.729,0.0,7.804095,8.0,1,20.0,20.0,50.0,2.0
2026-08-31 23:13:25.353135,s1,2:,124290,320,184726131,40804,158,Night,andm_inspired_rural,ntabankulu,142.729,0.0,7.804095,8.0,1,20.0,20.0,50.0,2.0
2026-08-31 23:13:25.353135,s1,3:,27598,298,40689016,33600,158,Night,andm_inspired_rural,ntabankulu,142.729,0.0,7.804095,8.0,1,20.0,20.0,50.0,2.0
2026-08-31 23:13:25.353135,s1,4:,309,289,35192,32969,158,Night,andm_inspired_rural,ntabankulu,142.729,0.0,7.804095,8.0,1,20.0,20.0,50.0,2.0
2026-08-31 23:13:25.353135,s1,5:,96161,295,142843564,36230,158,Night,andm_inspired_rural,ntabankulu,142.729,0.0,7.804095,8.0,1,20.0,20.0,50.0,2.0
2026-08-31 23:13:25.353135,s1,LOCAL:,0,0,0,0,158,Night,andm_inspired_rural,ntabankulu,142.729,0.0,7.804095,8.0,1,20.0,20.0,50.0,2.0
2026-08-31 23:13:25.353135,s2,1:,126890,332,188803911,42379,158,Night,andm_inspired_rural,ntabankulu,142.729,0.0,7.804095,8.0,1,20.0,20.0,50.0,2.0
2026-08-31 23:13:25.353135,s2,2:,320,124290,40804,184726131,158,Night,andm_inspired_rural,ntabankulu,142.729,0.0,7.804095,8.0,1,20.0,20.0,50.0,2.0
2026-08-31 23:13:25.353135,s2,LOCAL:,0,0,0,0,158,Night,andm_inspired_rural,ntabankulu,142.729,0.0,7.804095,8.0,1,20.0,20.0,50.0,2.0
2026-08-31 23:13:25.353135,s3,1:,28076,303,41603624,34328,158,Night,andm_inspired_rural,ntabankulu,142.729,0.0,7.804095,8.0,1,20.0,20.0,50.0,2.0
2026-08-31 23:13:25.353135,s3,2:,298,27600,33600,40691996,158,Night,andm_inspired_rural,ntabankulu,142.729,0.0,7.804095,8.0,1,20.0,20.0,50.0,2.0
2026-08-31 23:13:25.353135,s3,LOCAL:,0,0,0,0,158,Night,andm_inspired_rural,ntabankulu,142.729,0.0,7.804095,8.0,1,20.0,20.0,50.0,2.0
2026-08-31 23:13:25.353135,s4,1:,161,294,14346,33534,158,Night,andm_inspired_rural,ntabankulu,142.729,0.0,7.804095,8.0,1,20.0,20.0,50.0,2.0
2026-08-31 23:13:25.353135,s4,2:,289,309,32969,35192,158,Night,andm_inspired_rural,ntabankulu,142.729,0.0,7.804095,8.0,1,20.0,20.0,50.0,2.0
2026-08-31 23:13:25.353135,s4,LOCAL:,0,0,0,0,158,Night,andm_inspired_rural,ntabankulu,142.729,0.0,7.804095,8.0,1,20.0,20.0,50.0,2.0
2026-08-31 23:13:25.353135,s5,1:,97970,301,145737162,37015,158,Night,andm_inspired_rural,ntabankulu,142.729,0.0,7.804095,8.0,1,20.0,20.0,50.0,2.0
2026-08-31 23:13:25.353135,s5,2:,295,96161,36230,142843564,158,Night,andm_inspired_rural,ntabankulu,142.729,0.0,7.804095,8.0,1,20.0,20.0,50.0,2.0
2026-08-31 23:13:25.353135,s5,LOCAL:,0,0,0,0,158,Night,andm_inspired_rural,ntabankulu,142.729,0.0,7.804095,8.0,1,20.0,20.0,50.0,2.0
2026-08-31 23:13:26.342698,s1,1:,503,167599,53714,248875206,159,Night,andm_inspired_rural,winnie,118.893,0.0,8.385725,8.0,1,20.0,20.0,50.0,2.0
2026-08-31 23:13:26.342698,s1,2:,124290,320,184726131,40804,159,Night,andm_inspired_rural,winnie,118.893,0.0,8.385725,8.0,1,20.0,20.0,50.0,2.0
2026-08-31 23:13:26.342698,s1,3:,27598,298,40689016,33600,159,Night,andm_inspired_rural,winnie,118.893,0.0,8.385725,8.0,1,20.0,20.0,50.0,2.0
2026-08-31 23:13:26.342698,s1,4:,309,289,35192,32969,159,Night,andm_inspired_rural,winnie,118.893,0.0,8.385725,8.0,1,20.0,20.0,50.0,2.0
2026-08-31 23:13:26.342698,s1,5:,96161,295,142843564,36230,159,Night,andm_inspired_rural,winnie,118.893,0.0,8.385725,8.0,1,20.0,20.0,50.0,2.0
2026-08-31 23:13:26.342698,s1,LOCAL:,0,0,0,0,159,Night,andm_inspired_rural,winnie,118.893,0.0,8.385725,8.0,1,20.0,20.0,50.0,2.0
2026-08-31 23:13:26.342698,s2,1:,126890,332,188803911,42379,159,Night,andm_inspired_rural,winnie,118.893,0.0,8.385725,8.0,1,20.0,20.0,50.0,2.0
2026-08-31 23:13:26.342698,s2,2:,320,124290,40804,184726131,159,Night,andm_inspired_rural,winnie,118.893,0.0,8.385725,8.0,1,20.0,20.0,50.0,2.0
2026-08-31 23:13:26.342698,s2,LOCAL:,0,0,0,0,159,Night,andm_inspired_rural,winnie,118.893,0.0,8.385725,8.0,1,20.0,20.0,50.0,2.0
2026-08-31 23:13:26.342698,s3,1:,28076,303,41603624,34328,159,Night,andm_inspired_rural,winnie,118.893,0.0,8.385725,8.0,1,20.0,20.0,50.0,2.0
2026-08-31 23:13:26.342698,s3,2:,298,27600,33600,40691996,159,Night,andm_inspired_rural,winnie,118.893,0.0,8.385725,8.0,1,20.0,20.0,50.0,2.0
2026-08-31 23:13:26.342698,s3,LOCAL:,0,0,0,0,159,Night,andm_inspired_rural,winnie,118.893,0.0,8.385725,8.0,1,20.0,20.0,50.0,2.0
2026-08-31 23:13:26.342698,s4,1:,161,294,14346,33534,159,Night,andm_inspired_rural,winnie,118.893,0.0,8.385725,8.0,1,20.0,20.0,50.0,2.0
2026-08-31 23:13:26.342698,s4,2:,289,309,32969,35192,159,Night,andm_inspired_rural,winnie,118.893,0.0,8.385725,8.0,1,20.0,20.0,50.0,2.0
2026-08-31 23:13:26.342698,s4,LOCAL:,0,0,0,0,159,Night,andm_inspired_rural,winnie,118.893,0.0,8.385725,8.0,1,20.0,20.0,50.0,2.0
2026-08-31 23:13:26.342698,s5,1:,97970,301,145737162,37015,159,Night,andm_inspired_rural,winnie,118.893,0.0,8.385725,8.0,1,20.0,20.0,50.0,2.0
2026-08-31 23:13:26.342698,s5,2:,295,96161,36230,142843564,159,Night,andm_inspired_rural,winnie,118.893,0.0,8.385725,8.0,1,20.0,20.0,50.0,2.0
2026-08-31 23:13:26.342698,s5,LOCAL:,0,0,0,0,159,Night,andm_inspired_rural,winnie,118.893,0.0,8.385725,8.0,1,20.0,20.0,50.0,2.0
2026-08-31 23:13:27.334050,s1,1:,503,167599,53714,248875206,160,Night,andm_inspired_rural,matatiele,121.878,0.0,7.948897,8.0,1,20.0,20.0,50.0,2.0
2026-08-31 23:13:27.334050,s1,2:,124290,320,184726131,40804,160,Night,andm_inspired_rural,matatiele,121.878,0.0,7.948897,8.0,1,20.0,20.0,50.0,2.0
2026-08-31 23:13:27.334050,s1,3:,27598,298,40689016,33600,160,Night,andm_inspired_rural,matatiele,121.878,0.0,7.948897,8.0,1,20.0,20.0,50.0,2.0
2026-08-31 23:13:27.334050,s1,4:,309,289,35192,32969,160,Night,andm_inspired_rural,matatiele,121.878,0.0,7.948897,8.0,1,20.0,20.0,50.0,2.0
2026-08-31 23:13:27.334050,s1,5:,96161,295,142843564,36230,160,Night,andm_inspired_rural,matatiele,121.878,0.0,7.948897,8.0,1,20.0,20.0,50.0,2.0
2026-08-31 23:13:27.334050,s1,LOCAL:,0,0,0,0,160,Night,andm_inspired_rural,matatiele,121.878,0.0,7.948897,8.0,1,20.0,20.0,50.0,2.0
2026-08-31 23:13:27.334050,s2,1:,126890,332,188803911,42379,160,Night,andm_inspired_rural,matatiele,121.878,0.0,7.948897,8.0,1,20.0,20.0,50.0,2.0
2026-08-31 23:13:27.334050,s2,2:,320,124290,40804,184726131,160,Night,andm_inspired_rural,matatiele,121.878,0.0,7.948897,8.0,1,20.0,20.0,50.0,2.0
2026-08-31 23:13:27.334050,s2,LOCAL:,0,0,0,0,160,Night,andm_inspired_rural,matatiele,121.878,0.0,7.948897,8.0,1,20.0,20.0,50.0,2.0
2026-08-31 23:13:27.334050,s3,1:,28076,303,41603624,34328,160,Night,andm_inspired_rural,matatiele,121.878,0.0,7.948897,8.0,1,20.0,20.0,50.0,2.0
2026-08-31 23:13:27.334050,s3,2:,298,27600,33600,40691996,160,Night,andm_inspired_rural,matatiele,121.878,0.0,7.948897,8.0,1,20.0,20.0,50.0,2.0
2026-08-31 23:13:27.334050,s3,LOCAL:,0,0,0,0,160,Night,andm_inspired_rural,matatiele,121.878,0.0,7.948897,8.0,1,20.0,20.0,50.0,2.0
2026-08-31 23:13:27.334050,s4,1:,161,294,14346,33534,160,Night,andm_inspired_rural,matatiele,121.878,0.0,7.948897,8.0,1,20.0,20.0,50.0,2.0
2026-08-31 23:13:27.334050,s4,2:,289,309,32969,35192,160,Night,andm_inspired_rural,matatiele,121.878,0.0,7.948897,8.0,1,20.0,20.0,50.0,2.0
2026-08-31 23:13:27.334050,s4,LOCAL:,0,0,0,0,160,Night,andm_inspired_rural,matatiele,121.878,0.0,7.948897,8.0,1,20.0,20.0,50.0,2.0
2026-08-31 23:13:27.334050,s5,1:,97970,301,145737162,37015,160,Night,andm_inspired_rural,matatiele,121.878,0.0,7.948897,8.0,1,20.0,20.0,50.0,2.0
2026-08-31 23:13:27.334050,s5,2:,295,96161,36230,142843564,160,Night,andm_inspired_rural,matatiele,121.878,0.0,7.948897,8.0,1,20.0,20.0,50.0,2.0
2026-08-31 23:13:27.334050,s5,LOCAL:,0,0,0,0,160,Night,andm_inspired_rural,matatiele,121.878,0.0,7.948897,8.0,1,20.0,20.0,50.0,2.0
2026-08-31 23:13:28.418865,s1,1:,519,170995,55226,253906066,161,Night,andm_inspired_rural,umzimvubu,121.433,0.0,8.103917,8.0,1,20.0,20.0,50.0,2.0
2026-08-31 23:13:28.418865,s1,2:,124298,328,184727079,41711,161,Night,andm_inspired_rural,umzimvubu,121.433,0.0,8.103917,8.0,1,20.0,20.0,50.0,2.0
2026-08-31 23:13:28.418865,s1,3:,30980,307,45714384,34590,161,Night,andm_inspired_rural,umzimvubu,121.433,0.0,8.103917,8.0,1,20.0,20.0,50.0,2.0
2026-08-31 23:13:28.418865,s1,4:,316,296,36042,33819,161,Night,andm_inspired_rural,umzimvubu,121.433,0.0,8.103917,8.0,1,20.0,20.0,50.0,2.0
2026-08-31 23:13:28.418865,s1,5:,96169,303,142844456,37122,161,Night,andm_inspired_rural,umzimvubu,121.433,0.0,8.103917,8.0,1,20.0,20.0,50.0,2.0
2026-08-31 23:13:28.418865,s1,LOCAL:,0,0,0,0,161,Night,andm_inspired_rural,umzimvubu,121.433,0.0,8.103917,8.0,1,20.0,20.0,50.0,2.0
2026-08-31 23:13:28.418865,s2,1:,126894,341,188804303,43425,161,Night,andm_inspired_rural,umzimvubu,121.433,0.0,8.103917,8.0,1,20.0,20.0,50.0,2.0
2026-08-31 23:13:28.418865,s2,2:,328,124298,41711,184727079,161,Night,andm_inspired_rural,umzimvubu,121.433,0.0,8.103917,8.0,1,20.0,20.0,50.0,2.0
2026-08-31 23:13:28.418865,s2,LOCAL:,0,0,0,0,161,Night,andm_inspired_rural,umzimvubu,121.433,0.0,8.103917,8.0,1,20.0,20.0,50.0,2.0
2026-08-31 23:13:28.418865,s3,1:,31530,312,46741676,35318,161,Night,andm_inspired_rural,umzimvubu,121.433,0.0,8.103917,8.0,1,20.0,20.0,50.0,2.0
2026-08-31 23:13:28.418865,s3,2:,307,30980,34590,45714384,161,Night,andm_inspired_rural,umzimvubu,121.433,0.0,8.103917,8.0,1,20.0,20.0,50.0,2.0
2026-08-31 23:13:28.418865,s3,LOCAL:,0,0,0,0,161,Night,andm_inspired_rural,umzimvubu,121.433,0.0,8.103917,8.0,1,20.0,20.0,50.0,2.0
2026-08-31 23:13:28.418865,s4,1:,164,301,14640,34384,161,Night,andm_inspired_rural,umzimvubu,121.433,0.0,8.103917,8.0,1,20.0,20.0,50.0,2.0
2026-08-31 23:13:28.418865,s4,2:,296,316,33819,36042,161,Night,andm_inspired_rural,umzimvubu,121.433,0.0,8.103917,8.0,1,20.0,20.0,50.0,2.0
2026-08-31 23:13:28.418865,s4,LOCAL:,0,0,0,0,161,Night,andm_inspired_rural,umzimvubu,121.433,0.0,8.103917,8.0,1,20.0,20.0,50.0,2.0
2026-08-31 23:13:28.418865,s5,1:,97974,309,145737498,37907,161,Night,andm_inspired_rural,umzimvubu,121.433,0.0,8.103917,8.0,1,20.0,20.0,50.0,2.0
2026-08-31 23:13:28.418865,s5,2:,303,96169,37122,142844456,161,Night,andm_inspired_rural,umzimvubu,121.433,0.0,8.103917,8.0,1,20.0,20.0,50.0,2.0
2026-08-31 23:13:28.418865,s5,LOCAL:,0,0,0,0,161,Night,andm_inspired_rural,umzimvubu,121.433,0.0,8.103917,8.0,1,20.0,20.0,50.0,2.0
2026-08-31 23:13:29.340102,s1,1:,519,170995,55226,253906066,162,Night,andm_inspired_rural,ntabankulu,137.729,0.0,8.077215,8.0,1,20.0,20.0,50.0,2.0
2026-08-31 23:13:29.340102,s1,2:,124298,328,184727079,41711,162,Night,andm_inspired_rural,ntabankulu,137.729,0.0,8.077215,8.0,1,20.0,20.0,50.0,2.0
2026-08-31 23:13:29.340102,s1,3:,30980,307,45714384,34590,162,Night,andm_inspired_rural,ntabankulu,137.729,0.0,8.077215,8.0,1,20.0,20.0,50.0,2.0
2026-08-31 23:13:29.340102,s1,4:,316,296,36042,33819,162,Night,andm_inspired_rural,ntabankulu,137.729,0.0,8.077215,8.0,1,20.0,20.0,50.0,2.0
2026-08-31 23:13:29.340102,s1,5:,96169,303,142844456,37122,162,Night,andm_inspired_rural,ntabankulu,137.729,0.0,8.077215,8.0,1,20.0,20.0,50.0,2.0
2026-08-31 23:13:29.340102,s1,LOCAL:,0,0,0,0,162,Night,andm_inspired_rural,ntabankulu,137.729,0.0,8.077215,8.0,1,20.0,20.0,50.0,2.0
2026-08-31 23:13:29.340102,s2,1:,126894,341,188804303,43425,162,Night,andm_inspired_rural,ntabankulu,137.729,0.0,8.077215,8.0,1,20.0,20.0,50.0,2.0
2026-08-31 23:13:29.340102,s2,2:,328,124298,41711,184727079,162,Night,andm_inspired_rural,ntabankulu,137.729,0.0,8.077215,8.0,1,20.0,20.0,50.0,2.0
2026-08-31 23:13:29.340102,s2,LOCAL:,0,0,0,0,162,Night,andm_inspired_rural,ntabankulu,137.729,0.0,8.077215,8.0,1,20.0,20.0,50.0,2.0
2026-08-31 23:13:29.340102,s3,1:,31530,312,46741676,35318,162,Night,andm_inspired_rural,ntabankulu,137.729,0.0,8.077215,8.0,1,20.0,20.0,50.0,2.0
2026-08-31 23:13:29.340102,s3,2:,307,30980,34590,45714384,162,Night,andm_inspired_rural,ntabankulu,137.729,0.0,8.077215,8.0,1,20.0,20.0,50.0,2.0
2026-08-31 23:13:29.340102,s3,LOCAL:,0,0,0,0,162,Night,andm_inspired_rural,ntabankulu,137.729,0.0,8.077215,8.0,1,20.0,20.0,50.0,2.0
2026-08-31 23:13:29.340102,s4,1:,164,301,14640,34384,162,Night,andm_inspired_rural,ntabankulu,137.729,0.0,8.077215,8.0,1,20.0,20.0,50.0,2.0
2026-08-31 23:13:29.340102,s4,2:,296,316,33819,36042,162,Night,andm_inspired_rural,ntabankulu,137.729,0.0,8.077215,8.0,1,20.0,20.0,50.0,2.0
2026-08-31 23:13:29.340102,s4,LOCAL:,0,0,0,0,162,Night,andm_inspired_rural,ntabankulu,137.729,0.0,8.077215,8.0,1,20.0,20.0,50.0,2.0
2026-08-31 23:13:29.340102,s5,1:,97974,309,145737498,37907,162,Night,andm_inspired_rural,ntabankulu,137.729,0.0,8.077215,8.0,1,20.0,20.0,50.0,2.0
2026-08-31 23:13:29.340102,s5,2:,303,96169,37122,142844456,162,Night,andm_inspired_rural,ntabankulu,137.729,0.0,8.077215,8.0,1,20.0,20.0,50.0,2.0
2026-08-31 23:13:29.340102,s5,LOCAL:,0,0,0,0,162,Night,andm_inspired_rural,ntabankulu,137.729,0.0,8.077215,8.0,1,20.0,20.0,50.0,2.0
2026-08-31 23:13:30.336973,s1,1:,519,170995,55226,253906066,163,Night,andm_inspired_rural,winnie,131.422,0.0,7.912806,8.0,1,20.0,20.0,50.0,2.0
2026-08-31 23:13:30.336973,s1,2:,124298,328,184727079,41711,163,Night,andm_inspired_rural,winnie,131.422,0.0,7.912806,8.0,1,20.0,20.0,50.0,2.0
2026-08-31 23:13:30.336973,s1,3:,30980,307,45714384,34590,163,Night,andm_inspired_rural,winnie,131.422,0.0,7.912806,8.0,1,20.0,20.0,50.0,2.0
2026-08-31 23:13:30.336973,s1,4:,316,296,36042,33819,163,Night,andm_inspired_rural,winnie,131.422,0.0,7.912806,8.0,1,20.0,20.0,50.0,2.0
2026-08-31 23:13:30.336973,s1,5:,96169,303,142844456,37122,163,Night,andm_inspired_rural,winnie,131.422,0.0,7.912806,8.0,1,20.0,20.0,50.0,2.0
2026-08-31 23:13:30.336973,s1,LOCAL:,0,0,0,0,163,Night,andm_inspired_rural,winnie,131.422,0.0,7.912806,8.0,1,20.0,20.0,50.0,2.0
2026-08-31 23:13:30.336973,s2,1:,126894,341,188804303,43425,163,Night,andm_inspired_rural,winnie,131.422,0.0,7.912806,8.0,1,20.0,20.0,50.0,2.0
2026-08-31 23:13:30.336973,s2,2:,328,124298,41711,184727079,163,Night,andm_inspired_rural,winnie,131.422,0.0,7.912806,8.0,1,20.0,20.0,50.0,2.0
2026-08-31 23:13:30.336973,s2,LOCAL:,0,0,0,0,163,Night,andm_inspired_rural,winnie,131.422,0.0,7.912806,8.0,1,20.0,20.0,50.0,2.0
2026-08-31 23:13:30.336973,s3,1:,31530,312,46741676,35318,163,Night,andm_inspired_rural,winnie,131.422,0.0,7.912806,8.0,1,20.0,20.0,50.0,2.0
2026-08-31 23:13:30.336973,s3,2:,307,30980,34590,45714384,163,Night,andm_inspired_rural,winnie,131.422,0.0,7.912806,8.0,1,20.0,20.0,50.0,2.0
2026-08-31 23:13:30.336973,s3,LOCAL:,0,0,0,0,163,Night,andm_inspired_rural,winnie,131.422,0.0,7.912806,8.0,1,20.0,20.0,50.0,2.0
2026-08-31 23:13:30.336973,s4,1:,164,301,14640,34384,163,Night,andm_inspired_rural,winnie,131.422,0.0,7.912806,8.0,1,20.0,20.0,50.0,2.0
2026-08-31 23:13:30.336973,s4,2:,296,316,33819,36042,163,Night,andm_inspired_rural,winnie,131.422,0.0,7.912806,8.0,1,20.0,20.0,50.0,2.0
2026-08-31 23:13:30.336973,s4,LOCAL:,0,0,0,0,163,Night,andm_inspired_rural,winnie,131.422,0.0,7.912806,8.0,1,20.0,20.0,50.0,2.0
2026-08-31 23:13:30.336973,s5,1:,97974,309,145737498,37907,163,Night,andm_inspired_rural,winnie,131.422,0.0,7.912806,8.0,1,20.0,20.0,50.0,2.0
2026-08-31 23:13:30.336973,s5,2:,303,96169,37122,142844456,163,Night,andm_inspired_rural,winnie,131.422,0.0,7.912806,8.0,1,20.0,20.0,50.0,2.0
2026-08-31 23:13:30.336973,s5,LOCAL:,0,0,0,0,163,Night,andm_inspired_rural,winnie,131.422,0.0,7.912806,8.0,1,20.0,20.0,50.0,2.0
2026-08-31 23:13:31.336453,s1,1:,519,170995,55226,253906066,164,Night,andm_inspired_rural,matatiele,125.649,0.0,7.863188,8.0,1,20.0,20.0,50.0,2.0
2026-08-31 23:13:31.336453,s1,2:,124298,328,184727079,41711,164,Night,andm_inspired_rural,matatiele,125.649,0.0,7.863188,8.0,1,20.0,20.0,50.0,2.0
2026-08-31 23:13:31.336453,s1,3:,30980,307,45714384,34590,164,Night,andm_inspired_rural,matatiele,125.649,0.0,7.863188,8.0,1,20.0,20.0,50.0,2.0
2026-08-31 23:13:31.336453,s1,4:,316,296,36042,33819,164,Night,andm_inspired_rural,matatiele,125.649,0.0,7.863188,8.0,1,20.0,20.0,50.0,2.0
2026-08-31 23:13:31.336453,s1,5:,96169,303,142844456,37122,164,Night,andm_inspired_rural,matatiele,125.649,0.0,7.863188,8.0,1,20.0,20.0,50.0,2.0
2026-08-31 23:13:31.336453,s1,LOCAL:,0,0,0,0,164,Night,andm_inspired_rural,matatiele,125.649,0.0,7.863188,8.0,1,20.0,20.0,50.0,2.0
2026-08-31 23:13:31.336453,s2,1:,126894,341,188804303,43425,164,Night,andm_inspired_rural,matatiele,125.649,0.0,7.863188,8.0,1,20.0,20.0,50.0,2.0
2026-08-31 23:13:31.336453,s2,2:,328,124298,41711,184727079,164,Night,andm_inspired_rural,matatiele,125.649,0.0,7.863188,8.0,1,20.0,20.0,50.0,2.0
2026-08-31 23:13:31.336453,s2,LOCAL:,0,0,0,0,164,Night,andm_inspired_rural,matatiele,125.649,0.0,7.863188,8.0,1,20.0,20.0,50.0,2.0
2026-08-31 23:13:31.336453,s3,1:,31530,312,46741676,35318,164,Night,andm_inspired_rural,matatiele,125.649,0.0,7.863188,8.0,1,20.0,20.0,50.0,2.0
2026-08-31 23:13:31.336453,s3,2:,307,30980,34590,45714384,164,Night,andm_inspired_rural,matatiele,125.649,0.0,7.863188,8.0,1,20.0,20.0,50.0,2.0
2026-08-31 23:13:31.336453,s3,LOCAL:,0,0,0,0,164,Night,andm_inspired_rural,matatiele,125.649,0.0,7.863188,8.0,1,20.0,20.0,50.0,2.0
2026-08-31 23:13:31.336453,s4,1:,164,301,14640,34384,164,Night,andm_inspired_rural,matatiele,125.649,0.0,7.863188,8.0,1,20.0,20.0,50.0,2.0
2026-08-31 23:13:31.336453,s4,2:,296,316,33819,36042,164,Night,andm_inspired_rural,matatiele,125.649,0.0,7.863188,8.0,1,20.0,20.0,50.0,2.0
2026-08-31 23:13:31.336453,s4,LOCAL:,0,0,0,0,164,Night,andm_inspired_rural,matatiele,125.649,0.0,7.863188,8.0,1,20.0,20.0,50.0,2.0
2026-08-31 23:13:31.336453,s5,1:,97974,309,145737498,37907,164,Night,andm_inspired_rural,matatiele,125.649,0.0,7.863188,8.0,1,20.0,20.0,50.0,2.0
2026-08-31 23:13:31.336453,s5,2:,303,96169,37122,142844456,164,Night,andm_inspired_rural,matatiele,125.649,0.0,7.863188,8.0,1,20.0,20.0,50.0,2.0
2026-08-31 23:13:31.336453,s5,LOCAL:,0,0,0,0,164,Night,andm_inspired_rural,matatiele,125.649,0.0,7.863188,8.0,1,20.0,20.0,50.0,2.0
2026-08-31 23:13:32.333351,s1,1:,519,170995,55226,253906066,165,Night,andm_inspired_rural,umzimvubu,126.758,33.3333,8.201779,8.0,1,20.0,20.0,50.0,2.0
2026-08-31 23:13:32.333351,s1,2:,124298,328,184727079,41711,165,Night,andm_inspired_rural,umzimvubu,126.758,33.3333,8.201779,8.0,1,20.0,20.0,50.0,2.0
2026-08-31 23:13:32.333351,s1,3:,30980,307,45714384,34590,165,Night,andm_inspired_rural,umzimvubu,126.758,33.3333,8.201779,8.0,1,20.0,20.0,50.0,2.0
2026-08-31 23:13:32.333351,s1,4:,316,296,36042,33819,165,Night,andm_inspired_rural,umzimvubu,126.758,33.3333,8.201779,8.0,1,20.0,20.0,50.0,2.0
2026-08-31 23:13:32.333351,s1,5:,96169,303,142844456,37122,165,Night,andm_inspired_rural,umzimvubu,126.758,33.3333,8.201779,8.0,1,20.0,20.0,50.0,2.0
2026-08-31 23:13:32.333351,s1,LOCAL:,0,0,0,0,165,Night,andm_inspired_rural,umzimvubu,126.758,33.3333,8.201779,8.0,1,20.0,20.0,50.0,2.0
2026-08-31 23:13:32.333351,s2,1:,126894,341,188804303,43425,165,Night,andm_inspired_rural,umzimvubu,126.758,33.3333,8.201779,8.0,1,20.0,20.0,50.0,2.0
2026-08-31 23:13:32.333351,s2,2:,328,124298,41711,184727079,165,Night,andm_inspired_rural,umzimvubu,126.758,33.3333,8.201779,8.0,1,20.0,20.0,50.0,2.0
2026-08-31 23:13:32.333351,s2,LOCAL:,0,0,0,0,165,Night,andm_inspired_rural,umzimvubu,126.758,33.3333,8.201779,8.0,1,20.0,20.0,50.0,2.0
2026-08-31 23:13:32.333351,s3,1:,31530,312,46741676,35318,165,Night,andm_inspired_rural,umzimvubu,126.758,33.3333,8.201779,8.0,1,20.0,20.0,50.0,2.0
2026-08-31 23:13:32.333351,s3,2:,307,30980,34590,45714384,165,Night,andm_inspired_rural,umzimvubu,126.758,33.3333,8.201779,8.0,1,20.0,20.0,50.0,2.0
2026-08-31 23:13:32.333351,s3,LOCAL:,0,0,0,0,165,Night,andm_inspired_rural,umzimvubu,126.758,33.3333,8.201779,8.0,1,20.0,20.0,50.0,2.0
2026-08-31 23:13:32.333351,s4,1:,164,301,14640,34384,165,Night,andm_inspired_rural,umzimvubu,126.758,33.3333,8.201779,8.0,1,20.0,20.0,50.0,2.0
2026-08-31 23:13:32.333351,s4,2:,296,316,33819,36042,165,Night,andm_inspired_rural,umzimvubu,126.758,33.3333,8.201779,8.0,1,20.0,20.0,50.0,2.0
2026-08-31 23:13:32.333351,s4,LOCAL:,0,0,0,0,165,Night,andm_inspired_rural,umzimvubu,126.758,33.3333,8.201779,8.0,1,20.0,20.0,50.0,2.0
2026-08-31 23:13:32.333351,s5,1:,97974,309,145737498,37907,165,Night,andm_inspired_rural,umzimvubu,126.758,33.3333,8.201779,8.0,1,20.0,20.0,50.0,2.0
2026-08-31 23:13:32.333351,s5,2:,303,96169,37122,142844456,165,Night,andm_inspired_rural,umzimvubu,126.758,33.3333,8.201779,8.0,1,20.0,20.0,50.0,2.0
2026-08-31 23:13:32.333351,s5,LOCAL:,0,0,0,0,165,Night,andm_inspired_rural,umzimvubu,126.758,33.3333,8.201779,8.0,1,20.0,20.0,50.0,2.0
2026-08-31 23:13:33.369571,s1,1:,534,174418,56640,258979996,166,Night,andm_inspired_rural,ntabankulu,111.0,0.0,8.195807,8.0,1,20.0,20.0,50.0,2.0
2026-08-31 23:13:33.369571,s1,2:,124305,335,184727929,42561,166,Night,andm_inspired_rural,ntabankulu,111.0,0.0,8.195807,8.0,1,20.0,20.0,50.0,2.0
2026-08-31 23:13:33.369571,s1,3:,34392,316,50787236,35580,166,Night,andm_inspired_rural,ntabankulu,111.0,0.0,8.195807,8.0,1,20.0,20.0,50.0,2.0
2026-08-31 23:13:33.369571,s1,4:,325,305,37088,34865,166,Night,andm_inspired_rural,ntabankulu,111.0,0.0,8.195807,8.0,1,20.0,20.0,50.0,2.0
2026-08-31 23:13:33.369571,s1,5:,96176,310,142845306,37972,166,Night,andm_inspired_rural,ntabankulu,111.0,0.0,8.195807,8.0,1,20.0,20.0,50.0,2.0
2026-08-31 23:13:33.369571,s1,LOCAL:,0,0,0,0,166,Night,andm_inspired_rural,ntabankulu,111.0,0.0,8.195807,8.0,1,20.0,20.0,50.0,2.0
2026-08-31 23:13:33.369571,s2,1:,126897,348,188804597,44275,166,Night,andm_inspired_rural,ntabankulu,111.0,0.0,8.195807,8.0,1,20.0,20.0,50.0,2.0
2026-08-31 23:13:33.369571,s2,2:,335,124305,42561,184727929,166,Night,andm_inspired_rural,ntabankulu,111.0,0.0,8.195807,8.0,1,20.0,20.0,50.0,2.0
2026-08-31 23:13:33.369571,s2,LOCAL:,0,0,0,0,166,Night,andm_inspired_rural,ntabankulu,111.0,0.0,8.195807,8.0,1,20.0,20.0,50.0,2.0
2026-08-31 23:13:33.369571,s3,1:,35001,321,51906450,36308,166,Night,andm_inspired_rural,ntabankulu,111.0,0.0,8.195807,8.0,1,20.0,20.0,50.0,2.0
2026-08-31 23:13:33.369571,s3,2:,316,34392,35580,50787236,166,Night,andm_inspired_rural,ntabankulu,111.0,0.0,8.195807,8.0,1,20.0,20.0,50.0,2.0
2026-08-31 23:13:33.369571,s3,LOCAL:,0,0,0,0,166,Night,andm_inspired_rural,ntabankulu,111.0,0.0,8.195807,8.0,1,20.0,20.0,50.0,2.0
2026-08-31 23:13:33.369571,s4,1:,169,310,15130,35430,166,Night,andm_inspired_rural,ntabankulu,111.0,0.0,8.195807,8.0,1,20.0,20.0,50.0,2.0
2026-08-31 23:13:33.369571,s4,2:,305,325,34865,37088,166,Night,andm_inspired_rural,ntabankulu,111.0,0.0,8.195807,8.0,1,20.0,20.0,50.0,2.0
2026-08-31 23:13:33.369571,s4,LOCAL:,0,0,0,0,166,Night,andm_inspired_rural,ntabankulu,111.0,0.0,8.195807,8.0,1,20.0,20.0,50.0,2.0
2026-08-31 23:13:33.369571,s5,1:,97977,316,145737792,38757,166,Night,andm_inspired_rural,ntabankulu,111.0,0.0,8.195807,8.0,1,20.0,20.0,50.0,2.0
2026-08-31 23:13:33.369571,s5,2:,310,96176,37972,142845306,166,Night,andm_inspired_rural,ntabankulu,111.0,0.0,8.195807,8.0,1,20.0,20.0,50.0,2.0
2026-08-31 23:13:33.369571,s5,LOCAL:,0,0,0,0,166,Night,andm_inspired_rural,ntabankulu,111.0,0.0,8.195807,8.0,1,20.0,20.0,50.0,2.0
2026-08-31 23:13:34.335407,s1,1:,534,174418,56640,258979996,167,Night,andm_inspired_rural,winnie,133.643,0.0,7.693492,8.0,1,20.0,20.0,50.0,2.0
2026-08-31 23:13:34.335407,s1,2:,124305,335,184727929,42561,167,Night,andm_inspired_rural,winnie,133.643,0.0,7.693492,8.0,1,20.0,20.0,50.0,2.0
2026-08-31 23:13:34.335407,s1,3:,34392,316,50787236,35580,167,Night,andm_inspired_rural,winnie,133.643,0.0,7.693492,8.0,1,20.0,20.0,50.0,2.0
2026-08-31 23:13:34.335407,s1,4:,325,305,37088,34865,167,Night,andm_inspired_rural,winnie,133.643,0.0,7.693492,8.0,1,20.0,20.0,50.0,2.0
2026-08-31 23:13:34.335407,s1,5:,96176,310,142845306,37972,167,Night,andm_inspired_rural,winnie,133.643,0.0,7.693492,8.0,1,20.0,20.0,50.0,2.0
2026-08-31 23:13:34.335407,s1,LOCAL:,0,0,0,0,167,Night,andm_inspired_rural,winnie,133.643,0.0,7.693492,8.0,1,20.0,20.0,50.0,2.0
2026-08-31 23:13:34.335407,s2,1:,126897,348,188804597,44275,167,Night,andm_inspired_rural,winnie,133.643,0.0,7.693492,8.0,1,20.0,20.0,50.0,2.0
2026-08-31 23:13:34.335407,s2,2:,335,124305,42561,184727929,167,Night,andm_inspired_rural,winnie,133.643,0.0,7.693492,8.0,1,20.0,20.0,50.0,2.0
2026-08-31 23:13:34.335407,s2,LOCAL:,0,0,0,0,167,Night,andm_inspired_rural,winnie,133.643,0.0,7.693492,8.0,1,20.0,20.0,50.0,2.0
2026-08-31 23:13:34.335407,s3,1:,35001,321,51906450,36308,167,Night,andm_inspired_rural,winnie,133.643,0.0,7.693492,8.0,1,20.0,20.0,50.0,2.0
2026-08-31 23:13:34.335407,s3,2:,316,34392,35580,50787236,167,Night,andm_inspired_rural,winnie,133.643,0.0,7.693492,8.0,1,20.0,20.0,50.0,2.0
2026-08-31 23:13:34.335407,s3,LOCAL:,0,0,0,0,167,Night,andm_inspired_rural,winnie,133.643,0.0,7.693492,8.0,1,20.0,20.0,50.0,2.0
2026-08-31 23:13:34.335407,s4,1:,169,310,15130,35430,167,Night,andm_inspired_rural,winnie,133.643,0.0,7.693492,8.0,1,20.0,20.0,50.0,2.0
2026-08-31 23:13:34.335407,s4,2:,305,325,34865,37088,167,Night,andm_inspired_rural,winnie,133.643,0.0,7.693492,8.0,1,20.0,20.0,50.0,2.0
2026-08-31 23:13:34.335407,s4,LOCAL:,0,0,0,0,167,Night,andm_inspired_rural,winnie,133.643,0.0,7.693492,8.0,1,20.0,20.0,50.0,2.0
2026-08-31 23:13:34.335407,s5,1:,97977,316,145737792,38757,167,Night,andm_inspired_rural,winnie,133.643,0.0,7.693492,8.0,1,20.0,20.0,50.0,2.0
2026-08-31 23:13:34.335407,s5,2:,310,96176,37972,142845306,167,Night,andm_inspired_rural,winnie,133.643,0.0,7.693492,8.0,1,20.0,20.0,50.0,2.0
2026-08-31 23:13:34.335407,s5,LOCAL:,0,0,0,0,167,Night,andm_inspired_rural,winnie,133.643,0.0,7.693492,8.0,1,20.0,20.0,50.0,2.0
2026-08-31 23:13:35.335102,s1,1:,534,174418,56640,258979996,168,Night,andm_inspired_rural,matatiele,123.14,0.0,7.966017,8.0,1,20.0,20.0,50.0,2.0
2026-08-31 23:13:35.335102,s1,2:,124305,335,184727929,42561,168,Night,andm_inspired_rural,matatiele,123.14,0.0,7.966017,8.0,1,20.0,20.0,50.0,2.0
2026-08-31 23:13:35.335102,s1,3:,34392,316,50787236,35580,168,Night,andm_inspired_rural,matatiele,123.14,0.0,7.966017,8.0,1,20.0,20.0,50.0,2.0
2026-08-31 23:13:35.335102,s1,4:,325,305,37088,34865,168,Night,andm_inspired_rural,matatiele,123.14,0.0,7.966017,8.0,1,20.0,20.0,50.0,2.0
2026-08-31 23:13:35.335102,s1,5:,96176,310,142845306,37972,168,Night,andm_inspired_rural,matatiele,123.14,0.0,7.966017,8.0,1,20.0,20.0,50.0,2.0
2026-08-31 23:13:35.335102,s1,LOCAL:,0,0,0,0,168,Night,andm_inspired_rural,matatiele,123.14,0.0,7.966017,8.0,1,20.0,20.0,50.0,2.0
2026-08-31 23:13:35.335102,s2,1:,126897,348,188804597,44275,168,Night,andm_inspired_rural,matatiele,123.14,0.0,7.966017,8.0,1,20.0,20.0,50.0,2.0
2026-08-31 23:13:35.335102,s2,2:,335,124305,42561,184727929,168,Night,andm_inspired_rural,matatiele,123.14,0.0,7.966017,8.0,1,20.0,20.0,50.0,2.0
2026-08-31 23:13:35.335102,s2,LOCAL:,0,0,0,0,168,Night,andm_inspired_rural,matatiele,123.14,0.0,7.966017,8.0,1,20.0,20.0,50.0,2.0
2026-08-31 23:13:35.335102,s3,1:,35001,321,51906450,36308,168,Night,andm_inspired_rural,matatiele,123.14,0.0,7.966017,8.0,1,20.0,20.0,50.0,2.0
2026-08-31 23:13:35.335102,s3,2:,316,34392,35580,50787236,168,Night,andm_inspired_rural,matatiele,123.14,0.0,7.966017,8.0,1,20.0,20.0,50.0,2.0
2026-08-31 23:13:35.335102,s3,LOCAL:,0,0,0,0,168,Night,andm_inspired_rural,matatiele,123.14,0.0,7.966017,8.0,1,20.0,20.0,50.0,2.0
2026-08-31 23:13:35.335102,s4,1:,169,310,15130,35430,168,Night,andm_inspired_rural,matatiele,123.14,0.0,7.966017,8.0,1,20.0,20.0,50.0,2.0
2026-08-31 23:13:35.335102,s4,2:,305,325,34865,37088,168,Night,andm_inspired_rural,matatiele,123.14,0.0,7.966017,8.0,1,20.0,20.0,50.0,2.0
2026-08-31 23:13:35.335102,s4,LOCAL:,0,0,0,0,168,Night,andm_inspired_rural,matatiele,123.14,0.0,7.966017,8.0,1,20.0,20.0,50.0,2.0
2026-08-31 23:13:35.335102,s5,1:,97977,316,145737792,38757,168,Night,andm_inspired_rural,matatiele,123.14,0.0,7.966017,8.0,1,20.0,20.0,50.0,2.0
2026-08-31 23:13:35.335102,s5,2:,310,96176,37972,142845306,168,Night,andm_inspired_rural,matatiele,123.14,0.0,7.966017,8.0,1,20.0,20.0,50.0,2.0
2026-08-31 23:13:35.335102,s5,LOCAL:,0,0,0,0,168,Night,andm_inspired_rural,matatiele,123.14,0.0,7.966017,8.0,1,20.0,20.0,50.0,2.0
2026-08-31 23:13:36.336548,s1,1:,534,174418,56640,258979996,169,Night,andm_inspired_rural,umzimvubu,157.048,0.0,8.686141,8.0,1,20.0,20.0,50.0,2.0
2026-08-31 23:13:36.336548,s1,2:,124305,335,184727929,42561,169,Night,andm_inspired_rural,umzimvubu,157.048,0.0,8.686141,8.0,1,20.0,20.0,50.0,2.0
2026-08-31 23:13:36.336548,s1,3:,34392,316,50787236,35580,169,Night,andm_inspired_rural,umzimvubu,157.048,0.0,8.686141,8.0,1,20.0,20.0,50.0,2.0
2026-08-31 23:13:36.336548,s1,4:,325,305,37088,34865,169,Night,andm_inspired_rural,umzimvubu,157.048,0.0,8.686141,8.0,1,20.0,20.0,50.0,2.0
2026-08-31 23:13:36.336548,s1,5:,96176,310,142845306,37972,169,Night,andm_inspired_rural,umzimvubu,157.048,0.0,8.686141,8.0,1,20.0,20.0,50.0,2.0
2026-08-31 23:13:36.336548,s1,LOCAL:,0,0,0,0,169,Night,andm_inspired_rural,umzimvubu,157.048,0.0,8.686141,8.0,1,20.0,20.0,50.0,2.0
2026-08-31 23:13:36.336548,s2,1:,126897,348,188804597,44275,169,Night,andm_inspired_rural,umzimvubu,157.048,0.0,8.686141,8.0,1,20.0,20.0,50.0,2.0
2026-08-31 23:13:36.336548,s2,2:,335,124305,42561,184727929,169,Night,andm_inspired_rural,umzimvubu,157.048,0.0,8.686141,8.0,1,20.0,20.0,50.0,2.0
2026-08-31 23:13:36.336548,s2,LOCAL:,0,0,0,0,169,Night,andm_inspired_rural,umzimvubu,157.048,0.0,8.686141,8.0,1,20.0,20.0,50.0,2.0
2026-08-31 23:13:36.336548,s3,1:,35001,321,51906450,36308,169,Night,andm_inspired_rural,umzimvubu,157.048,0.0,8.686141,8.0,1,20.0,20.0,50.0,2.0
2026-08-31 23:13:36.336548,s3,2:,316,34392,35580,50787236,169,Night,andm_inspired_rural,umzimvubu,157.048,0.0,8.686141,8.0,1,20.0,20.0,50.0,2.0
2026-08-31 23:13:36.336548,s3,LOCAL:,0,0,0,0,169,Night,andm_inspired_rural,umzimvubu,157.048,0.0,8.686141,8.0,1,20.0,20.0,50.0,2.0
2026-08-31 23:13:36.336548,s4,1:,169,310,15130,35430,169,Night,andm_inspired_rural,umzimvubu,157.048,0.0,8.686141,8.0,1,20.0,20.0,50.0,2.0
2026-08-31 23:13:36.336548,s4,2:,305,325,34865,37088,169,Night,andm_inspired_rural,umzimvubu,157.048,0.0,8.686141,8.0,1,20.0,20.0,50.0,2.0
2026-08-31 23:13:36.336548,s4,LOCAL:,0,0,0,0,169,Night,andm_inspired_rural,umzimvubu,157.048,0.0,8.686141,8.0,1,20.0,20.0,50.0,2.0
2026-08-31 23:13:36.336548,s5,1:,97977,316,145737792,38757,169,Night,andm_inspired_rural,umzimvubu,157.048,0.0,8.686141,8.0,1,20.0,20.0,50.0,2.0
2026-08-31 23:13:36.336548,s5,2:,310,96176,37972,142845306,169,Night,andm_inspired_rural,umzimvubu,157.048,0.0,8.686141,8.0,1,20.0,20.0,50.0,2.0
2026-08-31 23:13:36.336548,s5,LOCAL:,0,0,0,0,169,Night,andm_inspired_rural,umzimvubu,157.048,0.0,8.686141,8.0,1,20.0,20.0,50.0,2.0
2026-08-31 23:13:37.344010,s1,1:,534,174418,56640,258979996,170,Night,andm_inspired_rural,ntabankulu,119.84,0.0,8.123416,8.0,1,20.0,20.0,50.0,2.0
2026-08-31 23:13:37.344010,s1,2:,124305,335,184727929,42561,170,Night,andm_inspired_rural,ntabankulu,119.84,0.0,8.123416,8.0,1,20.0,20.0,50.0,2.0
2026-08-31 23:13:37.344010,s1,3:,34392,316,50787236,35580,170,Night,andm_inspired_rural,ntabankulu,119.84,0.0,8.123416,8.0,1,20.0,20.0,50.0,2.0
2026-08-31 23:13:37.344010,s1,4:,325,305,37088,34865,170,Night,andm_inspired_rural,ntabankulu,119.84,0.0,8.123416,8.0,1,20.0,20.0,50.0,2.0
2026-08-31 23:13:37.344010,s1,5:,96176,310,142845306,37972,170,Night,andm_inspired_rural,ntabankulu,119.84,0.0,8.123416,8.0,1,20.0,20.0,50.0,2.0
2026-08-31 23:13:37.344010,s1,LOCAL:,0,0,0,0,170,Night,andm_inspired_rural,ntabankulu,119.84,0.0,8.123416,8.0,1,20.0,20.0,50.0,2.0
2026-08-31 23:13:37.344010,s2,1:,126897,348,188804597,44275,170,Night,andm_inspired_rural,ntabankulu,119.84,0.0,8.123416,8.0,1,20.0,20.0,50.0,2.0
2026-08-31 23:13:37.344010,s2,2:,335,124305,42561,184727929,170,Night,andm_inspired_rural,ntabankulu,119.84,0.0,8.123416,8.0,1,20.0,20.0,50.0,2.0
2026-08-31 23:13:37.344010,s2,LOCAL:,0,0,0,0,170,Night,andm_inspired_rural,ntabankulu,119.84,0.0,8.123416,8.0,1,20.0,20.0,50.0,2.0
2026-08-31 23:13:37.344010,s3,1:,35001,321,51906450,36308,170,Night,andm_inspired_rural,ntabankulu,119.84,0.0,8.123416,8.0,1,20.0,20.0,50.0,2.0
2026-08-31 23:13:37.344010,s3,2:,316,34392,35580,50787236,170,Night,andm_inspired_rural,ntabankulu,119.84,0.0,8.123416,8.0,1,20.0,20.0,50.0,2.0
2026-08-31 23:13:37.344010,s3,LOCAL:,0,0,0,0,170,Night,andm_inspired_rural,ntabankulu,119.84,0.0,8.123416,8.0,1,20.0,20.0,50.0,2.0
2026-08-31 23:13:37.344010,s4,1:,169,310,15130,35430,170,Night,andm_inspired_rural,ntabankulu,119.84,0.0,8.123416,8.0,1,20.0,20.0,50.0,2.0
2026-08-31 23:13:37.344010,s4,2:,305,325,34865,37088,170,Night,andm_inspired_rural,ntabankulu,119.84,0.0,8.123416,8.0,1,20.0,20.0,50.0,2.0
2026-08-31 23:13:37.344010,s4,LOCAL:,0,0,0,0,170,Night,andm_inspired_rural,ntabankulu,119.84,0.0,8.123416,8.0,1,20.0,20.0,50.0,2.0
2026-08-31 23:13:37.344010,s5,1:,97977,316,145737792,38757,170,Night,andm_inspired_rural,ntabankulu,119.84,0.0,8.123416,8.0,1,20.0,20.0,50.0,2.0
2026-08-31 23:13:37.344010,s5,2:,310,96176,37972,142845306,170,Night,andm_inspired_rural,ntabankulu,119.84,0.0,8.123416,8.0,1,20.0,20.0,50.0,2.0
2026-08-31 23:13:37.344010,s5,LOCAL:,0,0,0,0,170,Night,andm_inspired_rural,ntabankulu,119.84,0.0,8.123416,8.0,1,20.0,20.0,50.0,2.0
2026-08-31 23:13:38.581130,s1,1:,548,177825,58012,264034236,171,Night,andm_inspired_rural,winnie,150.04,0.0,6.868102,8.0,1,20.0,20.0,50.0,2.0
2026-08-31 23:13:38.581130,s1,2:,124310,340,184728501,43133,171,Night,andm_inspired_rural,winnie,150.04,0.0,6.868102,8.0,1,20.0,20.0,50.0,2.0
2026-08-31 23:13:38.581130,s1,3:,37788,321,55840398,36152,171,Night,andm_inspired_rural,winnie,150.04,0.0,6.868102,8.0,1,20.0,20.0,50.0,2.0
2026-08-31 23:13:38.581130,s1,4:,331,311,37758,35535,171,Night,andm_inspired_rural,winnie,150.04,0.0,6.868102,8.0,1,20.0,20.0,50.0,2.0
2026-08-31 23:13:38.581130,s1,5:,96183,315,142846046,38544,171,Night,andm_inspired_rural,winnie,150.04,0.0,6.868102,8.0,1,20.0,20.0,50.0,2.0
2026-08-31 23:13:38.581130,s1,LOCAL:,0,0,0,0,171,Night,andm_inspired_rural,winnie,150.04,0.0,6.868102,8.0,1,20.0,20.0,50.0,2.0
2026-08-31 23:13:38.581130,s2,1:,126900,353,188804891,44847,171,Night,andm_inspired_rural,winnie,150.04,0.0,6.868102,8.0,1,20.0,20.0,50.0,2.0
2026-08-31 23:13:38.581130,s2,2:,340,124310,43133,184728501,171,Night,andm_inspired_rural,winnie,150.04,0.0,6.868102,8.0,1,20.0,20.0,50.0,2.0
2026-08-31 23:13:38.581130,s2,LOCAL:,0,0,0,0,171,Night,andm_inspired_rural,winnie,150.04,0.0,6.868102,8.0,1,20.0,20.0,50.0,2.0
2026-08-31 23:13:38.581130,s3,1:,38459,326,57054694,36880,171,Night,andm_inspired_rural,winnie,150.04,0.0,6.868102,8.0,1,20.0,20.0,50.0,2.0
2026-08-31 23:13:38.581130,s3,2:,321,37788,36152,55840398,171,Night,andm_inspired_rural,winnie,150.04,0.0,6.868102,8.0,1,20.0,20.0,50.0,2.0
2026-08-31 23:13:38.581130,s3,LOCAL:,0,0,0,0,171,Night,andm_inspired_rural,winnie,150.04,0.0,6.868102,8.0,1,20.0,20.0,50.0,2.0
2026-08-31 23:13:38.581130,s4,1:,173,316,15522,36100,171,Night,andm_inspired_rural,winnie,150.04,0.0,6.868102,8.0,1,20.0,20.0,50.0,2.0
2026-08-31 23:13:38.581130,s4,2:,311,331,35535,37758,171,Night,andm_inspired_rural,winnie,150.04,0.0,6.868102,8.0,1,20.0,20.0,50.0,2.0
2026-08-31 23:13:38.581130,s4,LOCAL:,0,0,0,0,171,Night,andm_inspired_rural,winnie,150.04,0.0,6.868102,8.0,1,20.0,20.0,50.0,2.0
2026-08-31 23:13:38.581130,s5,1:,97982,321,145738282,39329,171,Night,andm_inspired_rural,winnie,150.04,0.0,6.868102,8.0,1,20.0,20.0,50.0,2.0
2026-08-31 23:13:38.581130,s5,2:,315,96183,38544,142846046,171,Night,andm_inspired_rural,winnie,150.04,0.0,6.868102,8.0,1,20.0,20.0,50.0,2.0
2026-08-31 23:13:38.581130,s5,LOCAL:,0,0,0,0,171,Night,andm_inspired_rural,winnie,150.04,0.0,6.868102,8.0,1,20.0,20.0,50.0,2.0
2026-08-31 23:13:39.345097,s1,1:,548,177825,58012,264034236,172,Night,andm_inspired_rural,matatiele,121.41,0.0,9.843102,8.0,1,20.0,20.0,50.0,2.0
2026-08-31 23:13:39.345097,s1,2:,124310,340,184728501,43133,172,Night,andm_inspired_rural,matatiele,121.41,0.0,9.843102,8.0,1,20.0,20.0,50.0,2.0
2026-08-31 23:13:39.345097,s1,3:,37788,321,55840398,36152,172,Night,andm_inspired_rural,matatiele,121.41,0.0,9.843102,8.0,1,20.0,20.0,50.0,2.0
2026-08-31 23:13:39.345097,s1,4:,331,311,37758,35535,172,Night,andm_inspired_rural,matatiele,121.41,0.0,9.843102,8.0,1,20.0,20.0,50.0,2.0
2026-08-31 23:13:39.345097,s1,5:,96183,315,142846046,38544,172,Night,andm_inspired_rural,matatiele,121.41,0.0,9.843102,8.0,1,20.0,20.0,50.0,2.0
2026-08-31 23:13:39.345097,s1,LOCAL:,0,0,0,0,172,Night,andm_inspired_rural,matatiele,121.41,0.0,9.843102,8.0,1,20.0,20.0,50.0,2.0
2026-08-31 23:13:39.345097,s2,1:,126900,353,188804891,44847,172,Night,andm_inspired_rural,matatiele,121.41,0.0,9.843102,8.0,1,20.0,20.0,50.0,2.0
2026-08-31 23:13:39.345097,s2,2:,340,124310,43133,184728501,172,Night,andm_inspired_rural,matatiele,121.41,0.0,9.843102,8.0,1,20.0,20.0,50.0,2.0
2026-08-31 23:13:39.345097,s2,LOCAL:,0,0,0,0,172,Night,andm_inspired_rural,matatiele,121.41,0.0,9.843102,8.0,1,20.0,20.0,50.0,2.0
2026-08-31 23:13:39.345097,s3,1:,38459,326,57054694,36880,172,Night,andm_inspired_rural,matatiele,121.41,0.0,9.843102,8.0,1,20.0,20.0,50.0,2.0
2026-08-31 23:13:39.345097,s3,2:,321,37788,36152,55840398,172,Night,andm_inspired_rural,matatiele,121.41,0.0,9.843102,8.0,1,20.0,20.0,50.0,2.0
2026-08-31 23:13:39.345097,s3,LOCAL:,0,0,0,0,172,Night,andm_inspired_rural,matatiele,121.41,0.0,9.843102,8.0,1,20.0,20.0,50.0,2.0
2026-08-31 23:13:39.345097,s4,1:,173,316,15522,36100,172,Night,andm_inspired_rural,matatiele,121.41,0.0,9.843102,8.0,1,20.0,20.0,50.0,2.0
2026-08-31 23:13:39.345097,s4,2:,311,331,35535,37758,172,Night,andm_inspired_rural,matatiele,121.41,0.0,9.843102,8.0,1,20.0,20.0,50.0,2.0
2026-08-31 23:13:39.345097,s4,LOCAL:,0,0,0,0,172,Night,andm_inspired_rural,matatiele,121.41,0.0,9.843102,8.0,1,20.0,20.0,50.0,2.0
2026-08-31 23:13:39.345097,s5,1:,97982,321,145738282,39329,172,Night,andm_inspired_rural,matatiele,121.41,0.0,9.843102,8.0,1,20.0,20.0,50.0,2.0
2026-08-31 23:13:39.345097,s5,2:,315,96183,38544,142846046,172,Night,andm_inspired_rural,matatiele,121.41,0.0,9.843102,8.0,1,20.0,20.0,50.0,2.0
2026-08-31 23:13:39.345097,s5,LOCAL:,0,0,0,0,172,Night,andm_inspired_rural,matatiele,121.41,0.0,9.843102,8.0,1,20.0,20.0,50.0,2.0
2026-08-31 23:13:40.350157,s1,1:,548,177825,58012,264034236,173,Night,andm_inspired_rural,umzimvubu,120.853,0.0,8.197113,8.0,1,20.0,20.0,50.0,2.0
2026-08-31 23:13:40.350157,s1,2:,124310,340,184728501,43133,173,Night,andm_inspired_rural,umzimvubu,120.853,0.0,8.197113,8.0,1,20.0,20.0,50.0,2.0
2026-08-31 23:13:40.350157,s1,3:,37788,321,55840398,36152,173,Night,andm_inspired_rural,umzimvubu,120.853,0.0,8.197113,8.0,1,20.0,20.0,50.0,2.0
2026-08-31 23:13:40.350157,s1,4:,331,311,37758,35535,173,Night,andm_inspired_rural,umzimvubu,120.853,0.0,8.197113,8.0,1,20.0,20.0,50.0,2.0
2026-08-31 23:13:40.350157,s1,5:,96183,315,142846046,38544,173,Night,andm_inspired_rural,umzimvubu,120.853,0.0,8.197113,8.0,1,20.0,20.0,50.0,2.0
2026-08-31 23:13:40.350157,s1,LOCAL:,0,0,0,0,173,Night,andm_inspired_rural,umzimvubu,120.853,0.0,8.197113,8.0,1,20.0,20.0,50.0,2.0
2026-08-31 23:13:40.350157,s2,1:,126900,353,188804891,44847,173,Night,andm_inspired_rural,umzimvubu,120.853,0.0,8.197113,8.0,1,20.0,20.0,50.0,2.0
2026-08-31 23:13:40.350157,s2,2:,340,124310,43133,184728501,173,Night,andm_inspired_rural,umzimvubu,120.853,0.0,8.197113,8.0,1,20.0,20.0,50.0,2.0
2026-08-31 23:13:40.350157,s2,LOCAL:,0,0,0,0,173,Night,andm_inspired_rural,umzimvubu,120.853,0.0,8.197113,8.0,1,20.0,20.0,50.0,2.0
2026-08-31 23:13:40.350157,s3,1:,38459,326,57054694,36880,173,Night,andm_inspired_rural,umzimvubu,120.853,0.0,8.197113,8.0,1,20.0,20.0,50.0,2.0
2026-08-31 23:13:40.350157,s3,2:,321,37788,36152,55840398,173,Night,andm_inspired_rural,umzimvubu,120.853,0.0,8.197113,8.0,1,20.0,20.0,50.0,2.0
2026-08-31 23:13:40.350157,s3,LOCAL:,0,0,0,0,173,Night,andm_inspired_rural,umzimvubu,120.853,0.0,8.197113,8.0,1,20.0,20.0,50.0,2.0
2026-08-31 23:13:40.350157,s4,1:,173,316,15522,36100,173,Night,andm_inspired_rural,umzimvubu,120.853,0.0,8.197113,8.0,1,20.0,20.0,50.0,2.0
2026-08-31 23:13:40.350157,s4,2:,311,331,35535,37758,173,Night,andm_inspired_rural,umzimvubu,120.853,0.0,8.197113,8.0,1,20.0,20.0,50.0,2.0
2026-08-31 23:13:40.350157,s4,LOCAL:,0,0,0,0,173,Night,andm_inspired_rural,umzimvubu,120.853,0.0,8.197113,8.0,1,20.0,20.0,50.0,2.0
2026-08-31 23:13:40.350157,s5,1:,97982,321,145738282,39329,173,Night,andm_inspired_rural,umzimvubu,120.853,0.0,8.197113,8.0,1,20.0,20.0,50.0,2.0
2026-08-31 23:13:40.350157,s5,2:,315,96183,38544,142846046,173,Night,andm_inspired_rural,umzimvubu,120.853,0.0,8.197113,8.0,1,20.0,20.0,50.0,2.0
2026-08-31 23:13:40.350157,s5,LOCAL:,0,0,0,0,173,Night,andm_inspired_rural,umzimvubu,120.853,0.0,8.197113,8.0,1,20.0,20.0,50.0,2.0
2026-08-31 23:13:41.336816,s1,1:,548,177825,58012,264034236,174,Night,andm_inspired_rural,ntabankulu,138.768,0.0,8.051271,8.0,1,20.0,20.0,50.0,2.0
2026-08-31 23:13:41.336816,s1,2:,124310,340,184728501,43133,174,Night,andm_inspired_rural,ntabankulu,138.768,0.0,8.051271,8.0,1,20.0,20.0,50.0,2.0
2026-08-31 23:13:41.336816,s1,3:,37788,321,55840398,36152,174,Night,andm_inspired_rural,ntabankulu,138.768,0.0,8.051271,8.0,1,20.0,20.0,50.0,2.0
2026-08-31 23:13:41.336816,s1,4:,331,311,37758,35535,174,Night,andm_inspired_rural,ntabankulu,138.768,0.0,8.051271,8.0,1,20.0,20.0,50.0,2.0
2026-08-31 23:13:41.336816,s1,5:,96183,315,142846046,38544,174,Night,andm_inspired_rural,ntabankulu,138.768,0.0,8.051271,8.0,1,20.0,20.0,50.0,2.0
2026-08-31 23:13:41.336816,s1,LOCAL:,0,0,0,0,174,Night,andm_inspired_rural,ntabankulu,138.768,0.0,8.051271,8.0,1,20.0,20.0,50.0,2.0
2026-08-31 23:13:41.336816,s2,1:,126900,353,188804891,44847,174,Night,andm_inspired_rural,ntabankulu,138.768,0.0,8.051271,8.0,1,20.0,20.0,50.0,2.0
2026-08-31 23:13:41.336816,s2,2:,340,124310,43133,184728501,174,Night,andm_inspired_rural,ntabankulu,138.768,0.0,8.051271,8.0,1,20.0,20.0,50.0,2.0
2026-08-31 23:13:41.336816,s2,LOCAL:,0,0,0,0,174,Night,andm_inspired_rural,ntabankulu,138.768,0.0,8.051271,8.0,1,20.0,20.0,50.0,2.0
2026-08-31 23:13:41.336816,s3,1:,38459,326,57054694,36880,174,Night,andm_inspired_rural,ntabankulu,138.768,0.0,8.051271,8.0,1,20.0,20.0,50.0,2.0
2026-08-31 23:13:41.336816,s3,2:,321,37788,36152,55840398,174,Night,andm_inspired_rural,ntabankulu,138.768,0.0,8.051271,8.0,1,20.0,20.0,50.0,2.0
2026-08-31 23:13:41.336816,s3,LOCAL:,0,0,0,0,174,Night,andm_inspired_rural,ntabankulu,138.768,0.0,8.051271,8.0,1,20.0,20.0,50.0,2.0
2026-08-31 23:13:41.336816,s4,1:,173,316,15522,36100,174,Night,andm_inspired_rural,ntabankulu,138.768,0.0,8.051271,8.0,1,20.0,20.0,50.0,2.0
2026-08-31 23:13:41.336816,s4,2:,311,331,35535,37758,174,Night,andm_inspired_rural,ntabankulu,138.768,0.0,8.051271,8.0,1,20.0,20.0,50.0,2.0
2026-08-31 23:13:41.336816,s4,LOCAL:,0,0,0,0,174,Night,andm_inspired_rural,ntabankulu,138.768,0.0,8.051271,8.0,1,20.0,20.0,50.0,2.0
2026-08-31 23:13:41.336816,s5,1:,97982,321,145738282,39329,174,Night,andm_inspired_rural,ntabankulu,138.768,0.0,8.051271,8.0,1,20.0,20.0,50.0,2.0
2026-08-31 23:13:41.336816,s5,2:,315,96183,38544,142846046,174,Night,andm_inspired_rural,ntabankulu,138.768,0.0,8.051271,8.0,1,20.0,20.0,50.0,2.0
2026-08-31 23:13:41.336816,s5,LOCAL:,0,0,0,0,174,Night,andm_inspired_rural,ntabankulu,138.768,0.0,8.051271,8.0,1,20.0,20.0,50.0,2.0
2026-08-31 23:13:42.333734,s1,1:,548,177825,58012,264034236,175,Night,andm_inspired_rural,winnie,116.866,0.0,7.967169,8.0,1,20.0,20.0,50.0,2.0
2026-08-31 23:13:42.333734,s1,2:,124310,340,184728501,43133,175,Night,andm_inspired_rural,winnie,116.866,0.0,7.967169,8.0,1,20.0,20.0,50.0,2.0
2026-08-31 23:13:42.333734,s1,3:,37788,321,55840398,36152,175,Night,andm_inspired_rural,winnie,116.866,0.0,7.967169,8.0,1,20.0,20.0,50.0,2.0
2026-08-31 23:13:42.333734,s1,4:,331,311,37758,35535,175,Night,andm_inspired_rural,winnie,116.866,0.0,7.967169,8.0,1,20.0,20.0,50.0,2.0
2026-08-31 23:13:42.333734,s1,5:,96183,315,142846046,38544,175,Night,andm_inspired_rural,winnie,116.866,0.0,7.967169,8.0,1,20.0,20.0,50.0,2.0
2026-08-31 23:13:42.333734,s1,LOCAL:,0,0,0,0,175,Night,andm_inspired_rural,winnie,116.866,0.0,7.967169,8.0,1,20.0,20.0,50.0,2.0
2026-08-31 23:13:42.333734,s2,1:,126900,353,188804891,44847,175,Night,andm_inspired_rural,winnie,116.866,0.0,7.967169,8.0,1,20.0,20.0,50.0,2.0
2026-08-31 23:13:42.333734,s2,2:,340,124310,43133,184728501,175,Night,andm_inspired_rural,winnie,116.866,0.0,7.967169,8.0,1,20.0,20.0,50.0,2.0
2026-08-31 23:13:42.333734,s2,LOCAL:,0,0,0,0,175,Night,andm_inspired_rural,winnie,116.866,0.0,7.967169,8.0,1,20.0,20.0,50.0,2.0
2026-08-31 23:13:42.333734,s3,1:,38459,326,57054694,36880,175,Night,andm_inspired_rural,winnie,116.866,0.0,7.967169,8.0,1,20.0,20.0,50.0,2.0
2026-08-31 23:13:42.333734,s3,2:,321,37788,36152,55840398,175,Night,andm_inspired_rural,winnie,116.866,0.0,7.967169,8.0,1,20.0,20.0,50.0,2.0
2026-08-31 23:13:42.333734,s3,LOCAL:,0,0,0,0,175,Night,andm_inspired_rural,winnie,116.866,0.0,7.967169,8.0,1,20.0,20.0,50.0,2.0
2026-08-31 23:13:42.333734,s4,1:,173,316,15522,36100,175,Night,andm_inspired_rural,winnie,116.866,0.0,7.967169,8.0,1,20.0,20.0,50.0,2.0
2026-08-31 23:13:42.333734,s4,2:,311,331,35535,37758,175,Night,andm_inspired_rural,winnie,116.866,0.0,7.967169,8.0,1,20.0,20.0,50.0,2.0
2026-08-31 23:13:42.333734,s4,LOCAL:,0,0,0,0,175,Night,andm_inspired_rural,winnie,116.866,0.0,7.967169,8.0,1,20.0,20.0,50.0,2.0
2026-08-31 23:13:42.333734,s5,1:,97982,321,145738282,39329,175,Night,andm_inspired_rural,winnie,116.866,0.0,7.967169,8.0,1,20.0,20.0,50.0,2.0
2026-08-31 23:13:42.333734,s5,2:,315,96183,38544,142846046,175,Night,andm_inspired_rural,winnie,116.866,0.0,7.967169,8.0,1,20.0,20.0,50.0,2.0
2026-08-31 23:13:42.333734,s5,LOCAL:,0,0,0,0,175,Night,andm_inspired_rural,winnie,116.866,0.0,7.967169,8.0,1,20.0,20.0,50.0,2.0
2026-08-31 23:13:43.349279,s1,1:,564,181239,59580,269093420,176,Night,andm_inspired_rural,matatiele,109.274,0.0,7.996621,8.0,1,20.0,20.0,50.0,2.0
2026-08-31 23:13:43.349279,s1,2:,124319,349,184729547,44179,176,Night,andm_inspired_rural,matatiele,109.274,0.0,7.996621,8.0,1,20.0,20.0,50.0,2.0
2026-08-31 23:13:43.349279,s1,3:,41190,327,60899798,36863,176,Night,andm_inspired_rural,matatiele,109.274,0.0,7.996621,8.0,1,20.0,20.0,50.0,2.0
2026-08-31 23:13:43.349279,s1,4:,338,318,38608,36385,176,Night,andm_inspired_rural,matatiele,109.274,0.0,7.996621,8.0,1,20.0,20.0,50.0,2.0
2026-08-31 23:13:43.349279,s1,5:,96192,325,142847092,39688,176,Night,andm_inspired_rural,matatiele,109.274,0.0,7.996621,8.0,1,20.0,20.0,50.0,2.0
2026-08-31 23:13:43.349279,s1,LOCAL:,0,0,0,0,176,Night,andm_inspired_rural,matatiele,109.274,0.0,7.996621,8.0,1,20.0,20.0,50.0,2.0
2026-08-31 23:13:43.349279,s2,1:,126905,361,188805381,45795,176,Night,andm_inspired_rural,matatiele,109.274,0.0,7.996621,8.0,1,20.0,20.0,50.0,2.0
2026-08-31 23:13:43.349279,s2,2:,349,124319,44179,184729547,176,Night,andm_inspired_rural,matatiele,109.274,0.0,7.996621,8.0,1,20.0,20.0,50.0,2.0
2026-08-31 23:13:43.349279,s2,LOCAL:,0,0,0,0,176,Night,andm_inspired_rural,matatiele,109.274,0.0,7.996621,8.0,1,20.0,20.0,50.0,2.0
2026-08-31 23:13:43.349279,s3,1:,41918,333,62204428,37730,176,Night,andm_inspired_rural,matatiele,109.274,0.0,7.996621,8.0,1,20.0,20.0,50.0,2.0
2026-08-31 23:13:43.349279,s3,2:,327,41190,36863,60899798,176,Night,andm_inspired_rural,matatiele,109.274,0.0,7.996621,8.0,1,20.0,20.0,50.0,2.0
2026-08-31 23:13:43.349279,s3,LOCAL:,0,0,0,0,176,Night,andm_inspired_rural,matatiele,109.274,0.0,7.996621,8.0,1,20.0,20.0,50.0,2.0
2026-08-31 23:13:43.349279,s4,1:,176,323,15816,36950,176,Night,andm_inspired_rural,matatiele,109.274,0.0,7.996621,8.0,1,20.0,20.0,50.0,2.0
2026-08-31 23:13:43.349279,s4,2:,318,338,36385,38608,176,Night,andm_inspired_rural,matatiele,109.274,0.0,7.996621,8.0,1,20.0,20.0,50.0,2.0
2026-08-31 23:13:43.349279,s4,LOCAL:,0,0,0,0,176,Night,andm_inspired_rural,matatiele,109.274,0.0,7.996621,8.0,1,20.0,20.0,50.0,2.0
2026-08-31 23:13:43.349279,s5,1:,97986,331,145738674,40473,176,Night,andm_inspired_rural,matatiele,109.274,0.0,7.996621,8.0,1,20.0,20.0,50.0,2.0
2026-08-31 23:13:43.349279,s5,2:,325,96192,39688,142847092,176,Night,andm_inspired_rural,matatiele,109.274,0.0,7.996621,8.0,1,20.0,20.0,50.0,2.0
2026-08-31 23:13:43.349279,s5,LOCAL:,0,0,0,0,176,Night,andm_inspired_rural,matatiele,109.274,0.0,7.996621,8.0,1,20.0,20.0,50.0,2.0
2026-08-31 23:13:44.362507,s1,1:,564,181239,59580,269093420,177,Night,andm_inspired_rural,umzimvubu,132.288,0.0,8.161845,8.0,1,20.0,20.0,50.0,2.0
2026-08-31 23:13:44.362507,s1,2:,124319,349,184729547,44179,177,Night,andm_inspired_rural,umzimvubu,132.288,0.0,8.161845,8.0,1,20.0,20.0,50.0,2.0
2026-08-31 23:13:44.362507,s1,3:,41190,327,60899798,36863,177,Night,andm_inspired_rural,umzimvubu,132.288,0.0,8.161845,8.0,1,20.0,20.0,50.0,2.0
2026-08-31 23:13:44.362507,s1,4:,338,318,38608,36385,177,Night,andm_inspired_rural,umzimvubu,132.288,0.0,8.161845,8.0,1,20.0,20.0,50.0,2.0
2026-08-31 23:13:44.362507,s1,5:,96192,325,142847092,39688,177,Night,andm_inspired_rural,umzimvubu,132.288,0.0,8.161845,8.0,1,20.0,20.0,50.0,2.0
2026-08-31 23:13:44.362507,s1,LOCAL:,0,0,0,0,177,Night,andm_inspired_rural,umzimvubu,132.288,0.0,8.161845,8.0,1,20.0,20.0,50.0,2.0
2026-08-31 23:13:44.362507,s2,1:,126905,361,188805381,45795,177,Night,andm_inspired_rural,umzimvubu,132.288,0.0,8.161845,8.0,1,20.0,20.0,50.0,2.0
2026-08-31 23:13:44.362507,s2,2:,349,124319,44179,184729547,177,Night,andm_inspired_rural,umzimvubu,132.288,0.0,8.161845,8.0,1,20.0,20.0,50.0,2.0
2026-08-31 23:13:44.362507,s2,LOCAL:,0,0,0,0,177,Night,andm_inspired_rural,umzimvubu,132.288,0.0,8.161845,8.0,1,20.0,20.0,50.0,2.0
2026-08-31 23:13:44.362507,s3,1:,41918,333,62204428,37730,177,Night,andm_inspired_rural,umzimvubu,132.288,0.0,8.161845,8.0,1,20.0,20.0,50.0,2.0
2026-08-31 23:13:44.362507,s3,2:,327,41190,36863,60899798,177,Night,andm_inspired_rural,umzimvubu,132.288,0.0,8.161845,8.0,1,20.0,20.0,50.0,2.0
2026-08-31 23:13:44.362507,s3,LOCAL:,0,0,0,0,177,Night,andm_inspired_rural,umzimvubu,132.288,0.0,8.161845,8.0,1,20.0,20.0,50.0,2.0
2026-08-31 23:13:44.362507,s4,1:,176,323,15816,36950,177,Night,andm_inspired_rural,umzimvubu,132.288,0.0,8.161845,8.0,1,20.0,20.0,50.0,2.0
2026-08-31 23:13:44.362507,s4,2:,318,338,36385,38608,177,Night,andm_inspired_rural,umzimvubu,132.288,0.0,8.161845,8.0,1,20.0,20.0,50.0,2.0
2026-08-31 23:13:44.362507,s4,LOCAL:,0,0,0,0,177,Night,andm_inspired_rural,umzimvubu,132.288,0.0,8.161845,8.0,1,20.0,20.0,50.0,2.0
2026-08-31 23:13:44.362507,s5,1:,97986,331,145738674,40473,177,Night,andm_inspired_rural,umzimvubu,132.288,0.0,8.161845,8.0,1,20.0,20.0,50.0,2.0
2026-08-31 23:13:44.362507,s5,2:,325,96192,39688,142847092,177,Night,andm_inspired_rural,umzimvubu,132.288,0.0,8.161845,8.0,1,20.0,20.0,50.0,2.0
2026-08-31 23:13:44.362507,s5,LOCAL:,0,0,0,0,177,Night,andm_inspired_rural,umzimvubu,132.288,0.0,8.161845,8.0,1,20.0,20.0,50.0,2.0
2026-08-31 23:13:45.340309,s1,1:,564,181239,59580,269093420,178,Night,andm_inspired_rural,ntabankulu,109.249,33.3333,8.133351,8.0,1,20.0,20.0,50.0,2.0
2026-08-31 23:13:45.340309,s1,2:,124319,349,184729547,44179,178,Night,andm_inspired_rural,ntabankulu,109.249,33.3333,8.133351,8.0,1,20.0,20.0,50.0,2.0
2026-08-31 23:13:45.340309,s1,3:,41190,327,60899798,36863,178,Night,andm_inspired_rural,ntabankulu,109.249,33.3333,8.133351,8.0,1,20.0,20.0,50.0,2.0
2026-08-31 23:13:45.340309,s1,4:,338,318,38608,36385,178,Night,andm_inspired_rural,ntabankulu,109.249,33.3333,8.133351,8.0,1,20.0,20.0,50.0,2.0
2026-08-31 23:13:45.340309,s1,5:,96192,325,142847092,39688,178,Night,andm_inspired_rural,ntabankulu,109.249,33.3333,8.133351,8.0,1,20.0,20.0,50.0,2.0
2026-08-31 23:13:45.340309,s1,LOCAL:,0,0,0,0,178,Night,andm_inspired_rural,ntabankulu,109.249,33.3333,8.133351,8.0,1,20.0,20.0,50.0,2.0
2026-08-31 23:13:45.340309,s2,1:,126905,361,188805381,45795,178,Night,andm_inspired_rural,ntabankulu,109.249,33.3333,8.133351,8.0,1,20.0,20.0,50.0,2.0
2026-08-31 23:13:45.340309,s2,2:,349,124319,44179,184729547,178,Night,andm_inspired_rural,ntabankulu,109.249,33.3333,8.133351,8.0,1,20.0,20.0,50.0,2.0
2026-08-31 23:13:45.340309,s2,LOCAL:,0,0,0,0,178,Night,andm_inspired_rural,ntabankulu,109.249,33.3333,8.133351,8.0,1,20.0,20.0,50.0,2.0
2026-08-31 23:13:45.340309,s3,1:,41918,333,62204428,37730,178,Night,andm_inspired_rural,ntabankulu,109.249,33.3333,8.133351,8.0,1,20.0,20.0,50.0,2.0
2026-08-31 23:13:45.340309,s3,2:,327,41190,36863,60899798,178,Night,andm_inspired_rural,ntabankulu,109.249,33.3333,8.133351,8.0,1,20.0,20.0,50.0,2.0
2026-08-31 23:13:45.340309,s3,LOCAL:,0,0,0,0,178,Night,andm_inspired_rural,ntabankulu,109.249,33.3333,8.133351,8.0,1,20.0,20.0,50.0,2.0
2026-08-31 23:13:45.340309,s4,1:,176,323,15816,36950,178,Night,andm_inspired_rural,ntabankulu,109.249,33.3333,8.133351,8.0,1,20.0,20.0,50.0,2.0
2026-08-31 23:13:45.340309,s4,2:,318,338,36385,38608,178,Night,andm_inspired_rural,ntabankulu,109.249,33.3333,8.133351,8.0,1,20.0,20.0,50.0,2.0
2026-08-31 23:13:45.340309,s4,LOCAL:,0,0,0,0,178,Night,andm_inspired_rural,ntabankulu,109.249,33.3333,8.133351,8.0,1,20.0,20.0,50.0,2.0
2026-08-31 23:13:45.340309,s5,1:,97986,331,145738674,40473,178,Night,andm_inspired_rural,ntabankulu,109.249,33.3333,8.133351,8.0,1,20.0,20.0,50.0,2.0
2026-08-31 23:13:45.340309,s5,2:,325,96192,39688,142847092,178,Night,andm_inspired_rural,ntabankulu,109.249,33.3333,8.133351,8.0,1,20.0,20.0,50.0,2.0
2026-08-31 23:13:45.340309,s5,LOCAL:,0,0,0,0,178,Night,andm_inspired_rural,ntabankulu,109.249,33.3333,8.133351,8.0,1,20.0,20.0,50.0,2.0
2026-08-31 23:13:46.356121,s1,1:,564,181239,59580,269093420,179,Night,andm_inspired_rural,winnie,118.456,0.0,8.042242,8.0,1,20.0,20.0,50.0,2.0
2026-08-31 23:13:46.356121,s1,2:,124319,349,184729547,44179,179,Night,andm_inspired_rural,winnie,118.456,0.0,8.042242,8.0,1,20.0,20.0,50.0,2.0
2026-08-31 23:13:46.356121,s1,3:,41190,327,60899798,36863,179,Night,andm_inspired_rural,winnie,118.456,0.0,8.042242,8.0,1,20.0,20.0,50.0,2.0
2026-08-31 23:13:46.356121,s1,4:,338,318,38608,36385,179,Night,andm_inspired_rural,winnie,118.456,0.0,8.042242,8.0,1,20.0,20.0,50.0,2.0
2026-08-31 23:13:46.356121,s1,5:,96192,325,142847092,39688,179,Night,andm_inspired_rural,winnie,118.456,0.0,8.042242,8.0,1,20.0,20.0,50.0,2.0
2026-08-31 23:13:46.356121,s1,LOCAL:,0,0,0,0,179,Night,andm_inspired_rural,winnie,118.456,0.0,8.042242,8.0,1,20.0,20.0,50.0,2.0
2026-08-31 23:13:46.356121,s2,1:,126905,361,188805381,45795,179,Night,andm_inspired_rural,winnie,118.456,0.0,8.042242,8.0,1,20.0,20.0,50.0,2.0
2026-08-31 23:13:46.356121,s2,2:,349,124319,44179,184729547,179,Night,andm_inspired_rural,winnie,118.456,0.0,8.042242,8.0,1,20.0,20.0,50.0,2.0
2026-08-31 23:13:46.356121,s2,LOCAL:,0,0,0,0,179,Night,andm_inspired_rural,winnie,118.456,0.0,8.042242,8.0,1,20.0,20.0,50.0,2.0
2026-08-31 23:13:46.356121,s3,1:,41918,333,62204428,37730,179,Night,andm_inspired_rural,winnie,118.456,0.0,8.042242,8.0,1,20.0,20.0,50.0,2.0
2026-08-31 23:13:46.356121,s3,2:,327,41190,36863,60899798,179,Night,andm_inspired_rural,winnie,118.456,0.0,8.042242,8.0,1,20.0,20.0,50.0,2.0
2026-08-31 23:13:46.356121,s3,LOCAL:,0,0,0,0,179,Night,andm_inspired_rural,winnie,118.456,0.0,8.042242,8.0,1,20.0,20.0,50.0,2.0
2026-08-31 23:13:46.356121,s4,1:,176,323,15816,36950,179,Night,andm_inspired_rural,winnie,118.456,0.0,8.042242,8.0,1,20.0,20.0,50.0,2.0
2026-08-31 23:13:46.356121,s4,2:,318,338,36385,38608,179,Night,andm_inspired_rural,winnie,118.456,0.0,8.042242,8.0,1,20.0,20.0,50.0,2.0
2026-08-31 23:13:46.356121,s4,LOCAL:,0,0,0,0,179,Night,andm_inspired_rural,winnie,118.456,0.0,8.042242,8.0,1,20.0,20.0,50.0,2.0
2026-08-31 23:13:46.356121,s5,1:,97986,331,145738674,40473,179,Night,andm_inspired_rural,winnie,118.456,0.0,8.042242,8.0,1,20.0,20.0,50.0,2.0
2026-08-31 23:13:46.356121,s5,2:,325,96192,39688,142847092,179,Night,andm_inspired_rural,winnie,118.456,0.0,8.042242,8.0,1,20.0,20.0,50.0,2.0
2026-08-31 23:13:46.356121,s5,LOCAL:,0,0,0,0,179,Night,andm_inspired_rural,winnie,118.456,0.0,8.042242,8.0,1,20.0,20.0,50.0,2.0
